Distance (nm),Atom Count,C atom%,Co atom%,W atom%,WC atom%,Cr atom%,Fe atom%,C3 atom%,CoH atom%,Ga atom%,Ti atom%,Ni atom%,OH atom%,P atom%,Al atom%,N atom%,Mn atom%,CrH atom%,Zr atom%,WO atom%,Ta atom%,Noise reference atom%,H atom%,O atom%,C atom% Sigma,Co atom% Sigma,W atom% Sigma,WC atom% Sigma,Cr atom% Sigma,Fe atom% Sigma,C3 atom% Sigma,CoH atom% Sigma,Ga atom% Sigma,Ti atom% Sigma,Ni atom% Sigma,OH atom% Sigma,P atom% Sigma,Al atom% Sigma,N atom% Sigma,Mn atom% Sigma,CrH atom% Sigma,Zr atom% Sigma,WO atom% Sigma,Ta atom% Sigma,Noise reference atom% Sigma,H atom% Sigma,O atom% Sigma
-10.05000039935112,3294,1.0321797207043109,88.7370977534912,1.426836672738312,0,8.136004857316333,0.12143290831815423,0,0,0.060716454159077116,0,0.030358227079538558,0,0,0.060716454159077116,0,0,0,0,0,0,0,0.273224043715847,0.12143290831815423,0.1761014233956634,0.5508279515336811,0.20663537895777911,0,0.47633935757418033,0.060679578082696944,0,0,0.04291998078385354,0,0.030353618619993288,0,0,0.04291998078385354,0,0,0,0,0,0,0,0.09095017717324494,0.060679578082696944
-9.750000387430191,10263,0.8379616096657898,88.87264932281009,1.5979733021533664,0,7.882685374646789,0.18513105329825588,0,0,0.029231218941829874,0,0.1169248757673195,0,0.009743739647276624,0.0389749585891065,0,0,0,0.009743739647276624,0,0,0,0.3020559290655754,0.1169248757673195,0.08998033785855959,0.31041506233630023,0.12377975443505966,0,0.2659932197266765,0.04243264383330864,0,0,0.01687418531895751,0,0.03373356547350966,0,0.009743264933401054,0.019483681305958508,0,0,0,0.009743264933401054,0,0,0,0.05416885045458024,0.03373356547350966
-9.450000375509262,10630,0.8372530573847601,88.77704609595484,1.6839134524929447,0,7.66698024459078,0.20696142991533398,0,0,0.09407337723424271,0,0.0658513640639699,0,0,0.02822201317027281,0,0,0,0,0,0.00940733772342427,0,0.4609595484477893,0.16933207902163688,0.08837634028271543,0.3061521421702409,0.12479740147247084,0,0.2580620004677774,0.04407864129961806,0,0,0.0297346178691293,0,0.024881279736032852,0,0,0.016291687493119357,0,0,0,0,0,0.009406895223001937,0,0.06569941468019483,0.03987814759506893
-9.150000363588333,11203,0.9551013121485317,88.0478443274123,1.9905382486833885,0,8.087119521556726,0.20530215120949744,0,0,0.05355708292421673,0.01785236097473891,0.10711416584843346,0,0,0.05355708292421673,0.008926180487369454,0.008926180487369454,0,0.008926180487369454,0,0.008926180487369454,0,0.30349013657056145,0.14281888779791127,0.09189113354803097,0.30648929935951585,0.1319629749442051,0,0.2575834473495024,0.04276449184442204,0,0,0.02185873174424713,0.012622398656462952,0.030904631315559917,0,0,0.02185873174424713,0.008925782094988486,0.008925782094988486,0,0.008925782094988486,0,0.008925782094988486,0,0.051969088542036954,0.03567921629611156
-8.850000351667404,11964,0.9194249414911401,88.92510865931126,1.8806419257773321,0,7.606151788699432,0.13373453694416582,0,0,0.07522567703109327,0,0.07522567703109327,0,0,0.041792042795051824,0.033433634236041454,0,0,0,0,0.008358408559010364,0,0.25075225677031093,0.05015045135406219,0.08725979683453303,0.28690871280516755,0.12419159472496304,0,0.242362721044492,0.03341127059859863,0,0,0.025065792398494106,0,0.025065792398494106,0,0,0.018686063853462834,0.016714022364658722,0,0,0,0,0.00835805923674257,0,0.04572345479274497,0.02046870152687241
-8.550000339746475,12352,0.6881476683937824,88.7386658031088,1.8377590673575128,0,7.885362694300518,0.19430051813471502,0,0,0.08905440414507772,0.008095854922279794,0.11334196891191708,0,0.024287564766839378,0.04047927461139896,0,0,0,0,0,0,0,0.2914507772020725,0.08905440414507772,0.07438283399431907,0.28443479938289495,0.12085034032222974,0,0.24249708290560684,0.03962287726833708,0,0,0.026838954510991088,0.008095527201312094,0.030274743778511286,0,0.014020729099053454,0.01809921761368598,0,0,0,0,0,0,0,0.048504291585302,0.026838954510991088
-8.250000327825546,12987,1.0087010087010087,88.57318857318857,1.6786016786016786,0,7.892507892507893,0.231000231000231,0,0,0.061600061600061595,0.007700007700007699,0.09240009240009239,0,0.015400015400015399,0.015400015400015399,0.007700007700007699,0.023100023100023098,0,0,0,0,0,0.3311003311003311,0.061600061600061595,0.08768500254225889,0.27916389527725005,0.1127310181656728,0,0.23659228077867214,0.042125939135868776,0,0,0.02177220169493379,0.0076997112437079,0.026661283042455176,0,0.010888616798545702,0.010888616798545702,0.0076997112437079,0.01333526406364979,0,0,0,0,0,0.050408667691714606,0.02177220169493379
-7.950000315904617,13616,0.8152173913043478,88.7852526439483,1.7185663924794359,0,7.77027027027027,0.19829612220916568,0,0,0.03672150411280846,0,0.11750881316098707,0,0.007344300822561692,0.03672150411280846,0.03672150411280846,0,0,0.007344300822561692,0,0,0,0.35252643948296125,0.11750881316098707,0.07706096967689487,0.2704209867725459,0.11137664394163134,0,0.22941867073141406,0.03812425074761576,0,0,0.01641934034154565,0,0.029359937815179007,0,0.007344031123836869,0.01641934034154565,0.01641934034154565,0,0,0.007344031123836869,0,0,0,0.05079304182328216,0.029359937815179007
-7.650000303983688,14495,1.228009658502932,88.15453604691272,1.917902725077613,0,7.830286305622629,0.26215936529837874,0,0,0.14487754398068298,0.020696791997240428,0.08968609865470852,0,0,0.020696791997240428,0.013797861331493619,0,0,0,0,0,0,0.2276647119696447,0.08968609865470852,0.0914763197977885,0.26840417066482986,0.11391975705857915,0,0.22313815113090074,0.04247208282781306,0,0,0.03159196226423134,0.011948061806259038,0.02486329129799495,0,0,0.011948061806259038,0.009755888191750516,0,0,0,0,0,0,0.03958620041012446,0.02486329129799495
-7.350000292062759,15501,0.9870330946390556,88.34913876524095,1.819237468550416,0,7.909167150506419,0.264499064576479,0,0,0.0774143603638475,0.025804786787949164,0.10321914715179666,0,0.019353590090961874,0.05160957357589833,0.019353590090961874,0.006451196696987291,0,0,0,0.006451196696987291,0,0.2774014579704535,0.08386555706083479,0.07940210870650963,0.2576916325436665,0.1073440651903757,0,0.21676727553050862,0.04125314836879469,0,0,0.02233894909670098,0.01290072856901359,0.02579146560913645,0,0.01117271913071329,0.01824203058487996,0.01117271913071329,0.006450988603936998,0,0,0,0.006450988603936998,0,0.042244609979597586,0.023250364818446386
-7.0500002801418304,16524,0.9803921568627451,88.46526264826919,1.7247639796659404,0,8.03679496489954,0.22996853062212538,0,0,0.102880658436214,0.012103606874848705,0.08472524812394094,0,0.012103606874848705,0.012103606874848705,0.0060518034374243525,0,0,0.0060518034374243525,0,0.0060518034374243525,0,0.27233115468409586,0.04841442749939482,0.07664836971249568,0.24850357874529164,0.10128130567637382,0,0.21149051779636674,0.03726290133757604,0,0,0.0249393859883806,0.008558024536179057,0.0226341805049733,0,0.008558024536179057,0.008558024536179057,0.006051620313029502,0,0,0.006051620313029502,0,0.006051620313029502,0,0.04054141515698945,0.017112940925047775
-6.7500002682209015,17523,0.9187924442161731,88.82040746447527,1.689208468869486,0,7.590024539177081,0.25109855618330196,0,0,0.1312560634594533,0.005706785367802317,0.10842892198824401,0,0.01712035610340695,0.0342407122068139,0.01712035610340695,0.005706785367802317,0,0,0,0.005706785367802317,0,0.33670033670033667,0.0684814244136278,0.07207756767085131,0.23804832920232033,0.09735045618069672,0,0.20006761132649337,0.037806975685124096,0,0,0.027350813673508965,0.00570662252848289,0.02486181104285878,0,0.009883596042854055,0.013976318812487988,0.009883596042854055,0.00570662252848289,0,0,0,0.00570662252848289,0,0.043760792232155864,0.019762114243756186
-6.4500002562999725,18354,0.9425738258690204,88.34041625803638,1.8960444589735208,0,7.9546692819004035,0.1961425302386401,0,0,0.12531328320802004,0.016345210853220007,0.14710689767898005,0,0.005448403617740002,0.016345210853220007,0.016345210853220007,0,0,0.005448403617740002,0,0,0,0.2833169881224801,0.05448403617740002,0.07132402505887275,0.23689499210984213,0.10067048335627699,0,0.19973150835060163,0.032658346060083436,0,0,0.026113248743413024,0.009436140612977019,0.028289904471887315,0,0.005448255190208333,0.009436140612977019,0.009436140612977019,0,0,0.005448255190208333,0,0,0,0.03923330154775677,0.017224670777724396
-6.150000244379044,19624,1.0955972278842234,88.5701182225846,1.8039135752140236,0,7.852629433346922,0.147778230737872,0,0,0.10701182225845902,0.005095801059926621,0.08153281695882593,0,0,0.025479005299633102,0.005095801059926621,0.005095801059926621,0,0,0,0,0,0.254790052996331,0.04586220953933958,0.07430867324079549,0.22712801939443833,0.09500822087034079,0,0.19202388751225005,0.027421444585036123,0,0,0.02333939609537839,0.005095671222330321,0.02037489304497168,0,0,0.011393105867372135,0.005095671222330321,0.005095671222330321,0,0,0,0,0,0.035986821635951224,0.015283897207314935
-5.850000232458115,21079,1.0674130651359173,88.5193794772048,1.7410693106883628,0,7.837183927131268,0.21348261302718344,0,0,0.1091133355472271,0.018976232269082974,0.09488116134541487,0,0.0047440580672707434,0.023720290336353717,0.009488116134541487,0.0047440580672707434,0,0,0,0.009488116134541487,0,0.2609231936998909,0.08539304521087339,0.07078006186387387,0.21957195037500607,0.09008843553316749,0,0.1851112808283989,0.03179012136405067,0,0,0.022739287268509288,0.009487215848351535,0.02120600523859654,0,0.004743945535501356,0.010606778124498919,0.006708792967735683,0.004743945535501356,0,0,0,0.006708792967735683,0,0.03513694613884459,0.02011873827125963
-5.550000220537186,22589,1.0845986984815619,88.14024525211386,1.916862189561291,0,7.964053300278897,0.26118907432821287,0,0,0.10181946965337112,0.008853866926380096,0.07525786887423083,0,0.008853866926380096,0.030988534242330338,0.008853866926380096,0.013280800389570144,0,0.004426933463190048,0,0,0,0.2966045420337332,0.08411173580061092,0.06891567201051745,0.21511786486933235,0.09123135354664319,0,0.18013467412344425,0.03395948484877992,0,0,0.02122001574391427,0.006260352183336272,0.018245844671708804,0,0.006260352183336272,0.011710750097505818,0.006260352183336272,0.007667164498847635,0,0.004426835473406113,0,0,0,0.03618223335779948,0.019288438554688155
-5.250000208616257,24576,1.1311848958333335,88.64339192708334,1.7659505208333333,0,7.645670572916667,0.20345052083333334,0,0,0.1220703125,0.01220703125,0.0732421875,0,0.008138020833333332,0.03255208333333333,0.004069010416666666,0.004069010416666666,0,0.008138020833333332,0,0,0,0.27262369791666663,0.0732421875,0.06745914993975657,0.2023913293049108,0.08401652021476658,0,0.1695043395959227,0.028742965036672268,0,0,0.022273280928661435,0.007047302605594122,0.017257025964763674,0,0.005754215562765034,0.01150702608764197,0.004068927631595671,0.004068927631595671,0,0.005754215562765034,0,0,0,0.03326085429367026,0.017257025964763674
-4.950000196695328,26929,1.1214675628504585,88.60336440268856,1.6747744067733672,0,7.738868877418397,0.20052731256266476,0,0,0.1448252812952579,0.0037134687511604595,0.1448252812952579,0,0.02599428125812321,0.02599428125812321,0.007426937502320919,0.007426937502320919,0,0,0,0.007426937502320919,0,0.24880240632775075,0.04456162501392551,0.0641703268163675,0.19364367867659593,0.0781988777369944,0,0.16283134806497765,0.027260936860179007,0,0,0.02317380590420014,0.0037133998012695156,0.02317380590420014,0,0.009823637775989923,0.009823637775989923,0.005251442849787426,0.005251442849787426,0,0,0,0.005251442849787426,0,0.030358215132247835,0.012860966612750848
-4.650000184774399,31486,1.2894619831036016,88.0168963983993,1.8992568125516103,0,7.793940163882361,0.27631328209362893,0,0,0.18103283999237757,0.009528044210125135,0.11751254525821,0,0.01588007368354189,0.01588007368354189,0.006352029473416756,0.003176014736708378,0,0.003176014736708378,0,0.003176014736708378,0,0.2890173410404624,0.07940036841770946,0.06358098989536719,0.18302437682629177,0.07692530903508592,0,0.15107740625755747,0.02958293764043548,0,0,0.02395667121815405,0.0055007568135676714,0.01930758900835048,0,0.007101220942099521,0.007101220942099521,0.004491420459977956,0.0031759643009598745,0,0.0031759643009598745,0,0.0031759643009598745,0,0.0302534357833151,0.015873768013107074
-4.35000017285347,38974,1.29573561861754,88.20239133781496,1.8268589315954227,0,7.712834197157078,0.22065992713090776,0,0,0.25914712372350795,0.01539487863704008,0.10776415045928055,0,0.023092317955560118,0.035921383486426844,0,0.00769743931852004,0,0,0,0.0025658131061733463,0,0.2437522450864679,0.046184635911120236,0.057284703071981184,0.1633991084507223,0.06783617615543791,0,0.1351419439276381,0.023768105057482763,0,0,0.025752668937865913,0.006284449087954462,0.016619407296024156,0,0.00769655050862444,0.009598669109825464,0,0.004443947617658121,0,0,0,0.0025657801889777177,0,0.024977954744475582,0.010883309000604182
-4.050000160932541,49952,1.2151665598975017,88.41087443946188,1.9438661114670082,0,7.501201153106983,0.18217488789237668,0,0,0.30429212043561815,0.012011531069827035,0.10009609224855862,0,0.02402306213965407,0.030028827674567587,0.0040038436899423446,0.006005765534913518,0,0.0020019218449711723,0,0.0020019218449711723,0,0.21620755925688662,0.04604420243433696,0.04902150046292413,0.1432193625537265,0.06177234902387628,0,0.11785744224719889,0.01907971425533947,0,0,0.024643769795918324,0.00490339251232103,0.014148638682253044,0,0.006934027663563965,0.007752245749516681,0.0028310883460911738,0.0034673262238403037,0,0.002001901806415516,0,0.002001901806415516,0,0.020782079380336625,0.009598669312544649
-3.750000149011612,61982,1.2084153463908878,89.38562808557323,1.869897712239037,0,6.7293730437869055,0.17424413539414668,0,0,0.21457842599464358,0.01452034461617889,0.08873543932109322,0,0.019360459488238523,0.017747087864218646,0.008066858120099383,0.008066858120099383,0,0.003226743248039754,0,0.001613371624019877,0,0.22103191249072313,0.03549417572843729,0.04388693981137395,0.12372236285199208,0.054409816102525,0,0.1006298805691002,0.01675203592510516,0,0,0.018586335959377708,0.004839763458622936,0.011959774383982588,0,0.005588342205657717,0.00535047348446144,0.0036074631110084056,0.0036074631110084056,0,0.002281615220013417,0,0.0016133586091273962,0,0.01886314929148402,0.00756604058232997
-3.450000137090683,68932,1.340451459409273,89.8450647014449,1.9033250159577555,0,6.185806301862706,0.18133813033134105,0,0,0.1537747345209772,0.010154935298555098,0.09429582777229734,0,0.014507050426507283,0.01740846051180874,0.005802820170602913,0.0014507050426507283,0,0,0,0.0029014100853014565,0,0.20309870597110197,0.04061974119422039,0.043801064788974324,0.11504698813094814,0.05204430121123364,0,0.09175336354480597,0.01620466282431643,0,0,0.014924434306954164,0.0038380098800079128,0.011690442269838876,0,0.004587199377997791,0.005024952240807008,0.00290132590227536,0.0014506945198869607,0,0,0,0.002051576983341287,0,0.01714753376906294,0.007674850309924265
-3.150000125169754,58396,1.7398451948763616,89.57634084526337,2.5583944105760668,0,5.474690047263511,0.16610726762106995,0,0,0.11302143982464552,0.003424892115898349,0.08904719501335707,0,0.013699568463593397,0.010274676347695048,0.013699568463593397,0.0017124460579491746,0,0,0,0,0,0.20378108089595176,0.03596136721693267,0.05410687806062861,0.12644894488164485,0.06533778606378783,0,0.09413741604561714,0.016851624371282195,0,0,0.013904113559359884,0.0024217229682192867,0.012343124860585107,0,0.004843197097327062,0.004194403556714527,0.004843197097327062,0.0017124313955288958,0,0,0,0,0,0.018661537606325964,0.007846002538576632
-2.850000113248825,29056,3.71351872246696,84.78799559471366,5.031662995594713,0,5.61329845814978,0.1789647577092511,0,0,0.15143171806167402,0.006883259911894274,0.08948237885462555,0,0.03441629955947137,0.017208149779735685,0.006883259911894274,0.01032488986784141,0,0.006883259911894274,0,0,0,0.27533039647577096,0.07571585903083701,0.11093218148890754,0.2106893057710621,0.1282411122439691,0,0.13503506517534802,0.024795728920835453,0,0,0.02281189859575698,0.004867032246482337,0.017541084942974135,0,0.01088151653312004,0.007695056361023154,0.004867032246482337,0.0059607701992413255,0,0.004867032246482337,0,0,0,0.030740467625256413,0.01613656294494507
-2.550000101327896,16251,7.014952925973786,77.81674973847763,8.657928742846593,0,5.562734600947634,0.22767829672020184,0,0,0.17845055688880684,0.012306934957848749,0.12306934957848747,0,0.04307427235247061,0.006153467478924374,0.006153467478924374,0.018460402436773122,0,0.006153467478924374,0,0,0,0.2338317641991262,0.0923020121838656,0.20034517749333838,0.32591855623350086,0.220598414180521,0,0.1797942615457497,0.03738744704517092,0,0,0.033107856336967265,0.008701781653583261,0.027502204131877213,0,0.01627703790921955,0.006153278150201689,0.006153278150201689,0.010657134505047135,0,0.006153278150201689,0,0,0,0.0378881459963055,0.023821275692453202
-2.250000089406967,11489,11.759073896770825,69.44903821046218,12.864479066933587,0,4.9873792323091655,0.1827835320741579,0,0,0.17407955435634084,0.034815910871268174,0.11315171033162155,0,0.034815910871268174,0.026111933153451124,0.026111933153451124,0,0,0,0,0.008703977717817044,0,0.2263034206632431,0.11315171033162155,0.30052490863924486,0.42973868109760244,0.31235797852492153,0,0.20308868629965574,0.03985016696456914,0,0,0.03889147638894001,0.017404924802701015,0.03136487794092084,0,0.017404924802701015,0.015073763224217102,0.015073763224217102,0,0,0,0,0.00870359891343354,0,0.044331505073444175,0.03136487794092084
-1.9500000774860382,8586,17.59841602608898,59.037968786396455,18.6932215234102,0,3.610528767761472,0.2678779408339157,0,0,0.10482180293501049,0.05823433496389472,0.05823433496389472,0,0.04658746797111577,0.011646866992778943,0.034940600978336823,0,0,0.023293733985557886,0,0,0,0.2795248078266946,0.17470300489168414,0.41096906095687713,0.5307145612453403,0.42073632689476104,0,0.20132827000441736,0.055781548199389956,0,0,0.034922283492947744,0.026035602178269095,0.026035602178269095,0,0.023288307373024012,0.011646188725475407,0.020169440794915776,0,0,0.016469238774837008,0,0,0,0.056977961363302326,0.04506870205188189
-1.6500000655651093,5522,29.409634190510687,36.70771459616081,29.80804056501268,0,2.6077508149221296,0.38029699384281057,0,0,0.23542194856935894,0.07243752263672583,0.05432814197754436,0,0.018109380659181457,0.05432814197754436,0,0.018109380659181457,0,0.018109380659181457,0,0,0,0.3621876131836291,0.2535313292285404,0.6131536620012448,0.6486431871208367,0.6155483849622185,0,0.21446036536412186,0.0828296576580511,0,0,0.06521739668746024,0.0362056409552016,0.03135784585544578,0,0.01810774083659837,0.03135784585544578,0,0.01810774083659837,0,0.01810774083659837,0,0,0,0.08084081577825308,0.06767314813054112
-1.3500000536441803,4220,43.76777251184834,10.023696682464454,43.41232227488152,0,1.161137440758294,0.33175355450236965,0,0,0.18957345971563982,0.047393364928909956,0.16587677725118483,0,0.023696682464454978,0.023696682464454978,0,0.047393364928909956,0,0.023696682464454978,0,0.023696682464454978,0,0.4028436018957346,0.35545023696682465,0.7636839096583565,0.46229777776160325,0.7629766014484419,0,0.16491093669776796,0.08851767037733925,0,0,0.06696077913172625,0.033504227510902276,0.06264350845564166,0,0.02369387463430537,0.02369387463430537,0,0.033504227510902276,0,0.02369387463430537,0,0.02369387463430537,0,0.09750692917653205,0.09161360081579947
-1.0500000417232513,4155,49.001203369434414,1.4681107099879662,47.62936221419976,0,0.3369434416365824,0.24067388688327318,0,0,0.1444043321299639,0.07220216606498195,0.07220216606498195,0,0,0,0.024067388688327314,0,0,0.09626955475330926,0,0.024067388688327314,0,0.457280385078219,0.4332129963898917,0.7755286082485794,0.18658739201696023,0.7748110404303054,0,0.08990008263061106,0.07601612465669279,0,0,0.05891024113578156,0.04167088822045339,0.04167088822045339,0,0,0,0.024064492318055283,0,0,0.04811160222972789,0,0.024064492318055283,0,0.10466718000277815,0.10188786708034694
-0.7500000298023224,4397,47.69160791448715,0.8187400500341141,49.57925858539914,0,0.5913122583579713,0.29565612917898565,0,0,0.20468501250852852,0.09097111667045713,0.04548555833522856,0,0.02274277916761428,0,0.04548555833522856,0,0,0.04548555833522856,0,0,0,0.2729133500113714,0.29565612917898565,0.753231432313683,0.13589691417973962,0.7540087659726044,0,0.11562250620478849,0.08187894731250363,0,0,0.0681584751445104,0.04546486426758092,0.032155831119475974,0,0.022740192850534493,0,0.032155831119475974,0,0,0.032155831119475974,0,0,0,0.07867571952909697,0.08187894731250363
-0.45000001788139343,4714,48.15443360203649,0.3818413237165889,50.169707254985155,0,0.46669495120916415,0.23334747560458208,0,0,0.021213406873143825,0.04242681374628765,0.04242681374628765,0,0,0,0.021213406873143825,0,0,0.04242681374628765,0,0,0,0.23334747560458208,0.19092066185829445,0.727744885743091,0.08982886852524836,0.7282369547408553,0,0.09926724635692073,0.07027477514180959,0,0,0.021211156710647636,0.029993922945882184,0.029993922945882184,0,0,0,0.021211156710647636,0,0,0.029993922945882184,0,0,0,0.07027477514180959,0.0635794404298791
-0.15000000596046448,5137,48.35507105314386,0.4087989098695737,50.08759976640063,0,0.3114658360911038,0.1167996885341639,0,0,0.07786645902277595,0.03893322951138797,0.07786645902277595,0,0.07786645902277595,0,0.019466614755693987,0.03893322951138797,0,0.019466614755693987,0,0.019466614755693987,0,0.19466614755693984,0.1557329180455519,0.6972364325933675,0.08902470980715502,0.6976129837374159,0,0.07774510074286914,0.047655418077468925,0,0,0.03891806859589435,0.027524590929844668,0.03891806859589435,0,0.03891806859589435,0,0.019464719918024075,0.027524590929844668,0,0.019464719918024075,0,0.019464719918024075,0,0.06149889466094549,0.055017011301652236
0.15000000596046448,5546,46.88063469166967,0.32455824017309776,51.55066714749369,0,0.27046520014424813,0.10818608005769925,0,0,0.12621709340064913,0.03606202668589975,0.0721240533717995,0,0.03606202668589975,0.018031013342949875,0,0,0,0.054093040028849626,0,0.018031013342949875,0,0.25243418680129825,0.25243418680129825,0.6700901705384247,0.07637486786271248,0.6710750818561384,0,0.06973931236751883,0.04414288461512443,0,0,0.04767546138964891,0.02549510534337441,0.03604901964248804,0,0.02549510534337441,0.018029387682454937,0,0,0,0.03122218328042583,0,0.018029387682454937,0,0.06738066699308272,0.06738066699308272
0.45000001788139343,5809,48.66586331554485,0.1721466689619556,50.19796866930625,0,0.1721466689619556,0.0860733344809778,0,0,0.0860733344809778,0.05164400068858667,0.06885866758478223,0,0,0.01721466689619556,0.05164400068858667,0.03442933379239112,0,0.03442933379239112,0,0,0,0.18936133585815115,0.1721466689619556,0.6557898024417622,0.054390680150212915,0.6560182358002908,0,0.054390680150212915,0.038476595648109506,0,0,0.038476595648109506,0.029808977442657914,0.034417477960843865,0,0,0.01721318510863988,0.029808977442657914,0.024341024087808312,0,0.024341024087808312,0,0,0,0.05704050783025759,0.054390680150212915
0.7500000298023224,6143,47.077974930815564,0.1465082207390526,51.48950024418036,0,0.21162298551196485,0.08139345596614032,0,0,0.09767214715936838,0.03255738238645613,0.08139345596614032,0,0.03255738238645613,0.04883607357968419,0.04883607357968419,0,0,0.03255738238645613,0,0,0,0.3255738238645613,0.2930164414781052,0.636849564381916,0.04880028603571594,0.6376567407319627,0,0.058631518269546254,0.03638544336237405,0,0,0.039855009212604944,0.023017797951707324,0.03638544336237405,0,0.023017797951707324,0.028188634594121933,0.028188634594121933,0,0,0.023017797951707324,0,0,0,0.07268191385039069,0.06896337798650899
1.0500000417232513,6592,47.55764563106796,0.12135922330097086,51.59283980582524,0,0.09101941747572816,0.12135922330097086,0,0,0.07584951456310679,0.030339805825242715,0.030339805825242715,0,0.030339805825242715,0.015169902912621358,0,0,0,0.030339805825242715,0,0,0,0.16686893203883493,0.13652912621359223,0.6150956622478362,0.04288092119416377,0.6155182299055181,0,0.03714160699877341,0.04288092119416377,0,0,0.03390806725243112,0.021450227719567273,0.021450227719567273,0,0.021450227719567273,0.015168752239208801,0,0,0,0.021450227719567273,0,0,0,0.05027088026099573,0.0454786311229009
1.3500000536441803,6992,47.74027459954233,0.11441647597254005,51.20137299771167,0,0.12871853546910755,0.07151029748283752,0,0,0.11441647597254005,0.04290617848970252,0.028604118993135013,0,0,0.014302059496567507,0.04290617848970252,0.014302059496567507,0,0.057208237986270026,0,0,0,0.2288329519450801,0.20022883295194507,0.5973451037116476,0.04042918432950637,0.5977834609682227,0,0.042878555495573005,0.03196894057615065,0,0,0.04042918432950637,0.024766578794297583,0.02022327354465296,0,0,0.014301036715467291,0.024766578794297583,0.014301036715467291,0,0.028595935866378184,0,0,0,0.0571427448474704,0.053459805081848076
1.6500000655651093,7143,47.067058658826824,0.08399832003359933,51.91096178076439,0,0.18199636007279857,0.15399692006159876,0,0,0.15399692006159876,0.055998880022399555,0.041999160016799666,0,0,0.041999160016799666,0.027999440011199778,0,0,0.041999160016799666,0,0.013999720005599889,0,0.09799804003919922,0.125997480050399,0.5905833759411235,0.03427776510624915,0.5911698249022075,0,0.05043075451832929,0.0463960528686823,0,0,0.0463960528686823,0.02799159922694881,0.024243133780981956,0,0,0.024243133780981956,0.01979582195958844,0,0,0.024243133780981956,0,0.01399874001049837,0,0.03702162398270407,0.04197269273551328
1.9500000774860382,7487,46.560705222385465,0.13356484573260316,52.54441031120609,0,0.12020836115934286,0.09349539201282223,0,0,0.053425938293041264,0.040069453719780955,0.040069453719780955,0,0,0.040069453719780955,0.013356484573260316,0,0,0.013356484573260316,0,0,0,0.20034726859890478,0.14692133030586352,0.5764826184317297,0.04220869652580463,0.5771026012219561,0,0.040045363061036406,0.03532141303666541,0,0,0.026705832365964063,0.02312947457128519,0.02312947457128519,0,0,0.02312947457128519,0.01335559256507331,0,0,0.01335559256507331,0,0,0,0.05167759707309113,0.04426589395168391
2.250000089406967,7969,46.53030493160999,0.07529175555276697,52.415610490651275,0,0.18822938888191743,0.15058351110553395,0,0,0.1003890074036893,0.07529175555276697,0.08784038147822813,0,0,0.025097251850922327,0.037645877776383486,0.012548625925461163,0,0.05019450370184465,0,0,0,0.11293763332915045,0.13803488518007279,0.5587530278960534,0.030726156823073968,0.559449205892573,0,0.04855485735835122,0.04343697389389215,0,0,0.0354750540005014,0.030726156823073968,0.033185958548747216,0,0,0.01774420989920063,0.021730766143989673,0.012547838560696438,0,0.025090952339816334,0,0,0,0.037624613589166626,0.04159034948271281
2.550000101327896,8192,46.08154296875,0.10986328125,53.01513671875,0,0.1220703125,0.08544921875,0,0,0.08544921875,0.09765625,0.03662109375,0,0.0244140625,0,0.0244140625,0,0,0.0244140625,0,0,0,0.15869140625,0.13427734375,0.5507281329101432,0.03660097165417083,0.5514218294597982,0,0.038578454219696516,0.03228296731655252,0,0,0.03228296731655252,0.03450983544280591,0.021139326544833695,0,0.01726124167899897,0,0.01726124167899897,0,0,0.01726124167899897,0,0,0,0.043978140741829944,0.040458951471151
2.850000113248825,8385,45.235539654144304,0.08348240906380441,53.917710196779964,0,0.19081693500298152,0.08348240906380441,0,0,0.11926058437686345,0.02385211687537269,0.03577817531305903,0,0.02385211687537269,0,0.03577817531305903,0,0,0.02385211687537269,0,0,0,0.14311270125223613,0.08348240906380441,0.5435478229661622,0.03154021123451192,0.5443537410966519,0,0.047658698139603675,0.03154021123451192,0,0,0.03769101278720849,0.016863982020021134,0.020652843551129382,0,0.016863982020021134,0,0.020652843551129382,0,0,0.016863982020021134,0,0,0,0.041283505580690175,0.03154021123451192
3.150000125169754,8667,44.352140302296064,0.08076612437983154,54.747894311757236,0,0.11538017768547365,0.11538017768547365,0,0,0.126918195454021,0.04615207107418945,0.04615207107418945,0,0.023076035537094725,0,0.06922810661128419,0.011538017768547362,0,0.034614053305642094,0,0,0,0.126918195454021,0.10384215991692627,0.5336384642063992,0.030514395521479443,0.5346489376334372,0,0.036465360711282244,0.036465360711282244,0,0,0.038242983984682795,0.023070709888388427,0.023070709888388427,0,0.016315338418674025,0,0.028252471770005696,0.011537352120076012,0,0.01998097398326003,0,0,0,0.038242983984682795,0.03459607664729866
3.450000137090683,9021,44.496175590289326,0.08868196430550937,54.871965414033916,0,0.0775967187673207,0.05542622769094335,0,0,0.06651147322913202,0.011085245538188671,0.044340982152754685,0,0.011085245538188671,0.011085245538188671,0.022170491076377342,0,0,0.05542622769094335,0,0,0,0.09976720984369804,0.08868196430550937,0.5232333959723897,0.03133990349411933,0.5239274180305904,0,0.029317421613469417,0.024780492268538335,0,0,0.02714416374493878,0.011084631107817211,0.02216557522463701,0,0.011084631107817211,0.011084631107817211,0.015675166662644843,0,0,0.024780492268538335,0,0,0,0.033239143314598485,0.03133990349411933
3.750000149011612,9084,44.93615147512109,0.12109202994275649,54.19418758256275,0,0.16512549537648613,0.055041831792162044,0,0,0.022016732716864818,0.044033465433729636,0.022016732716864818,0,0.022016732716864818,0.011008366358432409,0.044033465433729636,0.011008366358432409,0,0.03302509907529723,0,0,0,0.16512549537648613,0.15411712901805372,0.5219064397045229,0.03648850834365348,0.5227548700630374,0,0.04260000422300718,0.024608680167426518,0,0,0.015566467106925394,0.022011884817936322,0.015566467106925394,0,0.015566467106925394,0.01100776042110659,0.022011884817936322,0.01100776042110659,0,0.019063901125098412,0,0,0,0.04260000422300718,0.04115778299805938
4.050000160932541,9373,43.8386855862584,0.11735836978555424,55.22244745545717,0,0.11735836978555424,0.11735836978555424,0,0,0.0533447135388883,0.0533447135388883,0.08535154166222128,0,0.01066894270777766,0.02133788541555532,0.03200682812333298,0,0,0.02133788541555532,0,0.02133788541555532,0,0.17070308332444256,0.11735836978555424,0.5125167758254449,0.03536411021689203,0.5136280023544505,0,0.03536411021689203,0.03536411021689203,0,0,0.02385011720805964,0.02385011720805964,0.030163446217846276,0,0.010668373560904255,0.01508655364012337,0.018476193301217546,0,0,0.01508655364012337,0,0.01508655364012337,0,0.04263933084510293,0.03536411021689203
4.35000017285347,9622,44.471003949282895,0.11432134691332363,54.6352109748493,0,0.1454998960715028,0.09353564747453752,0,0,0.06235709831635835,0.031178549158179174,0.041571398877572226,0,0,0,0.020785699438786113,0,0,0.010392849719393056,0,0.051964248596965294,0,0.1974641446684681,0.1247141966327167,0.5066006019429078,0.034449474570274335,0.5075315955034518,0,0.03885818272814422,0.031163964217937577,0,0,0.025449240369203697,0.017998137314100295,0.020781378536662974,0,0,0,0.014696181434675727,0,0,0.01039230964873406,0,0.023233079651253926,0,0.04525663256755779,0.035979430762581116
4.650000184774399,9822,44.40032579922622,0.11199348401547546,54.825901038485036,0,0.16289961311341886,0.07126858073712075,0,0,0.08144980655670943,0.020362451639177357,0.08144980655670943,0,0.010181225819588679,0,0.010181225819588679,0,0,0.010181225819588679,0,0,0,0.11199348401547546,0.10181225819588678,0.5013363986086212,0.03374839206119469,0.5021548637062427,0,0.040691719403805185,0.02692739104378935,0,0,0.028785125390856654,0.014396961624580637,0.028785125390856654,0,0.010180707519600074,0,0.010180707519600074,0,0,0.010180707519600074,0,0,0,0.03374839206119469,0.03217946912105328
4.950000196695328,9984,44.611378205128204,0.09014423076923077,54.63741987179487,0,0.14022435897435898,0.07011217948717949,0,0,0.06009615384615385,0.02003205128205128,0.0500801282051282,0,0.030048076923076924,0.030048076923076924,0,0.01001602564102564,0,0,0,0,0,0.11017628205128205,0.14022435897435898,0.4974859426518514,0.030034530565672082,0.49824354315790775,0,0.03745025149177891,0.0264906215092297,0,0,0.024526778922347663,0.014163380481626688,0.022390905393890416,0,0.01734565869429449,0.01734565869429449,0,0.01001552402461661,0,0,0,0,0,0.033201093949194405,0.03745025149177891
5.250000208616257,10185,43.99607265586647,0.06872852233676977,55.34609720176731,0,0.13745704467353953,0.009818360333824251,0,0,0.05891016200294551,0.029455081001472753,0.039273441335297005,0,0,0,0.039273441335297005,0,0,0.029455081001472753,0,0,0,0.13745704467353953,0.10800196367206677,0.49185340285644014,0.025968011407970292,0.4925980580605577,0,0.036711683030208685,0.009817878320994297,0,0,0.024042887946047357,0.017003394210091335,0.01963286428099159,0,0,0,0.01963286428099159,0,0,0.017003394210091335,0,0,0,0.036711683030208685,0.032546227752204185
5.550000220537186,10467,44.29158307060285,0.0764306869207987,54.87723320913347,0,0.13375370211139773,0.11464603038119806,0,0,0.11464603038119806,0.03821534346039935,0.028661507595299514,0,0.009553835865099837,0,0.009553835865099837,0,0,0.03821534346039935,0,0.009553835865099837,0,0.12419986624629788,0.13375370211139773,0.4855231007839652,0.027011999856630012,0.48638800058609805,0,0.03572326594865504,0.033076481495908784,0,0,0.033076481495908784,0.01910402035012999,0.016545357541261466,0,0.009553379475300208,0,0.009553379475300208,0,0,0.01910402035012999,0,0.009553379475300208,0,0.03442544697504953,0.03572326594865504
5.850000232458115,10588,43.87986399697771,0.05666792595391009,55.41178692859842,0,0.11333585190782018,0.07555723460521345,0,0,0.018889308651303362,0.05666792595391009,0.018889308651303362,0,0.009444654325651681,0.018889308651303362,0.009444654325651681,0.009444654325651681,0,0.04722327162825841,0,0.018889308651303362,0,0.12278050623347185,0.13222516055912353,0.4822642038414323,0.02312802802147996,0.4830634129014201,0,0.03269869686511737,0.02670342257433715,0,0,0.013355496680039748,0.02312802802147996,0.013355496680039748,0,0.009444208307643562,0.013355496680039748,0.009444208307643562,0.009444208307643562,0,0.02111390199212528,0,0.013355496680039748,0,0.03403227369256578,0.035315289594576416
6.150000244379044,10735,43.474615742897065,0.10246856078248719,55.89194224499301,0,0.1304145319049837,0.027945971122496506,0,0,0.06520726595249185,0.018630647414997672,0.037261294829995344,0,0,0,0.018630647414997672,0.018630647414997672,0,0.009315323707498836,0,0.009315323707498836,0,0.08383791336748952,0.11178388448998602,0.47845226330578366,0.03087960042839925,0.47921736154593625,0,0.034832014516046186,0.01613235930552962,0,0,0.024637993100610444,0.013172629880440948,0.01862717608137056,0,0,0,0.013172629880440948,0.013172629880440948,0,0.009314889821115242,0,0.009314889821115242,0,0.0279342540066055,0.032251186959330574
6.4500002562999725,11012,43.96113330911733,0.0726480203414457,55.276062477297494,0,0.2179440610243371,0.04540501271340356,0,0,0.04540501271340356,0.04540501271340356,0.03632401017072285,0,0.009081002542680712,0.009081002542680712,0.018162005085361425,0,0,0.009081002542680712,0,0.009081002542680712,0,0.12713403559752998,0.11805303305484927,0.4729835215417079,0.025675622411240558,0.4738113547065548,0,0.0444391396315574,0.020301128554196114,0,0,0.020301128554196114,0.020301128554196114,0.01815870620147528,0,0.00908059021028362,0.00908059021028362,0.012841310677187424,0,0,0.00908059021028362,0,0.00908059021028362,0,0.03395639457244778,0.03272268811898875
6.7500002682209015,11118,43.75787012052527,0.07195538765965101,55.52257600287821,0,0.08094981111710739,0.053966540744738264,0,0,0.07195538765965101,0.008994423457456376,0.008994423457456376,0,0.026983270372369132,0.008994423457456376,0.06296096420219464,0.017988846914912753,0,0.017988846914912753,0,0,0,0.1529051987767584,0.13491635186184567,0.47048483780233136,0.02543091688050136,0.4712933174826847,0,0.02697234670805033,0.022025802312878012,0,0,0.02543091688050136,0.008994018950093736,0.008994018950093736,0,0.015576696436650422,0.008994018950093736,0.023789515062562164,0.012718891493935226,0,0.012718891493935226,0,0,0,0.03705659469591312,0.03481174510228489
7.0500002801418304,11155,44.28507395786643,0.14343343792021515,55.03361721201255,0,0.12550425818018826,0.03585835948005379,0,0,0.026893769610040343,0.008964589870013447,0.053787539220080685,0,0.008964589870013447,0.008964589870013447,0.026893769610040343,0,0,0.026893769610040343,0,0.008964589870013447,0,0.12550425818018826,0.08068130883012102,0.4703050899822319,0.03583263381304938,0.4710025069154698,0,0.03352136871301968,0.01792596489694205,0,0,0.015525037068853012,0.00896418804164999,0.021952764626163926,0,0.00896418804164999,0.00896418804164999,0.015525037068853012,0,0,0.015525037068853012,0,0.00896418804164999,0,0.03352136871301968,0.026882918298196008
7.350000292062759,11217,44.59302843897655,0.10698047606311847,54.50655255415887,0,0.12481055540697157,0.07132031737541232,0,0,0.07132031737541232,0.044575198359632695,0.02674511901577962,0,0.02674511901577962,0,0.044575198359632695,0.00891503967192654,0,0.00891503967192654,0,0.00891503967192654,0,0.18721583311045736,0.16938575376660425,0.4693289352987181,0.03086607972806953,0.47017596171179876,0,0.03333620099899227,0.025206546520842907,0,0,0.025206546520842907,0.01993019128182492,0.015439236627931957,0,0.015439236627931957,0,0.01993019128182492,0.008914642273407523,0,0.008914642273407523,0,0.008914642273407523,0,0.040815583772077516,0.03882683161278291
7.650000303983688,11454,44.464815784878645,0.13095861707700368,54.68831849135674,0,0.2008032128514056,0.01746114894360049,0,0,0.05238344683080147,0.05238344683080147,0.026191723415400735,0,0,0.01746114894360049,0.008730574471800244,0.026191723415400735,0,0.008730574471800244,0,0.008730574471800244,0,0.17461148943600488,0.12222804260520342,0.4643161264847857,0.03379122151798396,0.4651293934929049,0,0.04182830462525812,0.012345818823245994,0,0,0.021379850664958684,0.021379850664958684,0.015119818104906512,0,0,0.012345818823245994,0.008730193348828467,0.015119818104906512,0,0.008730193348828467,0,0.008730193348828467,0,0.03901021317891619,0.0326468483526623
7.950000315904617,11585,44.72162278808804,0.11221406991799741,54.57056538627536,0,0.10358221838584376,0.02589555459646094,0,0,0.05179110919292188,0.03452740612861459,0.03452740612861459,0,0.008631851532153647,0.008631851532153647,0.02589555459646094,0,0,0.008631851532153647,0,0,0,0.1640051791109193,0.1294777729823047,0.46194301075836147,0.031105116441235252,0.46259387009926145,0,0.02988612044588394,0.014948869494754111,0,0,0.021138155819415756,0.017260722452568177,0.017260722452568177,0,0.008631478979809567,0.008631478979809567,0.014948869494754111,0,0,0.008631478979809567,0,0,0,0.03759450208695256,0.03340936735245302
8.250000327825546,11710,44.918872758326216,0.06831767719897523,54.466268146883,0,0.09393680614859094,0.07685738684884715,0,0,0.008539709649871904,0.025619128949615714,0.034158838599487616,0,0.017079419299743808,0,0.017079419299743808,0.034158838599487616,0,0.008539709649871904,0,0.025619128949615714,0,0.11955593509820667,0.08539709649871904,0.4596607134326738,0.024145694293929987,0.4602056912897599,0,0.02830970673488166,0.025609281960695385,0,0,0.008539345008882397,0.014789316184389003,0.017076501984956152,0,0.012075941823090578,0,0.012075941823090578,0.017076501984956152,0,0.008539345008882397,0,0.014789316184389003,0,0.03193356132461667,0.026993399872970645
8.550000339746475,11736,44.02692569870484,0.11929107021131562,55.26584867075665,0,0.09372869802317656,0.051124744376278126,0,0,0.03408316291751875,0.017041581458759374,0.05964553510565781,0,0,0.008520790729379687,0.025562372188139063,0,0,0.03408316291751875,0,0,0,0.14485344239945466,0.11929107021131562,0.4582354778779428,0.03186285778154725,0.4589738819915941,0,0.02824701867210076,0.02086625353654442,0,0,0.01703867705627407,0.012049190994041172,0.02253716902786076,0,0,0.008520427702273058,0.014756556039390164,0,0,0.01703867705627407,0,0,0,0.035106665927089005,0.03186285778154725
8.850000351667404,12117,44.12808450936701,0.09903441445902451,55.21168606090616,0,0.132045885945366,0.04951720722951226,0,0,0.04951720722951226,0.01650573574317075,0.01650573574317075,0,0.02475860361475613,0.008252867871585376,0.008252867871585376,0.008252867871585376,0,0.01650573574317075,0,0.008252867871585376,0,0.12379301807378064,0.09903441445902451,0.4510833162108838,0.02857461305489034,0.4517522328898701,0,0.03298966914169535,0.02021030955049219,0,0,0.02021030955049219,0.011670354414292983,0.011670354414292983,0,0.014292616806954846,0.00825252731541829,0.00825252731541829,0.00825252731541829,0,0.011670354414292983,0,0.00825252731541829,0,0.031943429581221164,0.02857461305489034
9.150000363588333,12042,44.56900847035376,0.05812987875768145,54.75834578973593,0,0.14947683109118087,0.06643414715163594,0,0,0.08304268393954493,0.024912805181863475,0.03321707357581797,0,0.016608536787908985,0,0.024912805181863475,0.016608536787908985,0,0,0,0,0,0.1079554891214084,0.09134695233349942,0.4529429437919501,0.02196464219618637,0.45357079873925654,0,0.035205685258863716,0.02348021464818657,0,0,0.02624949649013484,0.014381623010364662,0.01660577812386074,0,0.011743033693792865,0,0.014381623010364662,0.011743033693792865,0,0,0,0,0,0.029925299407628708,0.027529560093249993
9.450000375509262,12238,44.198398431116196,0.07354142833796372,55.123386174211475,0,0.14708285667592744,0.08171269815329302,0,0,0.04085634907664651,0.024513809445987904,0.03268507926131721,0,0.016342539630658605,0.008171269815329302,0.03268507926131721,0,0,0.024513809445987904,0,0,0,0.12256904722993953,0.07354142833796372,0.4489225010321821,0.02450479388533672,0.4495963320036039,0,0.034642257235101344,0.025829264626006404,0,0,0.01826778185131807,0.01415131964977608,0.016339868626370005,0,0.01155497629061477,0.00817093596025714,0.016339868626370005,0,0,0.01415131964977608,0,0,0,0.0316277911346771,0.02450479388533672
9.750000387430191,12162,44.639039631639534,0.049333991119881605,54.80184180233514,0,0.1397796415063312,0.024666995559940803,0,0,0.0328893274132544,0.024666995559940803,0.0328893274132544,0,0.0164446637066272,0,0.049333991119881605,0,0,0.0328893274132544,0,0.024666995559940803,0,0.082223318533136,0.049333991119881605,0.4507717900485501,0.02013554886299777,0.45128972620651897,0,0.03387784070710938,0.014239739943642435,0,0,0.01644195921459236,0.014239739943642435,0.01644195921459236,0,0.011627177078276358,0,0.02013554886299777,0,0,0.01644195921459236,0,0.014239739943642435,0,0.025990604571638185,0.02013554886299777
10.05000039935112,4009,43.50212022948366,0.1746071339486156,55.69967572960838,0,0.1746071339486156,0.09977550511349464,0,0,0.02494387627837366,0.02494387627837366,0,0,0,0.02494387627837366,0,0,0,0.02494387627837366,0,0,0,0.14966325767024194,0.09977550511349464,0.7829846699564802,0.06593765194889603,0.7845339786307342,0,0.06593765194889603,0.04986285846709509,0,0,0.024940765099530457,0.024940765099530457,0,0,0,0.024940765099530457,0,0,0,0.024940765099530457,0,0,0,0.06105403001665054,0.04986285846709509

