Distance (nm),Atom Count,C atom%,Co atom%,W atom%,Cr atom%,Fe atom%,C3 atom%,CoH atom%,Ga atom%,Ti atom%,Ni atom%,OH atom%,P atom%,Al atom%,N atom%,Mn atom%,Ta atom%,WC atom%,CrH atom%,Zr atom%,WO atom%,Noise reference atom%,H atom%,O atom%,C atom% Sigma,Co atom% Sigma,W atom% Sigma,Cr atom% Sigma,Fe atom% Sigma,C3 atom% Sigma,CoH atom% Sigma,Ga atom% Sigma,Ti atom% Sigma,Ni atom% Sigma,OH atom% Sigma,P atom% Sigma,Al atom% Sigma,N atom% Sigma,Mn atom% Sigma,Ta atom% Sigma,WC atom% Sigma,CrH atom% Sigma,Zr atom% Sigma,WO atom% Sigma,Noise reference atom% Sigma,H atom% Sigma,O atom% Sigma
-10.05000039935112,6794,0.2502207830438622,94.90727112157786,3.1351192228436853,0.19134530468060054,0.32381513099793935,0,0,0.029437739181630854,0.014718869590815427,0.05887547836326171,0,0.029437739181630854,0.029437739181630854,0.014718869590815427,0,0.014718869590815427,0,0,0,0,0,0.971445392993818,0.029437739181630854,0.06061148014593588,0.26672409485264553,0.21142066441623583,0.05301884158404309,0.06892575013451746,0,0,0.02081256094792074,0.014717786325342694,0.029429072100865452,0,0.02081256094792074,0.02081256094792074,0.014717786325342694,0,0.014717786325342694,0,0,0,0,0,0.11899443338368612,0.02081256094792074
-9.750000387430191,20732,0.2749372950028941,94.79066177889254,3.1352498552961605,0.2267026818444916,0.2459965271078526,0,0,0.03858769052672197,0.01447038394752074,0.05305807447424271,0,0.019293845263360986,0.019293845263360986,0.01447038394752074,0.019293845263360986,0,0,0,0.01447038394752074,0,0,1.0804553347482153,0.05305807447424271,0.03636623884073884,0.15433110127140218,0.12103148431132148,0.03303048048779732,0.03440400919808611,0,0,0.013640176344485562,0.008353875582838455,0.01599336680006001,0,0.009645991955624912,0.009645991955624912,0.008353875582838455,0.009645991955624912,0,0,0,0.008353875582838455,0,0,0.07179990395542787,0.01599336680006001
-9.450000375509262,21188,0.250141589579007,94.77062488200868,3.2518406645270908,0.18406645270908062,0.250141589579007,0,0,0.03303756843496319,0.018878610534264678,0.056635831602794035,0,0.014158957900698509,0.009439305267132339,0.009439305267132339,0,0.0047196526335661695,0,0,0.009439305267132339,0,0,1.10911836888805,0.028317915801397017,0.034316589092022017,0.15293848650009162,0.12185434014688004,0.02944708267899434,0.034316589092022017,0,0,0.012484964267563159,0.009438414220236774,0.016344725858154857,0,0.008174099410306798,0.006674281738862993,0.006674281738862993,0,0.004719541256647096,0,0,0.006674281738862993,0,0,0.07194855751098858,0.011559103719110026
-9.150000363588333,22026,0.33142649595932083,94.87423953509489,3.0236992645055842,0.1316625805865795,0.2724053391446472,0,0,0.01816035594297648,0.03632071188595296,0.040860800871697085,0,0.01816035594297648,0.022700444928720604,0.013620266957232362,0.00454008898574412,0.00908017797148824,0,0,0.00454008898574412,0,0,1.1486425133932625,0.049940978843185324,0.038726202889447364,0.14858859972111269,0.11538099675613504,0.02443302694991585,0.03511944649213107,0,0,0.009079353437732036,0.012838978596493784,0.013617483997838648,0,0.009079353437732036,0.010150795261985363,0.00786312924988761,0.004539985922534324,0.00642036390793304,0,0,0.004539985922534324,0,0,0.0717985947957489,0.015054011211691466
-8.850000351667404,22908,0.38414527675921073,94.30766544438625,3.400558756766195,0.12222804260520342,0.30557010651300853,0,0,0.06984459577440195,0.026191723415400735,0.05238344683080147,0,0.01746114894360049,0.004365287235900122,0.013095861707700367,0.004365287235900122,0,0,0,0,0,0,1.2615680111751353,0.030557010651300856,0.04087129462150782,0.15308234922071973,0.11974816347921156,0.023084807854536378,0.03646676955879952,0,0,0.01745505004402792,0.010691325912286529,0.015117837385948001,0,0.008729812209217765,0.0043651919561970435,0.0075604041835441015,0.0043651919561970435,0,0,0,0,0,0,0.07374029318815455,0.011547699707196876
-8.550000339746475,23854,0.4024482267125011,94.382493502138,3.2489309968977946,0.16768676113020878,0.31441267711914145,0,0,0.050306028339062635,0.025153014169531317,0.050306028339062635,0,0.012576507084765659,0.012576507084765659,0.008384338056510439,0.008384338056510439,0,0,0,0,0,0,1.2869958916743525,0.029345183197786538,0.04099196461189401,0.14908601543691008,0.11479355945490728,0.026491365701745716,0.036248129669244435,0,0,0.014518446296460586,0.010267383512861952,0.014518446296460586,0,0.007260593143279744,0.007260593143279744,0.0059283737524415125,0.0059283737524415125,0,0,0,0,0,0,0.0729785377468702,0.011089809182092292
-8.250000327825546,25124,0.4059863079127528,94.51918484317784,3.243910205381309,0.1472695430663907,0.2547365069256488,0,0,0.023881547524279574,0.01990128960356631,0.03980257920713262,0,0.003980257920713263,0.003980257920713263,0,0.01592103168285305,0.003980257920713263,0,0,0.003980257920713263,0,0,1.277662792548957,0.03582232128641936,0.04011695105988606,0.14359462015642077,0.11177100966724807,0.024193129484674423,0.03180148082461384,0,0,0.009748436703112215,0.008899241614577575,0.012584175543296848,0,0.003980178707659457,0.003980178707659457,0,0.00795988211807708,0.003980178707659457,0,0,0.003980178707659457,0,0,0.07085515391044137,0.011938634839399106
-7.950000315904617,25907,0.3358165746709384,94.76203342725904,2.9914694870112326,0.1582583857644652,0.27019724398811135,0,0,0.030879685027212726,0.01929980314200795,0.06947929131122862,0,0.007719921256803181,0.01929980314200795,0.01929980314200795,0.0038599606284015907,0,0,0,0,0,0,1.281506928629328,0.030879685027212726,0.0359428125221518,0.13841717597332018,0.10583728465029991,0.02469624229235827,0.032251088347296834,0,0,0.010915931548747645,0.008630301419418288,0.016370735911835053,0,0.00545859795897945,0.008630301419418288,0.008630301419418288,0.0038598861312024286,0,0,0,0,0,0,0.06987972309478224,0.010915931548747645
-7.650000303983688,27126,0.47555850475558503,94.71724544717244,2.9197080291970803,0.158519501585195,0.26542800265428,0,0,0.033178500331785,0.014746000147460001,0.04423800044238001,0,0.011059500110595002,0.011059500110595002,0,0.007373000073730001,0,0,0,0.011059500110595002,0,0,1.3050210130502102,0.025805500258055003,0.04177091342419295,0.13581629142247148,0.1022215284264823,0.02415482951230637,0.03123944826109149,0,0,0.011057665270248804,0.00737245644238742,0.012767585732266003,0,0.006384852270294541,0.006384852270294541,0,0.005213306150662034,0,0,0,0.006384852270294541,0,0,0.06890700961167717,0.009752303746802644
-7.350000292062759,28148,0.43342333380702003,94.69589313627966,2.8918573255648714,0.1456586613613756,0.2664487707830041,0,0,0.03552650277106721,0.039079153048173935,0.07105300554213442,0,0.0071053005542134435,0.017763251385533606,0.0035526502771067218,0,0.0071053005542134435,0,0,0,0,0,1.3500071053005542,0.03552650277106721,0.03915517421544557,0.13358199762917952,0.09988320836618965,0.022731487798514933,0.030725837615264578,0,0,0.011232470821866802,0.011780505444758244,0.015882289609115773,0,0.005024027708606503,0.007943261935098731,0.0035525871699262656,0,0.005024027708606503,0,0,0,0,0,0.06878484850523768,0.011232470821866802
-7.0500002801418304,30089,0.45531589617468177,94.69573598324969,2.818305693110439,0.11964505300940544,0.28249526404998504,0,0,0.0498521054205856,0.02991126325235136,0.04652863172587989,0,0.00997042108411712,0.013293894778822824,0.006646947389411412,0.003323473694705706,0.003323473694705706,0,0,0,0,0,1.415799793944631,0.0498521054205856,0.03881160168228095,0.12920338773227596,0.0954074756227565,0.019928909482357562,0.03059760330733016,0,0,0.012868549449936137,0.009968929833146858,0.012432406575502174,0,0.005756138319774811,0.006646505555630719,0.004699945364007788,0.0033234184668598345,0.0033234184668598345,0,0,0,0,0,0.06810840407495677,0.012868549449936137
-6.7500002682209015,32461,0.5113828902375158,94.66744709035459,2.7386710206093468,0.16019223067681218,0.26185268476017376,0,0,0.0462092973106189,0.021564338744955485,0.04928991713132683,0,0.01848371892424756,0.01848371892424756,0.0030806198207079267,0.006161239641415853,0,0,0,0.0030806198207079267,0,0,1.4786975139398049,0.015403099103539632,0.03958939331370261,0.12470589169326132,0.09058558337846274,0.02219686523198955,0.028364701434495616,0,0,0.011928432283707156,0.008149675075617771,0.01231944203860827,0,0.007545249234225246,0.007545249234225246,0.003080572369250075,0.004356520116936339,0,0,0,0.003080572369250075,0,0,0.0669921315559176,0.006887944792164409
-6.4500002562999725,35576,0.6155835394648077,94.79424331009669,2.515740948954351,0.17146390825275468,0.23330335057342028,0,0,0.05340679109512031,0.05340679109512031,0.06183944232066562,0,0.028108837418484373,0.005621767483696874,0.011243534967393748,0.005621767483696874,0.002810883741848437,0,0,0.005621767483696874,0,0,1.4054418709242185,0.03654148864402968,0.041469050061574274,0.11777533733430814,0.08302744025104611,0.021934874419607998,0.025578479592827122,0,0,0.012249085940135074,0.012249085940135074,0.013180136249356782,0,0.008887545505928629,0.00397507817043875,0.005621451432116374,0.00397507817043875,0.0028108442362337702,0,0,0.00397507817043875,0,0,0.062410025238559,0.010132933590672863
-6.150000244379044,40312,0.5928755705497123,94.86753324072237,2.2821988489779717,0.14635840444532647,0.30263941258186144,0,0,0.03224846199642786,0.03969041476483429,0.06697757491565787,0,0.017364556459615002,0.004961301845604287,0.00744195276840643,0.009922603691208573,0,0,0,0.012403254614010718,0,0,1.5702520341337567,0.047132367533240724,0.03823607991704326,0.1099017743364451,0.07437832798958789,0.01904029244016767,0.027358192460119033,0,0,0.008942671812784042,0.009920634334497462,0.01288552292814604,0,0.006562615572538037,0.0035080831520047915,0.004296453555190144,0.00496105569433795,0,0,0,0.005546560082846914,0,0,0.06191996414550458,0.010810358196908874
-5.850000232458115,45093,0.6408977003082519,95.03027077373429,2.255338966136651,0.15079945889605925,0.2838578049808174,0,0,0.05322333843390326,0.042135142926840084,0.03326458652118954,0,0.02661166921695163,0.008870556405650544,0.008870556405650544,0.006652917304237908,0.002217639101412636,0,0,0.002217639101412636,0,0,1.4303772204111502,0.024394030115538996,0.03757886175304584,0.10233938012675411,0.06991942842375042,0.018273326867714317,0.025054087475701172,0,0,0.010861276942843187,0.00966442803237109,0.008587450661257058,0,0.007681104953844188,0.004435081481535243,0.004435081481535243,0.003840935822980534,0.002217614511660387,0,0,0.002217614511660387,0,0,0.05591679554128191,0.007354179665263025
-5.550000220537186,50524,0.8174332990262054,94.6817354128731,2.3414614836513343,0.1326102446362125,0.2869923204813554,0,0,0.05937772147890112,0.033647375504710635,0.053439949331011004,0,0.023751088591560447,0.005937772147890112,0.017813316443670336,0.017813316443670336,0.0019792573826300374,0,0,0.0019792573826300374,0,0,1.498297838650938,0.025730345974190483,0.04005852655211171,0.09983187122136356,0.06727438808353375,0.01619017429977678,0.023799190360235215,0,0,0.010837620156198012,0.008159314204817959,0.010281774654727736,0,0.006855534418862787,0.0034280725678693205,0.005937243267265064,0.005937243267265064,0.001979237795234182,0,0,0.001979237795234182,0,0,0.054047060794605105,0.007135395822209644
-5.250000208616257,59526,0.8198098309982191,94.84090985451735,2.163760373618251,0.1360749924402782,0.22511171588885528,0,0,0.04031851627860095,0.05711789806135134,0.048718207169976144,0,0.047038268991701104,0.011759567247925276,0.005039814534825118,0.013439505426200317,0.0033598763565500793,0,0,0.0033598763565500793,0,0,1.5472230621913112,0.03695863992205087,0.03695861426574848,0.0906632042682633,0.05963498406347843,0.01510915321174998,0.019424789637090944,0,0,0.008228323401672193,0.009792840772784228,0.009044539981610249,0,0.008887306320140023,0.004444437291332487,0.0029096649547168765,0.004751263405993037,0.0023757514435036385,0,0,0.0023757514435036385,0,0,0.050586787462759616,0.007878152274279262
-4.950000196695328,71989,0.8209587575879649,94.78253622081151,2.047535040075567,0.14029921237966914,0.2847657280973482,0,0,0.07084415674616956,0.03889483115475975,0.04167303338009974,0,0.05278584228145967,0.011112808901359931,0.019447415577379876,0.011112808901359931,0.002778202225339983,0,0,0.012501910014029921,0,0,1.6210809984858798,0.04167303338009974,0.03363082742465568,0.08288211286073231,0.05278254001996462,0.013950496879326724,0.019860562593872085,0,0,0.00991665162453043,0.00734900257197859,0.00760683464571817,0,0.00856073402781451,0.003928752950491205,0.005197035020979177,0.003928752950491205,0.001964458344164135,0,0,0.004167042833611048,0,0,0.04706741102426064,0.00760683464571817
-4.650000184774399,86744,0.7735405330628056,95.32301945955916,1.8756340496172645,0.08876694641704326,0.26053675182145164,0,0,0.06455777921239508,0.02420916720464816,0.03689015954994005,0,0.04380706446555381,0.008069722401549385,0.008069722401549385,0,0.0057640874296781336,0,0,0.002305634971871253,0,0,1.4663838421101172,0.018445079774970025,0.02974647872856438,0.07169055695951983,0.04606199707850116,0.010111441585300956,0.0173080558598315,0,0,0.008624111007855385,0.005282233883235122,0.006520117520481569,0,0.007104887520353058,0.0030499453063240443,0.0030499453063240443,0,0.002577703970435418,0,0,0.0016303113287119394,0,0,0.04081279348824964,0.004610844647920183
-4.35000017285347,102448,0.826760893331251,95.43573325003905,1.6906137747930656,0.09956270498203967,0.2615961268155552,0,0,0.04880524754021552,0.02049820396689052,0.04490082773699828,0,0.05075745744182415,0.0029283148524129315,0.008784944557238794,0.003904419803217242,0.003904419803217242,0,0,0.0029283148524129315,0,0,1.4778228955177262,0.02049820396689052,0.028290164298719854,0.06520625740911022,0.04027800502042295,0.009853268015153446,0.01595861213100337,0,0,0.006900419798534483,0.0044726163497855525,0.0066187794305539215,0,0.007037006317828105,0.001690638614158105,0.0029281862241697662,0.0019521717900016088,0.0019521717900016088,0,0,0.001690638614158105,0,0,0.037698706848644715,0.0044726163497855525
-4.050000160932541,98060,0.9127065062206813,95.3355088721191,1.8906791760146848,0.10401794819498267,0.2590250866816235,0,0,0.04487048745665919,0.022435243728329595,0.041811136039159695,0,0.053028757903324494,0.0030593514174994904,0.004079135223332654,0.007138486640832144,0,0,0,0.004079135223332654,0,0,1.2951254334081175,0.022435243728329595,0.03036886855306359,0.06734161627660382,0.04349287439263399,0.01029395362310773,0.016231616524590067,0,0,0.006762962704490873,0.0047826734419798,0.006528437169068728,0,0.007351815539801261,0.0017662903453046763,0.002039526012881679,0.002697998038014795,0,0,0,0.002039526012881679,0,0,0.03610599120623354,0.0047826734419798
-3.750000149011612,70231,1.4082100496931556,94.07668978086599,2.7452264669447963,0.1238769204482351,0.26341644003360337,0,0,0.04841167006022981,0.02990132562543606,0.03132519827426635,0,0.05268328800672068,0.0014238726488302886,0.014238726488302888,0.011390981190642309,0.0014238726488302886,0,0,0.004271617946490866,0,0,1.153336845552534,0.03417294357192693,0.04446206909336416,0.08907561447001652,0.06165667861052078,0.013272771322991034,0.019341237403989225,0,0,0.008300522979002585,0.006524028588931517,0.006677508594871428,0,0.008658797425005018,0.0014238625117276031,0.00450236009471649,0.004027090639970285,0.0014238625117276031,0,0,0.0024661670969760457,0,0,0.04028975845492712,0.006974330924085216
-3.450000137090683,39187,2.85809069334218,90.21103937530303,5.080766580753822,0.14545640135759308,0.29856840278663843,0,0,0.0484854671191977,0.040829867047745425,0.05358920050016588,0,0.13269706790517263,0.007655600071452267,0.020414933523872712,0.010207466761936356,0,0,0,0.005103733380968178,0,0,1.0386097430270242,0.0484854671191977,0.08417251661448244,0.1501160490818588,0.11093554573631137,0.01925215397549412,0.027561421390278923,0,0,0.01112063209524624,0.010205382701630954,0.011690988459361465,0,0.01838955904213093,0.004419793571486699,0.007217032177127655,0.005103472893376472,0,0,0,0.0036087923879546363,0,0,0.05121392741633234,0.01112063209524624
-3.150000125169754,21166,5.641122555041104,82.63724841727299,9.60975148823585,0.19370688840593403,0.30237172824340924,0,0,0.10394028158367191,0.14646130586790135,0.07086837380704905,0,0.22677879618255692,0.009449116507606539,0.037796466030426155,0.004724558253803269,0.023622791269016348,0,0,0.014173674761409807,0,0,0.8976660682226212,0.08031749031465558,0.15858231535340825,0.2603621228701966,0.2025804225692379,0.030222619223783286,0.03773927985521667,0,0,0.022148622840422263,0.026285956527537468,0.018291650490509563,0,0.0326955632780282,0.006681218678309875,0.013360543094964875,0.004724446645231533,0.010563185538433715,0,0,0.008182594990054914,0,0,0.06483058641494896,0.019472028278992633
-2.850000113248825,15449,9.120331413036443,74.39316460612338,14.512266166094893,0.0970936630202602,0.3301184542688847,0,0,0.14240403909638163,0.18124150430448574,0.07767493041620817,0,0.29775389992879797,0.012945821736034695,0.07120201954819082,0.006472910868017347,0.012945821736034695,0,0,0.019418732604052042,0,0,0.6343452650657001,0.09062075215224287,0.2316266311404645,0.35115130363022234,0.2833800896059116,0.025057302601429604,0.04614946661681734,0,0,0.03033901805471813,0.034220371855516636,0.022414110845511225,0,0.043836009642070496,0.009153485783072372,0.021460572387759426,0.00647270137175164,0.009153485783072372,0,0,0.011210321886506981,0,0,0.06387498540776891,0.024208438368047168
-2.550000101327896,13508,11.141545750666273,69.10719573586023,17.55256144506959,0.24429967426710095,0.3405389398874741,0,0,0.18507551080840984,0.18507551080840984,0.06662718389102754,0,0.39236008291382884,0.02220906129700918,0.014806040864672786,0,0.014806040864672786,0,0,0.029612081729345572,0,0,0.5552265324252295,0.14806040864672787,0.27072388584756735,0.39755276244470394,0.3273130408521414,0.04247513608059866,0.05012416269970444,0,0,0.03698083335384509,0.03698083335384509,0.022201661428167332,0,0.05378896749921154,0.012820983571038686,0.010468676813581214,0,0.010468676813581214,0,0,0.01480384851389973,0,0,0.063933806328618,0.0330827953600519
-2.250000089406967,12244,13.71283894152238,62.96145050637046,21.28389415223783,0.2613524991832734,0.3021888271806599,0,0,0.11434171839268213,0.1306762495916367,0.049003593596863765,0,0.3920287487749101,0.03266906239790918,0.03266906239790918,0.024501796798431882,0.008167265599477294,0,0,0.008167265599477294,0,0,0.4818686703691604,0.20418163998693234,0.3108673545314307,0.4364180326027987,0.3699096705983312,0.04614061783968015,0.04960441736429387,0,0,0.030541633757482894,0.032647710067263434,0.020000730972228747,0,0.05647345328536183,0.016331862811907634,0.016331862811907634,0.014144385844372154,0.008166932071530266,0,0,0.008166932071530266,0,0,0.06258262726455532,0.04079461655262114
-1.9500000774860382,11685,16.516902011125374,57.15019255455712,24.16773641420625,0.23962344886606762,0.3252032520325203,0,0,0.17115960633290545,0.25673940949935814,0.11125374411638854,0,0.3252032520325203,0.01711596063329054,0.025673940949935817,0.04278990158322636,0.025673940949935817,0,0,0.04278990158322636,0,0,0.3423192126658109,0.23962344886606762,0.3435177766971094,0.4577927683778022,0.3960323286158137,0.04523028651344332,0.052669083467283294,0,0,0.038239683960415084,0.04681377798930184,0.03083906771002814,0,0.052669083467283294,0.012101776029743836,0.014820953790716499,0.01913213111397568,0.014820953790716499,0,0,0.01913213111397568,0,0,0.05403269966942417,0.04523028651344332
-1.6500000655651093,10815,18.502080443828017,52.23300970873787,27.073509015256587,0.28663892741562647,0.36061026352288483,0,0,0.2034211742949607,0.29588534442903375,0.11095700416088765,0,0.34211742949607027,0.027739251040221912,0.03698566805362922,0.04623208506703652,0.009246417013407305,0,0,0.01849283402681461,0,0,0.27739251040221913,0.1756819232547388,0.3733965334730643,0.480311740697191,0.4272692820709573,0.05140803464050101,0.05763964657382034,0,0,0.04332540621189017,0.05222819369753831,0.03201275312116,0,0.05614746666875298,0.016013042643978823,0.01848941386143918,0.020670837053341776,0.009245989522387246,0,0,0.013075199188567754,0,0,0.050574420645370294,0.04026877819364533
-1.3500000536441803,10289,20.449023228690834,45.91311108951307,31.635727475945185,0.33044999514044127,0.30129264262804933,0,0,0.20410146758674313,0.31101176013218,0.08747205753717563,0,0.31101176013218,0.01943823500826125,0.04859558752065313,0.01943823500826125,0,0,0,0.01943823500826125,0,0,0.23325882009913498,0.11662941004956749,0.3976238799590011,0.4912785221822742,0.458476339052426,0.05657799331806751,0.05403217419839417,0,0,0.04449311647552092,0.054894068015609046,0.02914459745442076,0,0.054894068015609046,0.013743571839976097,0.021727326234730598,0.013743571839976097,0,0,0,0.013743571839976097,0,0,0.04755819320539984,0.03364837151475722
-1.0500000417232513,9549,24.0862917582993,38.936014242329044,34.9146507487695,0.38747512828568437,0.2932244214053828,0,0,0.19897371452508114,0.38747512828568437,0.10472300764477954,0,0.21991831605403708,0.010472300764477957,0.08377840611582366,0.04188920305791183,0.020944601528955914,0,0,0.031416902293433864,0,0,0.15708451146716934,0.12566760917373546,0.43758872955856093,0.49898716341265514,0.4878277755817192,0.06357698708320085,0.05533290331681486,0,0,0.04560226466312981,0.06357698708320085,0.03309897801129147,0,0.04793731238721659,0.0104717524047046,0.029607729300531457,0.020940214306132552,0.014808518734106229,0,0,0.018135707486029204,0,0,0.04052717794726471,0.03625431253575733
-0.7500000298023224,9085,27.528893780957624,31.77765547605944,38.64611997798569,0.26417171161254815,0.26417171161254815,0,0,0.17611447440836545,0.3082003302146395,0.1100715465052284,0,0.27517886626307103,0.04402861860209136,0.03302146395156852,0.02201430930104568,0.0550357732526142,0,0,0.01100715465052284,0,0,0.24215740231150248,0.24215740231150248,0.46861302926130044,0.48849686444936824,0.5108712930766279,0.05385255198005787,0.05385255198005787,0,0,0.0439898311318582,0.05815456373497469,0.03478851730352304,0,0.054959997678673225,0.022009462469348665,0.019061803078593665,0.015564753870458197,0.024605972197734784,0,0,0.011006548846584434,0,0,0.05156558308295665,0.05156558308295665
-0.45000001788139343,8812,29.720835224693598,26.838402178847026,41.364049024058104,0.35179300953245574,0.28370403994552884,0,0,0.20426690876078077,0.3177485247389923,0.13617793917385385,0,0.147526100771675,0.03404448479346346,0.04539264639128461,0.022696323195642305,0.07943713118474807,0,0,0.03404448479346346,0,0,0.23831139355424422,0.18157058556513844,0.4868627597194418,0.47204420988280454,0.5246337968798273,0.06307265355791866,0.05666026283878718,0,0,0.048096973633284044,0.05995334881513712,0.039284409220357724,0,0.04088618621479563,0.019652246352519706,0.02269117138007358,0.01604690270115172,0.0300124857900545,0,0,0.019652246352519706,0,0,0.05194180705725374,0.04535141782111462
-0.15000000596046448,8535,33.977738722905684,19.906268306971295,44.12419449326303,0.25776215582893963,0.25776215582893963,0,0,0.210896309314587,0.25776215582893963,0.210896309314587,0,0.1640304628002343,0.04686584651435267,0.1054481546572935,0.04686584651435267,0.023432923257176334,0,0,0.0351493848857645,0,0,0.17574692442882248,0.19917984768599883,0.5126732657309699,0.4322076288331318,0.5374629491892995,0.05488420387740677,0.05488420387740677,0,0,0.04965629220331422,0.05488420387740677,0.04965629220331422,0,0.04380301579805799,0.02342743159474864,0.035130847808856475,0.02342743159474864,0.01656763745607187,0,0,0.02028993999077774,0,0,0.045337768307265755,0.04826007476446047
0.15000000596046448,8101,36.11899765461054,14.8129860511048,46.932477471917046,0.3209480311072707,0.2468831008517467,0,0,0.13578570546846067,0.3209480311072707,0.13578570546846067,0,0.19750648068139737,0.061720775212936674,0.02468831008517467,0,0.012344155042587335,0,0,0.012344155042587335,0,0,0.37032465127762004,0.296259721022096,0.5336842543431669,0.394674155595733,0.5544748225045666,0.06284199896548452,0.05513655190158934,0,0,0.04091312522234628,0.06284199896548452,0.04091312522234628,0,0.049327835057614774,0.02759385028693295,0.017455116391584112,0,0.01234339312825506,0,0,0.01234339312825506,0,0,0.06748641414655958,0.06038411617491058
0.45000001788139343,8030,37.84557907845579,10.909090909090908,49.25280199252802,0.21170610211706103,0.23661270236612705,0,0,0.199252801992528,0.33623910336239105,0.21170610211706103,0,0.14943960149439603,0.062266500622665005,0.062266500622665005,0.03735990037359901,0.049813200498132,0,0,0.062266500622665005,0,0,0.21170610211706103,0.16189290161892902,0.5412349298805286,0.3478990181506294,0.5579094691195018,0.05129189140875955,0.05421841886913482,0,0,0.04976354865374919,0.06460036511739903,0.05129189140875955,0,0.043107251277430016,0.02783775477530204,0.02783775477530204,0.02156571894291445,0.02490039608898742,0,0,0.02783775477530204,0,0,0.05129189140875955,0.04486465164980743
0.7500000298023224,8194,39.943861361972175,7.700756651208201,50.500366121552354,0.2318769831584086,0.2806931901391262,0,0,0.18306077617769098,0.2684891383939468,0.18306077617769098,0,0.1952648279228704,0.0366121552355382,0.0732243104710764,0,0.0122040517451794,0,0,0.0854283622162558,0,0,0.1708567244325116,0.1342445691969734,0.5410728541511198,0.2945220335227485,0.5523320910485823,0.05313451756036961,0.058446375484614274,0,0,0.04722280651302246,0.05716518061104401,0.04722280651302246,0,0.048768523250675315,0.021134167781019755,0.029882752838235566,0,0.012203307028062296,0,0,0.03227509102509069,0,0,0.045624354206118135,0.04044908284581877
1.0500000417232513,8469,40.19364742000236,6.128232376904003,51.54091392136026,0.295194237808478,0.22434762073444328,0,0,0.18892431219742592,0.23615539024678237,0.20073208170976503,0,0.17711654268508678,0.05903884756169559,0.05903884756169559,0.02361553902467824,0.035423308537017355,0,0,0.09446215609871296,0,0,0.27157869878379975,0.27157869878379975,0.5327657546078646,0.26062678331752054,0.5430597317734185,0.05895164352077076,0.05141110703780511,0,0,0.047186441462374315,0.052743561679679175,0.048635793470083656,0,0.04569077788468,0.02639518013535998,0.02639518013535998,0.016696735924375358,0.02044803407185999,0,0,0.03338163788517005,0,0,0.056551126076501375,0.056551126076501375
1.3500000536441803,8615,41.2536273940801,4.480557167730702,52.02553685432385,0.3598374927452118,0.22054556006964599,0,0,0.1625072547881602,0.25536854323853747,0.19733023795705165,0,0.1392919326755659,0.046430644225188625,0.05803830528148578,0.011607661056297156,0.011607661056297156,0,0,0.05803830528148578,0,0,0.4062681369704005,0.3134068485200232,0.53038832741402,0.22288675471053404,0.5382520667327267,0.06451233758677156,0.05054079641718981,0,0,0.043396586398936406,0.0543751945244149,0.04781236853955182,0,0.04018210292937423,0.023209931975044857,0.02594798601673848,0.011606987347770149,0.011606987347770149,0,0,0.02594798601673848,0,0,0.06853221101324272,0.060220586002171464
1.6500000655651093,8804,41.890049977283056,2.8850522489777375,53.21444797819173,0.3407542026351658,0.2158109950022717,0,0,0.19309404815992728,0.24988641526578828,0.10222626079054975,0,0.10222626079054975,0.034075420263516586,0.06815084052703317,0.034075420263516586,0.022716946842344387,0,0,0.045433893684688774,0,0,0.3293957292139936,0.2726033621081327,0.5258243253286609,0.17839384447297388,0.5317783384967413,0.06210683409322958,0.049456984456441345,0,0,0.046786948731689655,0.053209356409382846,0.03405799879605742,0,0.03405799879605742,0.019670100870392667,0.027812981901422194,0.019670100870392667,0.016061482509969624,0,0,0.022711785659307804,0,0,0.061066427077508,0.0555690315454499
1.9500000774860382,9061,42.93124379207593,2.2734797483721443,52.974285398962586,0.17658095132987528,0.2648714269948129,0,0,0.18761726078799248,0.17658095132987528,0.11036309458117206,0,0.16554464187175807,0.09932678512305484,0.08829047566493764,0.033108928374351615,0.033108928374351615,0,0,0.011036309458117205,0,0,0.2317624986204613,0.2427988080785785,0.5199934509355719,0.15658988217907308,0.5243390346739478,0.04410624457072925,0.0539950025959374,0,0,0.045461163015318946,0.04410624457072925,0.0348806112427187,0,0.04270804834083163,0.03309248127217103,0.031201613874198158,0.019112283987428032,0.019112283987428032,0,0,0.011035700440681204,0,0,0.05051608286692033,0.05170199936560695
2.250000089406967,9338,43.853073463268366,2.0561147997429856,52.74148639965731,0.17134289997858212,0.22488755622188905,0,0,0.04283572499464553,0.139216106232598,0.139216106232598,0,0.05354465624330692,0.021417862497322766,0.04283572499464553,0.010708931248661383,0.03212679374598415,0,0,0.010708931248661383,0,0,0.26772328121653455,0.1927607624759049,0.5134948325394969,0.14685387427015129,0.5166414859113749,0.04279901127459866,0.04901927579175515,0,0,0.02141327475763271,0.038584714578207446,0.038584714578207446,0,0.023939486505530502,0.015143093886324017,0.02141327475763271,0.010708357827266703,0.01854543327290358,0,0,0.010708357827266703,0,0,0.05347293245050526,0.045390336703970684
2.550000101327896,9813,42.800366860287376,1.7935391827168041,53.84693773565679,0.21400183430143688,0.25476408845409154,0,0,0.1528584530724549,0.16304901661061857,0.14266788953429124,0,0.09171507184347294,0.03057169061449098,0.05095281769081831,0.010190563538163661,0.040762254152654644,0,0,0.06114338122898196,0,0,0.18343014368694588,0.16304901661061857,0.49948156987828307,0.1339752466112642,0.5032454610777743,0.04664903363682793,0.05088787155881785,0,0,0.03943770633791133,0.0407290093685308,0.03810238828394465,0,0.03055766797452943,0.017647875560209927,0.022780986804194246,0.010190044287008542,0.020376972749525844,0,0,0.02495404848521609,0,0,0.04319522837200904,0.0407290093685308
2.850000113248825,10008,43.13549160671462,1.70863309352518,53.607114308553165,0.1398880895283773,0.2797761790567546,0,0,0.1199040767386091,0.15987210231814547,0.1498800959232614,0,0.06994404476418865,0.009992006394884092,0.04996003197442046,0.03996802557953637,0.009992006394884092,0,0,0.10991207034372502,0,0,0.21982414068745004,0.18984812150279776,0.4950674489689547,0.12954135810487374,0.49849781602173576,0.0373605056392347,0.05279871358476285,0,0,0.03459256787263153,0.03993606393861524,0.03866986253276026,0,0.02642711707108322,0.009991507181454445,0.02233722359690885,0.01998001878297507,0.009991507181454445,0,0,0.03312151882250025,0,0,0.04681512380564695,0.04351278311334209
3.150000125169754,10504,44.954303122619955,1.3613861386138615,52.40860624523991,0.14280274181264282,0.13328255902513328,0,0,0.10472201066260471,0.11424219345011424,0.15232292460015232,0,0.06664127951256664,0.02856054836252856,0.06664127951256664,0,0.047600913937547604,0,0,0.06664127951256664,0,0,0.16184310738766183,0.19040365575019041,0.4853666870804154,0.11306723867265966,0.487290742085755,0.03684517322014556,0.035597515870297004,0,0,0.03155833698951391,0.032960037289066324,0.03805171725542581,0,0.025179641878124194,0.01648708537987001,0.025179641878124194,0,0.021282708680079827,0,0,0.025179641878124194,0,0,0.03922094243550331,0.0425349997263756
3.450000137090683,10742,44.59132377583318,1.182275181530441,52.857940793148394,0.1861850679575498,0.1861850679575498,0,0,0.12102029417240738,0.1675665611617948,0.13963880096816234,0,0.0930925339787749,0.00930925339787749,0.01861850679575498,0.01861850679575498,0.00930925339787749,0,0,0.04654626698938745,0,0,0.2141128281511823,0.15825730776391733,0.47959152054442844,0.1042879517057969,0.4816336484994217,0.041593472264795615,0.041593472264795615,0,0,0.033544674088641806,0.03946271246722518,0.03602940148765182,0,0.029424738365702568,0.009308820076798386,0.013164046765225035,0.013164046765225035,0.009308820076798386,0,0,0.020811278289361423,0,0,0.044597789302208,0.03835265105014393
3.750000149011612,11103,43.699900927677206,1.0807889759524454,53.886337026029,0.13509862199405567,0.1801314959920742,0,0,0.14410519679365938,0.12609204719445194,0.20715122039088535,0,0.0810591731964334,0.04503287399801855,0.04503287399801855,0.009006574799603711,0.027019724398811132,0,0,0.0900657479960371,0,0,0.15311177159326309,0.0900657479960371,0.47073299015594605,0.09812747077655529,0.4730793290394884,0.03485874347870884,0.04024233339460024,0,0,0.03600033195532677,0.03367826422127861,0.04314925368295839,0,0.027008771196118442,0.020134778329878558,0.020134778329878558,0.00900616919852271,0.015597737495118735,0,0,0.028468461450609207,0,0,0.037106619259859065,0.028468461450609207
4.050000160932541,11527,44.57360978572048,0.9803071050576907,52.99731066192418,0.2602585234666435,0.17350568231109567,0,0,0.17350568231109567,0.07807755703999306,0.09542812527110263,0,0.07807755703999306,0.05205170469332871,0.05205170469332871,0.008675284115554785,0.026025852346664356,0,0,0.06072698880888349,0,0,0.2255573870044244,0.1648303981955409,0.46295529354442083,0.09176640453489283,0.4648685045659039,0.04745461488972599,0.03876337785772179,0,0,0.03876337785772179,0.02601569018783012,0.028758930478083016,0,0.02601569018783012,0.021244488238226746,0.021244488238226746,0.008674907804620668,0.015024077404434337,0,0,0.022945674039340842,0,0,0.04418552667312923,0.03778350886385664
4.35000017285347,11797,44.81647876578791,0.8561498686106638,53.01347800288209,0.16105789607527338,0.1864880901924218,0,0,0.13562770195812496,0.15258116470289057,0.06781385097906248,0,0.059337119606679666,0.03390692548953124,0.05086038823429686,0.01695346274476562,0.01695346274476562,0,0,0.05086038823429686,0,0,0.21191828430957024,0.16953462744765618,0.4578653519096138,0.0848246346130771,0.4595089859000855,0.03691944861899146,0.03972230385270768,0,0,0.033883924095896564,0.03593627800480692,0.023967686101755335,0,0.022420668290899753,0.016950588302095795,0.0207583856367123,0.011986892245545784,0.011986892245545784,0,0,0.0207583856367123,0,0,0.04233872368465937,0.03787694699834657
4.650000184774399,12084,45.38232373386296,0.6785832505792784,52.623303541873554,0.14068189341277723,0.14895729890764647,0,0,0.1737835153922542,0.09930486593843098,0.12413108242303873,0,0.033101621979477,0.04137702747434625,0.033101621979477,0.033101621979477,0.024826216484607744,0,0,0.0827540549486925,0,0,0.23171135385633895,0.14895729890764647,0.45290239358127493,0.07468229621705753,0.45421982234907915,0.034096361911152034,0.0350834131748266,0,0,0.0378897060817519,0.028652608218963673,0.03203060916672606,0,0.016548071469569152,0.018500540552844277,0.016548071469569152,0.016548071469569152,0.01433164343662273,0,0,0.026158299676099377,0,0,0.04373856802843932,0.0350834131748266
4.950000196695328,12452,44.86829424991969,0.7548988114359139,52.93928686154834,0.24092515258592995,0.16864760681015098,0,0,0.152585929971089,0.16061676839061997,0.08833922261484099,0,0.072277545775779,0.032123353678124,0.12046257629296497,0.008030838419531,0,0,0,0.040154192097654993,0,0,0.21683263732733696,0.13652425313202698,0.44570852253674154,0.07756742138883196,0.447299836408715,0.04393369409858228,0.036770879073559,0,0,0.03497889608699975,0.03588614689670672,0.0266235104915257,0,0.024083806945397516,0.01605909685722236,0.031084563889357757,0.008030515941227839,0,0,0,0.017953894915743427,0,0,0.041684194413894836,0.03308938439411571
5.250000208616257,13024,46.06879606879607,0.6296068796068797,52.05006142506142,0.19195331695331697,0.13052825552825553,0,0,0.16891891891891891,0.16891891891891891,0.13052825552825553,0,0.08445945945945946,0.023034398034398034,0.05374692874692875,0.007678132678132678,0.007678132678132678,0,0,0.023034398034398034,0,0,0.12285012285012285,0.1382063882063882,0.4367684859900732,0.06930922498806287,0.43775635242724703,0.038353799615967,0.03163708413714402,0,0,0.03598320474263807,0.03598320474263807,0.03163708413714402,0,0.02545472890671204,0.013297384154956217,0.020308969674962193,0.007677837903867164,0.007677837903867164,0,0,0.013297384154956217,0,0,0.030693659724136124,0.03255303956699749
5.550000220537186,13072,45.83078335373317,0.550795593635251,52.31028151774786,0.15299877600979192,0.16829865361077112,0,0,0.14534883720930233,0.10709914320685433,0.10709914320685433,0,0.04589963280293758,0,0.03824969400244798,0.06119951040391676,0.03824969400244798,0,0,0.01529987760097919,0,0,0.23714810281517748,0.1912484700122399,0.43579666077281426,0.06473287048267634,0.43685256337329936,0.03418538470608398,0.03585118684570795,0,0,0.03332106783313068,0.028608118180188685,0.028608118180188685,0,0.01873414569203673,0,0.017102511413855884,0.02163067243352382,0.017102511413855884,0,0,0.010817819551427854,0,0,0.04254252234026897,0.03821310052067418
5.850000232458115,13603,45.806072189958094,0.5587002867014629,52.46636771300448,0.18378298904653384,0.13967507167536572,0,0,0.10291847386605896,0.18378298904653384,0.11762111298978166,0,0.07351319561861355,0.022053958685584064,0.036756597809306776,0,0.022053958685584064,0,0,0.04410791737116813,0,0,0.11762111298978166,0.12497243255164302,0.42718843992835465,0.06390803937005754,0.4281773119927631,0.03672280608924556,0.03202127275018013,0,0,0.027491961058395926,0.03672280608924556,0.029387979751501727,0,0.023238367277727698,0.012731454856668276,0.016435028952975862,0,0.012731454856668276,0,0,0.018003010172354412,0,0,0.029387979751501727,0.03029132138114298
6.150000244379044,13773,46.671023016045886,0.4646772671168227,51.709867131343934,0.1597328105714078,0.18151455746750889,0,0,0.12342989907790605,0.10890873448050534,0.14521164597400713,0,0.02178174689610107,0.02904232919480142,0.05082407609090249,0.03630291149350178,0,0,0,0.0653452406883032,0,0,0.10890873448050534,0.12342989907790605,0.42509990986273094,0.05794954814858915,0.4257960588968634,0.03402794014552282,0.03626994899420159,0,0,0.029917666938107774,0.028104797524841206,0.03244672725085959,0,0.012574327756002509,0.014519055802066123,0.01920481294043096,0.01623220839154313,0,0,0,0.0217746290656525,0,0,0.028104797524841206,0.029917666938107774
6.4500002562999725,13978,46.143940477893835,0.4435541565316926,52.36800686793532,0.09300329088567749,0.12161968808127056,0,0,0.10731148948347403,0.08584919158677923,0.10015739018457576,0,0.07154099298898269,0.028616397195593075,0.042924595793389614,0.014308198597796537,0.021462297896694807,0,0,0.03577049649449134,0,0,0.1573901845757619,0.1645442838746602,0.4216500035509185,0.05620636516067589,0.42243498844721894,0.0257824742078944,0.029479164463617927,0,0,0.02769283667438706,0.024771886852557868,0.026754779969696177,0,0.022615154495387008,0.014306151205842466,0.017520131417728364,0.010116700418595168,0.012389933671790303,0,0,0.015994190981690744,0,0,0.03352928301116454,0.03428161586478428
6.7500002682209015,14402,45.63255103457853,0.4582696847660047,52.66629634772948,0.15970004166088045,0.08332176086654632,0,0,0.15275656158866824,0.10415220108318289,0.15275656158866824,0,0.07637828079433412,0.013886960144424384,0.03471740036106097,0.013886960144424384,0.02083044021663658,0,0,0.02083044021663658,0,0,0.22913484238300236,0.180530481877517,0.4150452505797127,0.05627969744692791,0.41604492587818587,0.03327316012153186,0.024042897786145847,0,0,0.032542924119898384,0.026877974740114757,0.032542924119898384,0,0.023020121913035325,0.00981888184506929,0.015523398079911077,0.00981888184506929,0.012025207618869152,0,0,0.012025207618869152,0,0,0.03984153225150063,0.03537296758903677
7.0500002801418304,14929,45.9106437135776,0.34831535936767366,52.521937169267865,0.20764954116149775,0.15406256279724026,0,0,0.12726907361511153,0.1473641905017081,0.09377721213745059,0,0.06698372295532186,0.006698372295532187,0.020095116886596556,0.013396744591064373,0.03349186147766093,0,0,0.03349186147766093,0,0,0.17415767968383683,0.1406658182061759,0.40784696842386253,0.048218453392710185,0.4086970512718243,0.037256217028770855,0.032099509738494396,0,0,0.029178942295463146,0.031394992893370326,0.025051259724556338,0,0.021175017597282953,0.006698147950818215,0.011600755375497469,0.00947229439286463,0.014975507373214222,0,0,0.014975507373214222,0,0,0.0341253761916324,0.0306742012319937
7.350000292062759,15197,45.77219187997631,0.3290123050602093,52.81305520826479,0.11186418372047115,0.09212344541685859,0,0,0.09212344541685859,0.15134566032769625,0.11844442982167534,0,0.052641968809633476,0.019740738303612556,0.05922221491083767,0.013160492202408369,0.019740738303612556,0,0,0.019740738303612556,0,0,0.177666644732513,0.15792590642890045,0.4041410342373105,0.046452759666606905,0.40495115663180414,0.027115870507960205,0.024609682949334705,0,0,0.024609682949334705,0.031533861997052326,0.02790108150877308,0,0.01860684712036645,0.011396195560454422,0.019734891986673192,0.009305260910563572,0.011396195560454422,0,0,0.011396195560454422,0,0,0.03416157436214884,0.03221102571683157
7.650000303983688,15254,46.47961190507408,0.3146715615576242,52.07158778025436,0.18355841090861413,0.1311131506490101,0,0,0.10489052051920807,0.1311131506490101,0.1245574931165596,0,0.026222630129802017,0.019666972597351513,0.04588960272715353,0.006555657532450504,0.013111315064901008,0,0,0.03933394519470303,0,0,0.17044709584371315,0.1376688081814606,0.4038303938506625,0.045347411163522866,0.4044874582062083,0.034657426854530646,0.029298565715262275,0,0,0.02620887399501678,0.029298565715262275,0.02855764671599277,0,0.013109595886362851,0.011353615302313887,0.017340659361617144,0.006555442645700223,0.009270491991189598,0,0,0.016054857446738475,0,0,0.03339892549463621,0.03002111065873831
7.950000315904617,15672,46.24170495150587,0.28075548749361917,52.27794793261869,0.1978050025523226,0.19142419601837674,0,0,0.0765696784073507,0.15952016334864727,0.07018887187340479,0,0.012761613067891782,0.03828483920367535,0.04466564573762123,0.006380806533945891,0.006380806533945891,0,0,0.006380806533945891,0,0,0.2105666156202144,0.17866258295048493,0.39826986875339226,0.042266024947104484,0.3989850377049521,0.035491672912213515,0.03491565018087689,0,0,0.022095298209772917,0.031878575830965046,0.021155312884637584,0,0.009023247328117382,0.01562672796255308,0.0168782565985,0.006380602957238262,0.006380602957238262,0,0,0.006380602957238262,0,0,0.03661633099672251,0.03373387915568902
8.250000327825546,16068,45.973363206372916,0.29250684590490417,52.63878516305701,0.16181229773462785,0.11824744834453572,0,0,0.10580034851879513,0.06845904904157331,0.07468259895444362,0,0.062235499128703006,0.018670649738610906,0.04978839930296241,0.031117749564351503,0.012447099825740602,0,0,0.031117749564351503,0,0,0.17425939756036843,0.18670649738610903,0.39316621630713733,0.04260406166289871,0.39389769026331456,0.03170831729563987,0.02711178141554646,0,0,0.0256467756929339,0.020634113337659316,0.021550957387209347,0,0.019674467745668146,0.01077849830377845,0.017598474749733167,0.013914115281389753,0.008800880914533167,0,0,0.013914115281389753,0,0,0.032903224679718616,0.03405594982670062
8.550000339746475,16274,46.64495514317316,0.2519356028020155,51.88644463561509,0.12904018680103232,0.11060587440088485,0,0,0.116750645200934,0.15361927000122894,0.11060587440088485,0,0.08602679120068822,0.006144770800049158,0.04301339560034411,0.03686862480029495,0.030723854000245788,0,0,0.030723854000245788,0,0,0.1904878948015239,0.17205358240137644,0.3910595793080078,0.03929613663511046,0.3916638835526393,0.02814070332059952,0.026055633114523986,0,0,0.026768794882023023,0.03070024605005521,0.026055633114523986,0,0.022981735446721233,0.006144582006107948,0.01625403856534583,0.015048778140373326,0.013738014304909727,0,0,0.013738014304909727,0,0,0.03418003488071295,0.03248708708684887
8.850000351667404,16498,46.0298217965814,0.21820826766880833,52.636683234331436,0.15153351921445024,0.11516547460298217,0,0,0.11516547460298217,0.11516547460298217,0.10910413383440416,0,0.04242938538004607,0.01818402230573403,0.0606134076857801,0.012122681537156019,0.0060613407685780095,0,0,0.01818402230573403,0,0,0.1818402230573403,0.16971754152018428,0.38804395574636885,0.03632834390201707,0.3887314353575218,0.030283732729911358,0.026405553686147883,0,0,0.026405553686147883,0.026405553686147883,0.025702058475562572,0,0.016033397766421438,0.010497595600416165,0.019161832541957666,0.008571510725371724,0.0060611570665347015,0,0,0.010497595600416165,0,0,0.03316913207373234,0.03204637174943889
9.150000363588333,16793,46.81117132138391,0.2858333829571845,51.86684928243911,0.1488715536235336,0.11314238075388555,0,0,0.1071875186089442,0.13100696718870958,0.08336807002917883,0,0.035729172869648065,0.011909724289882689,0.017864586434824033,0.017864586434824033,0.0059548621449413445,0,0,0.035729172869648065,0,0,0.16078127791341632,0.16673614005835766,0.3850532766043707,0.041197490536649686,0.38556973320031923,0.029752139730579236,0.025941954175174208,0,0,0.025250796682245977,0.0279124776227367,0.022271764352978382,0,0.014583767715577633,0.008420945306957922,0.010313202458177783,0.010313202458177783,0.005954684840385919,0,0,0.014583767715577633,0,0,0.030917486584736028,0.03148388827561237
9.450000375509262,17153,46.4816650148662,0.25651489535358246,52.02005480090946,0.16906663557395207,0.12825744767679123,0,0,0.09327814376493908,0.13991721564740864,0.12825744767679123,0,0.05829883985308692,0.04663907188246954,0.05246895586777823,0.005829883985308692,0.01748965195592608,0,0,0.02331953594123477,0,0,0.21570570745642165,0.1632367515886434,0.38082205409818887,0.03862144511894714,0.38145668710784814,0.03136833570185365,0.027327038366290406,0,0,0.02330865738868465,0.028540494537692113,0.027327038366290406,0,0.018430337201581187,0.01648555629769302,0.017485063035024284,0.005829714045095416,0.010096772203793262,0,0,0.011658408389459472,0,0,0.03542353265140742,0.030823657784125165
9.750000387430191,17176,47.03074056823475,0.15137401024685607,51.81066604564508,0.15137401024685607,0.11061946902654868,0,0,0.08150908244061482,0.09897531439217513,0.08150908244061482,0,0.04075454122030741,0.011644154634373545,0.029110386585933862,0.011644154634373545,0.03493246390312064,0,0,0.03493246390312064,0,0,0.18048439683278994,0.13972985561248255,0.38083937479127716,0.02966440822562514,0.3812624495719539,0.02966440822562514,0.025363806363579097,0,0,0.021775338732028304,0.023993157266591254,0.021775338732028304,0,0.015400629507562201,0.008233181319102664,0.013016665636900885,0.008233181319102664,0.01425862757250434,0,0,0.01425862757250434,0,0,0.03238668852305973,0.0285023033338789
10.05000039935112,5893,46.648566095367386,0.254539283896148,52.07873748515187,0.13575428474461226,0.2036314271169184,0,0,0.1018157135584592,0.18666214152384183,0.1018157135584592,0,0.016969285593076533,0,0.033938571186153066,0.016969285593076533,0,0,0,0.016969285593076533,0,0,0.13575428474461226,0.06787714237230613,0.649866240957117,0.06563806335529075,0.6507679091826013,0.047963798018422835,0.05872344846444027,0,0,0.04154492520762467,0.05622820130784565,0.04154492520762467,0,0.01696784574872342,0,0.023994121161882466,0.01696784574872342,0,0,0,0.01696784574872342,0,0,0.047963798018422835,0.033927050964780374

