Distance (nm),Atom Count,C atom%,Co atom%,W atom%,WC atom%,Cr atom%,Fe atom%,C3 atom%,CoH atom%,Ga atom%,Ti atom%,Ni atom%,OH atom%,N atom%,Mn atom%,CrH atom%,Ta atom%,P atom%,Al atom%,Zr atom%,WO atom%,Noise reference atom%,H atom%,O atom%,C atom% Sigma,Co atom% Sigma,W atom% Sigma,WC atom% Sigma,Cr atom% Sigma,Fe atom% Sigma,C3 atom% Sigma,CoH atom% Sigma,Ga atom% Sigma,Ti atom% Sigma,Ni atom% Sigma,OH atom% Sigma,N atom% Sigma,Mn atom% Sigma,CrH atom% Sigma,Ta atom% Sigma,P atom% Sigma,Al atom% Sigma,Zr atom% Sigma,WO atom% Sigma,Noise reference atom% Sigma,H atom% Sigma,O atom% Sigma
-10.05000039935112,2962,0.7089804186360568,91.28966914247131,0.4388926401080351,0,3.1060094530722484,0.8102633355840648,0,0,0.2363268062120189,0,0.0675219446320054,0,0.0675219446320054,0,0,0,0,0,0,0,0,3.2072923700202565,0.0675219446320054,0.15416279598846322,0.5181262734913077,0.1214594978122294,0,0.3187552017738431,0.16472288320998296,0,0,0.08921752707680279,0,0.04772910295409624,0,0.04772910295409624,0,0,0,0,0,0,0,0,0.3237412713180654,0.04772910295409624
-9.750000387430191,8951,0.4803932521505977,91.36409339738577,0.5585968048262764,0,3.1057982348340967,0.49156518824712325,0,0,0.5139090604401743,0,0.04468774438610211,0,0,0,0,0,0.011171936096525528,0.011171936096525528,0,0,0,3.39626857334376,0.022343872193051055,0.07308310597984503,0.2968971060259221,0.07877656993947824,0,0.1833579460723742,0.07392387580152855,0,0,0.07557680740565179,0,0.02233887914892323,0,0,0,0,0,0.011171312018313912,0.011171312018313912,0,0,0,0.19145300424239073,0.01579773833662272
-9.450000375509262,9237,0.5629533398289488,91.63148208292736,0.49799718523330083,0,2.7065064414853306,0.6820396232543033,0,0,0.49799718523330083,0.010826025765941322,0.07578218036158926,0,0.04330410306376529,0,0,0,0.010826025765941322,0,0,0,0,3.2586337555483382,0.021652051531882644,0.07784752985219906,0.2881251433921124,0.07324262205348063,0,0.16884218344072763,0.08563537960121215,0,0,0.07324262205348063,0.01082543973591053,0.028632116672593966,0,0.02164736291088097,0,0,0,0.01082543973591053,0,0,0,0,0.18473892512406792,0.015308654876692194
-9.150000363588333,9440,0.38135593220338987,91.90677966101694,0.46610169491525427,0,2.8707627118644066,0.5932203389830508,0,0,0.3601694915254237,0,0.0211864406779661,0,0.03177966101694915,0,0,0.01059322033898305,0,0.01059322033898305,0.01059322033898305,0,0,3.2733050847457625,0.0635593220338983,0.06343801264576386,0.28070390833954373,0.07010352416061234,0,0.17186507833878026,0.07903692250753486,0,0,0.061657222117008234,0,0.014979488810155046,0,0.018345080145781442,0,0,0.010592659242537359,0,0.010592659242537359,0.010592659242537359,0,0,0.18313882339124793,0.025939737071125304
-8.850000351667404,10012,0.46943667598881345,92.0495405513384,0.3495805033959249,0,2.656811825809029,0.519376747902517,0,0,0.519376747902517,0.01997602876548142,0.06991610067918498,0,0.02996404314822213,0.00998801438274071,0,0,0.00998801438274071,0,0,0,0,3.276068717538953,0.01997602876548142,0.06831346576690199,0.2703625322848908,0.05898651617289782,0,0.16072104978285345,0.07183731299925024,0,0,0.07183731299925024,0.014123774505236218,0.026416562587583174,0,0.017297156331416395,0.009987515568128432,0,0,0.009987515568128432,0,0,0,0,0.17790290952349683,0.014123774505236218
-8.550000339746475,10731,0.33547665641599106,91.94856024601621,0.363433044450657,0,2.618581679247041,0.6616345168204268,0,0,0.3913894324853229,0,0.07455036809244246,0,0.02795638803466592,0.009318796011555308,0,0,0,0.009318796011555308,0,0,0,3.541142484391017,0.018637592023110616,0.05581891012277708,0.26265709887148014,0.058090014683371896,0,0.15415265635275613,0.07826137689334052,0,0,0.060274399380155094,0,0.02634770875743316,0,0.01613837183135671,0.009318361801643762,0,0,0,0.009318361801643762,0,0,0,0.17841142429642856,0.013177539544823083
-8.250000327825546,10957,0.4198229442365611,91.8317057588756,0.31030391530528434,0,2.555444008396459,0.4837090444464726,0,0,0.42894952998083413,0,0.10039244318700373,0,0.027379757232819206,0.009126585744273066,0,0,0,0,0,0,0,3.805786255361869,0.027379757232819206,0.061769445290992146,0.26164725431346303,0.0531340515629194,0,0.15075306288347926,0.06628165803270245,0,0,0.06243438121375334,0,0.03025426258992321,0,0.01580554600422654,0.00912616926193346,0,0,0,0,0,0,0,0.18278932977988746,0.01580554600422654
-7.950000315904617,11241,0.41811226759185127,91.24633039765145,0.4270082732852949,0,2.5976336624855443,0.5960323814607241,0,0,0.4981763188328441,0,0.08896005693443644,0,0.01779201138688729,0.008896005693443645,0,0,0,0,0,0,0,4.029890579129971,0.07116804554754916,0.0608603097714566,0.2665632687064134,0.0615016048858038,0,0.1500276241811586,0.07259961425194639,0,0,0.06640558179368744,0,0.028119124323473577,0,0.012579732659528551,0.00889560999005651,0,0,0,0,0,0,0,0.18548643239575058,0.02515274866523711
-7.650000303983688,11742,0.3491739056378811,92.09674672117187,0.41730539942088235,0,2.26537216828479,0.6642820643842616,0,0,0.40027252597513197,0.017032873445750298,0.04258218361437575,0,0.0510986203372509,0.008516436722875149,0,0.008516436722875149,0.008516436722875149,0.017032873445750298,0.008516436722875149,0,0,3.593936297053313,0.0510986203372509,0.054436513731155906,0.24897403437235355,0.05949053859275501,0,0.13731657863051086,0.07496489599034624,0,0,0.05826878037756615,0.012043034548125263,0.019039276473525556,0,0.020855593894425813,0.008516074066681366,0,0.008516074066681366,0.008516074066681366,0.012043034548125263,0.008516074066681366,0,0,0.17177751858583007,0.020855593894425813
-7.350000292062759,12590,0.5083399523431295,92.02541699761716,0.33359809372517873,0,2.3431294678316124,0.6513105639396346,0,0,0.34948371723590155,0.015885623510722795,0.07148530579825257,0,0.03177124702144559,0.03177124702144559,0,0,0.007942811755361398,0,0,0,0,3.590150913423352,0.03971405877680699,0.06338078232776968,0.24143210633207438,0.05138937136053409,0,0.1348145229789717,0.07169060861260532,0,0,0.05259450653019435,0.011231939869663615,0.0238199168285458,0,0.01588309977990844,0.01588309977990844,0,0,0.007942496307804517,0,0,0,0,0.16580750673599312,0.017757139926380748
-7.0500002801418304,12885,0.5665502522312768,92.22351571594878,0.473418703919286,0,2.351571594877765,0.6053550640279395,0,0,0.3802871556072953,0,0.06208769887466046,0,0.007760962359332557,0.007760962359332557,0,0,0.007760962359332557,0,0,0,0,3.275126115638339,0.038804811796662786,0.0661215857965596,0.2359229961560601,0.06047140203054348,0,0.1334963895840279,0.06833518457182677,0,0,0.05422333931961487,0,0.021944500859566476,0,0.007760661190805335,0.007760661190805335,0,0,0.007760661190805335,0,0,0,0,0.1567981335196384,0.017350671978406673
-6.7500002682209015,13252,0.5810443706610322,91.93329308783579,0.5055840627829762,0,2.1808028976758225,0.5885904014488379,0,0,0.35466344702686387,0,0.09055236945366738,0,0.03773015393902807,0.022638092363416844,0,0,0,0,0,0,0,3.644732870510112,0.06036824630244491,0.0660234985616266,0.23656137394117066,0.06161058430604973,0,0.12687601835368004,0.06644831768182093,0,0,0.0516411602131866,0,0.0261283794662822,0,0.016870254314498925,0.013068629224579192,0,0,0,0,0,0,0,0.16279080398252344,0.02133695487424054
-6.4500002562999725,14274,0.5674653215636822,91.60011209191538,0.3993274485077764,0,2.2068095838587642,0.518425108589043,0,0,0.4343561720610901,0.014011489421325487,0.11909766008126664,0,0.0490402129746392,0.0070057447106627434,0,0.0070057447106627434,0.0070057447106627434,0.0070057447106627434,0.0070057447106627434,0,0,4.021297463920415,0.03502872355331372,0.06287254960400604,0.23217310081440007,0.052786500459610385,0,0.12296001058840139,0.06010927549970231,0,0,0.05504335606402893,0.009906925057520638,0.028868219370750788,0,0.018530912781772615,0.007005499304069773,0,0.007005499304069773,0.007005499304069773,0.007005499304069773,0.007005499304069773,0,0,0.16443629812101768,0.01566257748467575
-6.150000244379044,15313,0.6073271076862796,91.75210605367988,0.4310063344870371,0,1.8938157121400117,0.6007967086789002,0,0,0.3265199503689675,0.013060798014758701,0.07183438908117286,0,0.013060798014758701,0.006530399007379351,0,0.006530399007379351,0.006530399007379351,0,0,0,0,4.244759354796578,0.026121596029517403,0.0627853582579428,0.22230509358123152,0.05293875752059588,0,0.11015061056540427,0.06244894169006192,0,0,0.046101444193469204,0.009234775717161388,0.0216511025780099,0,0.009234775717161388,0.006530185773342058,0,0.006530185773342058,0.006530185773342058,0,0,0,0,0.16292122685748284,0.013059092058897877
-5.850000232458115,16133,0.6198475175106923,92.32628773321763,0.38430546085662926,0,1.871939502882291,0.4524886877828055,0,0,0.40290088638195,0.018595425525320772,0.04338932622574846,0,0.024793900700427696,0.012396950350213848,0,0.006198475175106924,0,0.006198475175106924,0,0,0,3.7934668071654376,0.037190851050641544,0.06179234766213396,0.2095597518029318,0.048712968377969575,0,0.1067050430159315,0.052839840721534796,0,0,0.049872930651793976,0.010735075677013699,0.016396065591985896,0,0.0123954134111613,0.008765424285499028,0,0.006198283066657447,0,0.006198283066657447,0,0,0,0.15040520288276032,0.015180277737457365
-5.550000220537186,16310,0.7418761496014715,91.7841814837523,0.38626609442060084,0,1.870018393623544,0.5640711220110362,0,0,0.5027590435315757,0.030656039239730225,0.08583690987124463,0,0.030656039239730225,0.006131207847946045,0,0,0.006131207847946045,0.006131207847946045,0,0,0,3.936235438381361,0.04904966278356836,0.06719264777723628,0.21502173299719965,0.048570874561752644,0,0.10607103763866334,0.0586423843653004,0,0,0.05538070552354861,0.013707695930652679,0.022931031149485557,0,0.013707695930652679,0.006131019886516551,0,0,0.006131019886516551,0.006131019886516551,0,0,0,0.15226263943588,0.017337421046484426
-5.250000208616257,17380,0.8227848101265823,91.95051783659378,0.43728423475258915,0,1.7721518987341773,0.5811277330264671,0,0,0.5523590333716916,0.01150747986191024,0.08630609896432681,0,0.06904487917146145,0,0,0,0,0,0.00575373993095512,0,0,3.6823935558112773,0.028768699654775604,0.06852108029431409,0.20636506320583026,0.05005015089795131,0,0.10007898707943845,0.057656109125395635,0,0,0.05621899623024138,0.008136548848455692,0.02227452056974216,0,0.01992465774599294,0,0,0,0,0,0.005753574400958079,0,0,0.14285421388901526,0.012863902822341842
-4.950000196695328,18726,0.8490868311438641,92.39559970095056,0.501975862437253,0,1.6394318060450712,0.5500373811812453,0,0,0.38983231870127094,0.010680337498664958,0.08544269998931966,0,0.04272134999465983,0.005340168749332479,0,0.005340168749332479,0,0,0,0,0,3.4978105308127736,0.026700843746662397,0.0670504817095912,0.19370267572541972,0.05164474483200577,0,0.09279715957309065,0.05404753673912842,0,0,0.045537401683904626,0.007551735762927459,0.021351547478486804,0,0.01510105142090801,0.005340026160417474,0,0.005340026160417474,0,0,0,0,0,0.13425924925080093,0.011939386057148445
-4.650000184774399,20829,0.8545777521724519,92.35681021652505,0.5617168371021173,0,1.569926544721302,0.5377118440635652,0,0,0.47529886216333,0.009601997215420807,0.08641797493878726,0,0.009601997215420807,0.019203994430841614,0,0.009601997215420807,0.009601997215420807,0.009601997215420807,0.004800998607710404,0,0,3.4327140045129387,0.05281098468481444,0.06377903068439052,0.184093126801636,0.05178468270971356,0,0.08613295776853924,0.05067220632729605,0,0,0.047655674238707084,0.0067893113657387545,0.020360108928950807,0,0.0067893113657387545,0.009601075187646892,0,0.0067893113657387545,0.0067893113657387545,0.0067893113657387545,0.004800883358388951,0,0,0.12615358997735915,0.015918905869671988
-4.35000017285347,22744,1.0112557157931763,92.09461836088639,0.6111501934576152,0,1.6619767850861766,0.619943721421034,0,0,0.47485051002462186,0.004396763981709462,0.061554695743932464,0,0.02198381990854731,0.008793527963418923,0,0.008793527963418923,0.017587055926837847,0.004396763981709462,0,0,0,3.376714737952867,0.02198381990854731,0.06634221674660927,0.17891432870012378,0.0516784388704871,0,0.08476953291498592,0.05204659578153961,0,0,0.045583896976253147,0.004396667322979432,0.01644612041239859,0,0.009830382419149587,0.006217689858307924,0,0.006217689858307924,0.008792754668077024,0.004396667322979432,0,0,0,0.11977182392845238,0.009830382419149587
-4.050000160932541,23348,1.2720575638170293,91.50248415281823,0.8309062874764434,0,2.0686996744903206,0.5653589172520129,0,0,0.3897550111358575,0.012849066301182113,0.042830221003940384,0,0.05139626520472845,0.008566044200788077,0,0,0.004283022100394039,0,0.004283022100394039,0,0,3.2208326194963166,0.025698132602364226,0.07334129651295195,0.18248937828248815,0.0594072367882165,0,0.09315038222406158,0.04906887897126723,0,0,0.04077772715260212,0.007417935274181269,0.013541204310370977,0,0.014833010498964419,0.006056848509493233,0,0,0.004282930378020343,0,0.004282930378020343,0,0,0.1155447391238523,0.010489870592766548
-3.750000149011612,24352,1.4577858081471746,90.40325229960578,0.9773324572930354,0,2.7513140604467803,0.5831143232588699,0,0,0.37368593955321944,0.004106438896189225,0.061596583442838374,0,0.024638633377135347,0.012319316688567674,0,0.00821287779237845,0.004106438896189225,0,0,0,0,3.3303219448094614,0.00821287779237845,0.07680521330876239,0.18874990793028878,0.06304071847745803,0,0.1048201162708158,0.048790988198620114,0,0,0.03909967004146501,0.004106354581121588,0.015899270490138666,0,0.010057440718605497,0.007112122683437738,0,0.005807143098574502,0.004106354581121588,0,0,0,0,0.1149796356563757,0.005807143098574502
-3.450000137090683,24977,1.8857348760859993,89.61844897305521,0.9929134804019699,0,3.66737398406534,0.6085598750850783,0,0,0.39236097209432674,0.016014733554870483,0.07206630099691716,0,0.0200184169435881,0.012011050166152861,0,0.008007366777435241,0.0200184169435881,0.004003683388717621,0.004003683388717621,0,0,2.642431036553629,0.03603315049845858,0.08606691917827201,0.19300106086628824,0.06273627186124313,0,0.11893075136579347,0.04921029990566235,0,0,0.0395566119705282,0.008006725572535314,0.01698006828076399,0,0.008951612097498856,0.006934166576048179,0,0.005661836652144438,0.008951612097498856,0.004003603240512007,0.004003603240512007,0,0,0.10148843473564426,0.012008885991288791
-3.150000125169754,19516,2.9104324656691944,86.64172986267677,1.8497642959622873,0,5.257224841155975,0.5995080959212954,0,0,0.6763681082188974,0.005124000819840132,0.06661201065792172,0,0.030744004919040786,0.04099200655872105,0,0.010248001639680263,0.04611600737856118,0,0,0,0,1.7934002869440457,0.07173601147776185,0.12032881553734978,0.24352483821314433,0.0964513842553868,0,0.15975553788803432,0.055258156012071145,0,0,0.05867085970779636,0.005123869541236422,0.01846869343265687,0,0.012549257933053339,0.014489892143926085,0,0.0072460601363083296,0.015368457573889101,0,0,0,0,0.094997800458133,0.019165377577970162
-2.850000113248825,13927,4.8323400588784375,80.828606304301,3.281395849788181,0,7.934228477058951,0.5169814030300854,0,0,0.8616356717168091,0.057442378114453935,0.06462267537876068,0,0.09334386443598765,0.0861635671716809,0,0.014360594528613484,0.057442378114453935,0.007180297264306742,0.007180297264306742,0,0,1.335535291161054,0.021540891792920226,0.18171662070194308,0.3335650961840721,0.15095779184567082,0,0.22901960531985108,0.0607691483387194,0,0,0.07831661751192912,0.02030311373699579,0.021533930517809406,0,0.025876844274719327,0.024862561188788566,0,0.010153744625472073,0.02030311373699579,0.0071800394763351545,0.0071800394763351545,0,0,0.09727008122357023,0.012435300121537698
-2.550000101327896,10478,7.768658140866577,75.47241840045811,5.1918305020041995,0,8.94254628745944,0.4867341095628937,0,0,0.7253292613094102,0.08589425462874595,0.1717885092574919,0,0.038175224279442636,0.07635044855888527,0,0.009543806069860659,0.11452567283832793,0.009543806069860659,0,0,0,0.8303111280778775,0.07635044855888527,0.26150083015962866,0.42032217313174014,0.21674242918887981,0,0.27877200086037035,0.06799033541158188,0,0,0.08289868274491856,0.028619119196347798,0.040456145601318556,0,0.01908396842256686,0.026983652988823492,0,0.009543350637822518,0.03304177709511312,0.009543350637822518,0,0,0,0.08864836041137211,0.026983652988823492
-2.250000089406967,8146,11.085195187822244,67.02676160078566,8.08986005401424,0,11.048367296832803,0.6260741468205254,0,0,0.6629020378099681,0.07365578197888534,0.18413945494721334,0,0.09820770930518045,0.03682789098944267,0,0.012275963663147557,0.15958752762091824,0,0,0,0,0.6997299287994108,0.1964154186103609,0.3478455959317962,0.5208740446255673,0.30212037510609263,0,0.3473392090133796,0.0873930519249956,0,0,0.08991004361417963,0.03005877094522891,0.04750080846980586,0,0.034704614741478054,0.021258677133650938,0,0.012275210143602108,0.044226284331488466,0,0,0,0,0.09235666388753169,0.04905560717874113
-1.9500000774860382,6762,15.587104406980185,58.19284235433304,11.120970127181307,0,12.40757172434191,0.7690032534753032,0,0,0.6359065365276546,0.10351966873706005,0.1626737651582372,0,0.05915409642117716,0.07394262052647146,0,0.01478852410529429,0.05915409642117716,0.044365572315882874,0.01478852410529429,0,0,0.5915409642117717,0.1626737651582372,0.44111267598752624,0.5998221828292581,0.38232562455662883,0,0.40090280702828235,0.10623073400404687,0,0,0.09666601127497143,0.03910649985175376,0.04900807532036401,0,0.029568298898694563,0.03305591719893557,0,0.014787430562637028,0.029568298898694563,0.025608792484732325,0.014787430562637028,0,0,0.09325379187797625,0.04900807532036401
-1.6500000655651093,5535,19.945799457994582,48.02168021680217,16.061427280939476,0,13.712737127371275,0.5239385727190605,0,0,0.6142728093947606,0.10840108401084012,0.16260162601626016,0,0.05420054200542006,0.03613369467028004,0,0.03613369467028004,0.05420054200542006,0.03613369467028004,0.03613369467028004,0,0,0.3071364046973803,0.2890695573622403,0.5371047261586469,0.6715386007459685,0.49353055491498765,0,0.462356118533725,0.09703773806907057,0,0,0.10502286055189623,0.04423056451811982,0.05415645859673948,0,0.03128421596180371,0.025545763965363615,0,0.025545763965363615,0.03128421596180371,0.025545763965363615,0.025545763965363615,0,0,0.07437703662415864,0.07216286223563909
-1.3500000536441803,4749,24.699936828806067,37.14466203411245,21.37292061486629,0,14.255632764792589,0.5474836807749,0,0,0.5685407454200885,0.2526847757422615,0.16845651716150767,0,0,0.02105706464518846,0,0.02105706464518846,0.10528532322594232,0.02105706464518846,0.10528532322594232,0,0,0.3790271636133923,0.33691303432301534,0.6258128937312875,0.7011617297560843,0.5948629541971086,0,0.5073351637772111,0.10707606246808495,0,0,0.10910423764984342,0.07285159440243635,0.059508186685370244,0,0,0.02105484752861004,0,0.02105484752861004,0.04706023461365754,0.02105484752861004,0.04706023461365754,0,0,0.08916809167215399,0.08408625087835213
-1.0500000417232513,4322,28.759833410458118,31.07357704766312,25.520592318371126,0,12.494215640906987,0.3933364183248496,0,0,0.5090236001850995,0.23137436372049977,0.23137436372049977,0,0.06941230911614993,0,0,0.02313743637204998,0.13882461823229986,0,0.11568718186024989,0,0,0.25451180009254976,0.18509949097639983,0.6885147760012,0.703956971307477,0.6631642417672101,0,0.5029565847540272,0.09521029148885127,0,0,0.1082476369290905,0.07308230429634781,0.07308230429634781,0,0.04006130437270043,0,0,0.023134759512392494,0.0566355600391187,0,0.05170694542315033,0,0,0.07664047896165371,0.06538195766266107
-0.7500000298023224,4112,32.05252918287938,24.270428015564203,30.714980544747085,0,10.627431906614786,0.316147859922179,0,0,0.5350194552529183,0.19455252918287938,0.26750972762645914,0,0.17023346303501946,0.048638132295719845,0,0.048638132295719845,0.14591439688715954,0.024319066147859923,0.07295719844357977,0,0,0.24319066147859922,0.26750972762645914,0.7277651366891024,0.6685669683885577,0.7193963680682,0,0.480606600767509,0.08754492526920224,0,0,0.11376098282357008,0.06871776257211401,0.08054926246663018,0,0.06428741183860101,0.03438398825417609,0,0.03438398825417609,0.05952582712337592,0.02431610888316268,0.04210648989332272,0,0,0.07681007143873467,0.08054926246663018
-0.45000001788139343,4186,33.922599139990446,18.92021022455805,36.16817964644052,0,8.815097945532727,0.358337314859054,0,0,0.5733397037744864,0.23889154323936934,0.09555661729574773,0,0.047778308647873864,0.023889154323936932,0,0.0716674629718108,0.0716674629718108,0.047778308647873864,0.023889154323936932,0,0,0.3105590062111801,0.3105590062111801,0.7317646470736174,0.6053682976533468,0.7426468246676405,0,0.43820308129862856,0.09235637712302412,0,0,0.11669649786449315,0.07545385080413006,0.0477554755241575,0,0.03377629427494194,0.023886300695028232,0,0.041362399376275415,0.041362399376275415,0.03377629427494194,0.023886300695028232,0,0,0.0859997190586128,0.0859997190586128
-0.15000000596046448,3907,34.655746096749425,15.86895316099309,39.39083695930382,0,7.8320962375223955,0.4863066291272076,0,0,0.6142820578448938,0.2047606859482979,0.28154594317890963,0,0.02559508574353724,0.02559508574353724,0,0.05119017148707448,0.15357051446122344,0,0.05119017148707448,0,0,0.1791656002047607,0.1791656002047607,0.761324178839767,0.5845619996407454,0.7817088739734355,0,0.4298403261488253,0.11129478421238533,0,0,0.12500408320732986,0.07231967974134637,0.08476971047260351,0,0.025591809991844867,0.025591809991844867,0,0.03618765157062167,0.06264674105763339,0,0.03618765157062167,0,0,0.06765754057809722,0.06765754057809722
0.15000000596046448,4100,35.75609756097561,12.853658536585366,43.21951219512195,0,5.8048780487804885,0.4878048780487805,0,0,0.5609756097560975,0.0975609756097561,0.21951219512195125,0,0.14634146341463414,0.024390243902439025,0,0,0.14634146341463414,0.04878048780487805,0.024390243902439025,0,0,0.3170731707317073,0.2926829268292683,0.7485125482936557,0.5226922136549043,0.7736554008726934,0,0.36518995916152847,0.10881012126280713,0,0,0.11664294835184781,0.04875668663839409,0.07309037824700132,0,0.05969992139053753,0.024387269301061727,0,0,0.05969992139053753,0.03448459976002481,0.024387269301061727,0,0,0.0878007468127204,0.08436654837493279
0.45000001788139343,4383,37.46292493725758,10.723248916267398,45.767738991558296,0,4.312114989733059,0.296600501939311,0,0,0.4563084645220169,0.22815423226100845,0,0,0,0,0,0.06844626967830253,0.06844626967830253,0.022815423226100844,0.022815423226100844,0,0,0.31941592516541184,0.25096965548710926,0.7311119595780753,0.4673547348266022,0.7525283213671093,0,0.30682299800997886,0.08214009270236826,0,0,0.10180061421870815,0.07206635101597048,0,0,0,0,0,0.03950394579100865,0.03950394579100865,0.022812820359943715,0.022812820359943715,0,0,0.08523104911029598,0.0755751840044822
0.7500000298023224,4551,38.321248077345636,9.11887497253351,47.72577455504285,0,3.3618984838497035,0.15381234893430015,0,0,0.4174906613931004,0.08789277081960009,0.08789277081960009,0,0.043946385409800046,0.021973192704900023,0,0,0.06591957811470006,0.021973192704900023,0.13183915622940012,0,0,0.21973192704900021,0.21973192704900021,0.720666265853328,0.4267308690045036,0.7404007980955929,0,0.26718561635286864,0.05809087633312076,0,0,0.09557878331758642,0.04392706831637894,0.04392706831637894,0,0.031067958258704856,0.02197077846628318,0,0,0.03804614003877927,0.02197077846628318,0.053787618477876345,0,0,0.06940895369654274,0.06940895369654274
1.0500000417232513,4755,40.31545741324921,6.8349106203995795,48.43322818086225,0,2.6919032597266033,0.29442691903259727,0,0,0.5467928496319664,0.2103049421661409,0.14721345951629863,0,0.06309148264984228,0.021030494216614088,0,0,0.10515247108307045,0,0.021030494216614088,0,0,0.1682439537329127,0.14721345951629863,0.7113633235584944,0.3659466380833728,0.7247386455304357,0,0.23470857282221844,0.07857297798294292,0,0,0.1069413221408744,0.06643429436285091,0.05560048670434139,0,0.03641439186315864,0.021028282691899356,0,0,0.04700088386786016,0,0.021028282691899356,0,0,0.05943316076388343,0.05560048670434139
1.3500000536441803,5032,41.33545310015898,5.524642289348171,48.946740858505564,0,2.364864864864865,0.27821939586645467,0,0,0.3577106518282989,0.13910969793322733,0.17885532591414946,0,0.05961844197138314,0.01987281399046105,0,0.0397456279809221,0.0397456279809221,0.0794912559618442,0.05961844197138314,0,0,0.29809220985691576,0.27821939586645467,0.6941908665956332,0.3220631512486371,0.7046984388671682,0,0.21420811234163809,0.07425375105534256,0,0,0.08416227544091462,0.05254194002980212,0.05956510273134501,0,0.034410461441553956,0.019870839248667487,0,0.02809881737701087,0.02809881737701087,0.03972982769089963,0.034410461441553956,0,0,0.07685227557820866,0.07425375105534256
1.6500000655651093,5230,41.07074569789675,4.818355640535373,50.458891013384324,0,1.835564053537285,0.3632887189292543,0,0,0.4397705544933079,0.15296367112810708,0.13384321223709367,0,0.03824091778202677,0,0,0.05736137667304016,0.019120458891013385,0.05736137667304016,0.11472275334608031,0,0,0.21032504780114722,0.22944550669216063,0.6802693788794176,0.29612507465972737,0.6913546182886403,0,0.18561412200216054,0.08319262037018763,0,0,0.09149664582211836,0.05403944672830119,0.05055411355538187,0,0.027035241537171545,0,0,0.033108106543342425,0.019118630843885445,0.033108106543342425,0.04680849480942169,0,0,0.06334866363542561,0.06615918202985459
1.9500000774860382,5371,42.50605101470862,3.6864643455594863,50.512008936883255,0,1.917706199962763,0.14894805436603983,0,0,0.26065909514056973,0.14894805436603983,0.0930925339787749,0,0.01861850679575498,0.01861850679575498,0,0.07447402718301992,0.03723701359150996,0.03723701359150996,0.05585552038726494,0,0,0.27927760193632467,0.20480357475330477,0.6745418090325523,0.25711126538905005,0.6822124748870815,0,0.18713661388404454,0.052621856194359884,0,0,0.06957322136904316,0.052621856194359884,0.041612864066056514,0,0.018616773471094913,0.018616773471094913,0,0.03722314505710287,0.026325642010957773,0.026325642010957773,0.03223919227346002,0,0,0.07200840397421429,0.0616873350694329
2.250000089406967,5701,42.18558147693387,3.0871776881248905,51.93825644623751,0,1.3506402385546397,0.2104893878266971,0,0,0.333274864058937,0.1403262585511314,0.1403262585511314,0,0.03508156463778285,0,0,0.08770391159445712,0.03508156463778285,0.052622346956674275,0.03508156463778285,0,0,0.17540782318891424,0.19294860550780565,0.6540705277292774,0.22908460973370715,0.6617103438723165,0,0.1528767554870978,0.0606990687857854,0,0,0.0763309827094888,0.04957800236939278,0.04957800236939278,0,0.024802060629548924,0,0,0.03920517808923171,0.024802060629548924,0.030373531392867307,0.024802060629548924,0,0,0.05542015438850887,0.058120041304744824
2.550000101327896,6068,42.96308503625576,2.5049439683586026,51.73038892551087,0,1.2195121951219512,0.14831905075807514,0,0,0.3790375741595254,0.0988793671720501,0.21423862887277523,0,0.016479894528675015,0.016479894528675015,0,0.08239947264337508,0.04943968358602505,0,0.06591957811470006,0,0,0.24719841793012526,0.26367831245880025,0.6354815659518689,0.20061690147826933,0.6414857088521773,0,0.14089833822158146,0.049403005746226185,0,0,0.07888486968581088,0.04034737019272505,0.05935542127280391,0,0.016478536538105475,0.016478536538105475,0,0.03683497912876938,0.028536957719448273,0,0.03294892378952312,0,0,0.06374741937101688,0.06583261293420391
2.850000113248825,6220,44.260450160771704,2.2990353697749195,50.98070739549839,0,1.1897106109324758,0.2090032154340836,0,0,0.2572347266881029,0.09646302250803858,0.04823151125401929,0,0.04823151125401929,0.03215434083601286,0,0.03215434083601286,0.06430868167202572,0.03215434083601286,0.04823151125401929,0,0,0.22508038585209003,0.17684887459807075,0.6297880988557116,0.1900321403455511,0.6338569494103715,0,0.13747589660439988,0.05790645410960406,0,0,0.0642259162816538,0.03936186546326261,0.027839759807897557,0,0.027839759807897557,0.022732896761554457,0,0.022732896761554457,0.032144000156910914,0.022732896761554457,0.027839759807897557,0,0,0.060087526466272474,0.05327477147563776
3.150000125169754,6252,43.2341650671785,2.0793346129238643,52.73512476007678,0,0.8317338451695457,0.14395393474088292,0,0,0.35188739603326935,0.0799744081893794,0.14395393474088292,0,0,0.03198976327575176,0,0.01599488163787588,0.01599488163787588,0.03198976327575176,0.01599488163787588,0,0,0.14395393474088292,0.14395393474088292,0.6265382194096127,0.18046371139157025,0.6314075376920368,0,0.11486006627760824,0.04795009458279708,0,0,0.07489053096949662,0.0357513380932726,0.04795009458279708,0,0,0.02261656018065321,0,0.01599360240552786,0.01599360240552786,0.02261656018065321,0.01599360240552786,0,0,0.04795009458279708,0.04795009458279708
3.450000137090683,6692,43.96294082486551,1.748356246264196,52.151823072325165,0,0.762104004781829,0.11954572624028689,0,0,0.38852361028093246,0.059772863120143446,0.19426180514046623,0,0.029886431560071723,0.044829647340107595,0,0,0.07471607890017933,0.014943215780035862,0.029886431560071723,0,0,0.22414823670053796,0.19426180514046623,0.6067406180589026,0.16021637857946308,0.610645946866593,0,0.10630848516156106,0.04224052581142684,0,0,0.0760475855686622,0.029877498237032497,0.05382617257173673,0,0.0211297402509989,0.02587660681281391,0,0,0.033401561121471884,0.014942099239833306,0.0211297402509989,0,0,0.057809926766096226,0.05382617257173673
3.750000149011612,6790,45.09572901325479,1.4727540500736376,51.502209131075105,0,0.780559646539028,0.17673048600883653,0,0,0.2061855670103093,0.1325478645066274,0.10309278350515465,0,0.014727540500736377,0.014727540500736377,0,0.044182621502209134,0,0,0.044182621502209134,0,0,0.2061855670103093,0.2061855670103093,0.6038594729296854,0.14618688007157044,0.6065114723452304,0,0.10679884281453594,0.05097259498783271,0,0,0.05504857168825698,0.04415333023211028,0.038945319146621436,0,0.014726455958557306,0.014726455958557306,0,0.025503212556244166,0,0,0.025503212556244166,0,0,0.05504857168825698,0.05504857168825698
4.050000160932541,6907,45.258433473287965,1.216157521355147,51.628782394672065,0,0.6804690893296655,0.173736788765021,0,0,0.33299551179962356,0.05791226292167366,0.10134646011292892,0,0.07239032865209208,0,0,0.02895613146083683,0.014478065730418415,0.014478065730418415,0.014478065730418415,0,0,0.24612711741711307,0.1592587230346026,0.598912864212223,0.13188431399230569,0.6013048727632295,0,0.09891833616955735,0.05010990440889403,0,0,0.06931866096678739,0.028947745671069076,0.03828594590356025,0,0.032362219234042935,0,0,0.020472112303168446,0.014477017620544062,0.014477017620544062,0.014477017620544062,0,0,0.059621086710726856,0.047980059806923527
4.35000017285347,7280,45.67307692307692,1.195054945054945,51.45604395604395,0,0.6181318681318682,0.17857142857142858,0,0,0.24725274725274723,0.027472527472527472,0.12362637362637362,0,0.027472527472527472,0,0,0,0.06868131868131869,0.054945054945054944,0.013736263736263736,0,0,0.17857142857142858,0.13736263736263737,0.5838106319179519,0.1273554654723778,0.5857605106388706,0,0.09186042611237775,0.049482563115486794,0,0,0.05820593980991386,0.019423341880831047,0.041183310864155914,0,0.019423341880831047,0,0,0,0.03070466985055087,0.02746497903785482,0.013735320279156523,0,0,0.049482563115486794,0.04340803598647799
4.650000184774399,7244,45.88625069022639,1.2009939260077307,51.40806184428492,0,0.44174489232468256,0.13804527885146328,0,0,0.17945886250690227,0.11043622308117064,0.06902263942573164,0,0,0.02760905577029266,0,0,0.0966316951960243,0.01380452788514633,0.041413583655438985,0,0,0.23467697404748758,0.1518498067366096,0.5854716612020823,0.12798452839012467,0.5872303664588266,0,0.0779175315874555,0.043623608764035315,0,0,0.04972825209864131,0.03902353519138583,0.03085720800281291,0,0,0.019519855375354524,0,0,0.036505696920611945,0.013803575027310154,0.023905192135193747,0,0,0.056850701188718024,0.04574966440519709
4.950000196695328,7633,45.46050045853531,1.0611817109917463,51.94549980348487,0,0.37992925455260057,0.18341412288746234,0,0,0.31442421066422116,0.11790907899908293,0.09170706144373117,0,0.07860605266605529,0,0,0.039303026333027645,0.0655050438883794,0.026202017555351766,0.039303026333027645,0,0,0.10480807022140706,0.09170706144373117,0.5699346341600272,0.1172817956154721,0.5718648006805347,0,0.07041694174996485,0.04897451130471765,0,0,0.06408059260013989,0.039279848580659915,0.03464611374827732,0,0.032078171491162044,0,0,0.02268715314981611,0.029285149860747702,0.018525196829451526,0.02268715314981611,0,0,0.037035825052143236,0.03464611374827732
5.250000208616257,7549,45.56894952973904,0.9537687110875612,52.073122267850046,0,0.4106504172738111,0.13246787653993908,0,0,0.30467611604185985,0.11922108888594515,0.03974036296198172,0,0.05298715061597563,0.026493575307987814,0,0,0.026493575307987814,0,0.05298715061597563,0,0,0.13246787653993908,0.10597430123195126,0.5732092021878031,0.11186540530370838,0.574978578861418,0,0.07360339884040845,0.041862266062259304,0,0,0.06343250858915575,0.03971666645034032,0.022939549764611253,0,0.026486555282610742,0.018731304968813683,0,0,0.018731304968813683,0,0.026486555282610742,0,0,0.041862266062259304,0.03744771525413983
5.550000220537186,7781,45.41832669322709,0.7068500192777277,52.628196889859915,0,0.26988818917876883,0.06425909266161162,0,0,0.25703637064644647,0.11566636679090092,0.05140727412928929,0,0.025703637064644645,0.012851818532322323,0,0.025703637064644645,0.012851818532322323,0.025703637064644645,0.06425909266161162,0,0,0.1799254594525125,0.14137000385554557,0.5644445448619317,0.09497418461467946,0.5660456998925155,0,0.05881490298960576,0.028728305147800517,0,0,0.0574011662893504,0.0385331512981135,0.025697029445752785,0,0.01817288007366237,0.012850992659588617,0,0.01817288007366237,0.012850992659588617,0.01817288007366237,0.028728305147800517,0,0,0.0480438217988908,0.04259452004778398
5.850000232458115,7972,46.06121424987456,0.6146512794781736,51.90667335674862,0,0.4014049172102358,0.050175614651279475,0,0,0.2508780732563974,0.11289513296537881,0.1254390366281987,0,0.025087807325639738,0,0,0.050175614651279475,0.025087807325639738,0.025087807325639738,0.050175614651279475,0,0,0.1630707476166583,0.13798294029101857,0.5582575805069765,0.08753705526926812,0.5595905378793744,0,0.07081647500862454,0.02508151255516664,0,0,0.05602762955191022,0.03761046280464594,0.03964241937384813,0,0.017737533287237296,0,0,0.02508151255516664,0.017737533287237296,0.017737533287237296,0.02508151255516664,0,0,0.045190796240430986,0.04157470913548601
6.150000244379044,8280,45.97826086956522,0.4951690821256039,52.04106280193237,0,0.3864734299516908,0.14492753623188406,0,0,0.22946859903381642,0.13285024154589373,0.06038647342995169,0,0.06038647342995169,0.012077294685990338,0,0.024154589371980676,0.07246376811594203,0.012077294685990338,0.036231884057971016,0,0,0.14492753623188406,0.16908212560386474,0.5477033311320828,0.07714071760830377,0.5490257139863165,0,0.06818734961646958,0.04180664838667786,0,0,0.05258327196927803,0.04002923896316136,0.026997496790434113,0,0.026997496790434113,0.012076565358734262,0,0.01707781103041665,0.02957248895728224,0.012076565358734262,0.020914698089633536,0,0,0.04180664838667786,0.045150879367199165
6.4500002562999725,8438,46.420952832424746,0.5214505807063285,51.7539701351031,0,0.36738563640673144,0.10666034605356721,0,0,0.29627873903768664,0.0711068973690448,0.09480919649205972,0,0.04740459824602986,0,0,0.011851149561507466,0.0355534486845224,0,0.02370229912301493,0,0,0.16591609386110454,0.08295804693055227,0.5429186464990088,0.07840640456106049,0.5439799159354318,0,0.06586308803742391,0.0355344829102326,0,0,0.059167901600656304,0.029018946549369325,0.0335042190362501,0,0.023696680467223532,0,0,0.01185044729197045,0.020523143852797417,0,0.016758070062529336,0,0,0.04430613998936366,0.031342185963036104
6.7500002682209015,8644,46.70291531698288,0.4743174456270245,51.45765849143915,0,0.3817677001388246,0.09254974548819991,0,0,0.20823692734844979,0.12725590004627488,0.06941230911614993,0,0.04627487274409996,0.02313743637204998,0,0.034706154558074964,0.08098102730217492,0.02313743637204998,0.02313743637204998,0,0,0.13882461823229986,0.11568718186024989,0.5366193680856592,0.07390005344736188,0.5375612952924305,0,0.06633024894186036,0.032706131081892145,0,0,0.04903078450681478,0.03834467628636497,0.028327619985114762,0,0.023132082342967063,0.016358745332332718,0,0.020034130233348445,0.030595555481234455,0.016358745332332718,0.016358745332332718,0,0,0.04004738855995868,0.036562331743152314
7.0500002801418304,8847,47.925850570814966,0.48604046569458575,50.38996269922007,0,0.35040126596586413,0.11303266644060134,0,0,0.14694246637278172,0.05651633322030067,0.0678195998643608,0,0,0.011303266644060134,0,0.0339097999321804,0.02260653328812027,0.04521306657624054,0.04521306657624054,0,0,0.15824573301684186,0.14694246637278172,0.5311265279910016,0.07394012898153807,0.5315679421498456,0,0.06282356781078328,0.0357238606473615,0,0,0.04072455361841107,0.025267729358904253,0.027677845425951985,0,0,0.011302627806823121,0,0.01957451243571105,0.01598342603151277,0.022601422156857086,0.022601422156857086,0,0,0.042259474489071414,0.04072455361841107
7.350000292062759,9067,46.41005845373331,0.606595345759347,51.51648836439837,0,0.33087018859600753,0.08823205029226867,0,0,0.22058012573067165,0.15440608801147018,0.04411602514613434,0,0.02205801257306717,0.011029006286533584,0,0,0.04411602514613434,0.03308701885960075,0.08823205029226867,0,0,0.264696150876806,0.16543509429800377,0.5237401780389254,0.08154484521016936,0.5248538072925817,0,0.06030833587829187,0.031180975623309966,0,0,0.04926878692521407,0.04123489133607023,0.022053146477139202,0,0.015595649940093444,0.011028398074864852,0,0,0.022053146477139202,0.0190996387104249,0.031180975623309966,0,0,0.053959319336978125,0.04267981011690652
7.650000303983688,9068,47.595941773268635,0.4300838112042346,50.86016762240847,0,0.2646669607410675,0.08822232024702249,0,0,0.23158359064843406,0.08822232024702249,0.06616674018526687,0,0,0.011027790030877812,0,0.011027790030877812,0.022055580061755623,0.022055580061755623,0.022055580061755623,0,0,0.12130569033965592,0.16541685046316718,0.5244591500707252,0.06872027089969855,0.5249887212497971,0,0.05395337671196867,0.03117753856892232,0,0,0.050477132472706465,0.03117753856892232,0.027003520455804488,0,0,0.011027181953348146,0,0.011027181953348146,0.015593930274267998,0.015593930274267998,0.015593930274267998,0,0,0.03655285126413266,0.04267510737629948
7.950000315904617,9288,46.22093023255814,0.4306632213608958,51.98105081826012,0,0.2691645133505599,0.08613264427217916,0,0,0.3122308354866494,0.053832902670111975,0.08613264427217916,0,0.06459948320413438,0.02153316106804479,0,0.03229974160206719,0.053832902670111975,0.04306632213608958,0.03229974160206719,0,0,0.1830318690783807,0.12919896640826875,0.5173266843401813,0.06794704843974286,0.5184032910631724,0,0.05376040431703271,0.030439370831189767,0,0,0.05788922439671157,0.024068325003530948,0.030439370831189767,0,0.02636410891591343,0.015224604777491034,0,0.018645252594854313,0.024068325003530948,0.021528523798459834,0.018645252594854313,0,0,0.04435110463830394,0.03727242786529346
8.250000327825546,9478,47.6049799535767,0.28487022578603083,51.118379404937755,0,0.22156573116691286,0.06330449461911795,0,0,0.23211648027009918,0.06330449461911795,0.06330449461911795,0,0.03165224730955898,0,0,0.02110149820637265,0.02110149820637265,0.03165224730955898,0.0422029964127453,0,0,0.09495674192867694,0.10550749103186326,0.5129946625865522,0.054745157192458385,0.5134557056962451,0,0.04829601362209497,0.025835770220407717,0,0,0.049429932298847824,0.025835770220407717,0.025835770220407717,0,0.018271541141294218,0,0,0.014919438113274132,0.014919438113274132,0.018271541141294218,0.021097045004211345,0,0,0.03163721576894998,0.03334679257229902
8.550000339746475,9739,46.17517198891057,0.36964780778313994,52.18194886538659,0,0.2566998665160694,0.0410719786425711,0,0,0.36964780778313994,0.03080398398192833,0.0410719786425711,0,0,0.02053598932128555,0,0.010267994660642776,0.07187596262449944,0.02053598932128555,0.06160796796385666,0,0,0.1745559092309272,0.1745559092309272,0.505170990672244,0.06149399629139864,0.5061729126206514,0,0.05127403613940099,0.02053177161959365,0,0,0.06149399629139864,0.017781949036811573,0.02053177161959365,0,0,0.014519646201294862,0,0.010267467488538174,0.02715679546705964,0.014519646201294862,0.02514359878945583,0,0,0.042299060392372224,0.042299060392372224
8.850000351667404,9692,47.03879488237722,0.42302930251754023,51.41353693768056,0,0.16508460586050352,0.06190672719768881,0,0,0.29921584812216256,0.09286009079653323,0.08254230293025176,0,0.06190672719768881,0,0,0.01031778786628147,0.04127115146512588,0,0.01031778786628147,0,0,0.16508460586050352,0.1341312422616591,0.5069910818781113,0.06592619003161615,0.5076795626304152,0,0.041237071235147686,0.025265491394307914,0,0,0.055479799196709624,0.030938988600138884,0.029171064375978842,0,0.025265491394307914,0,0,0.010317255568818517,0.020631317023254856,0,0.010317255568818517,0,0,0.041237071235147686,0.03717635553765649
9.150000363588333,9995,46.3831915957979,0.27013506753376687,52.22611305652827,0,0.19009504752376188,0.04002001000500251,0,0,0.21010505252626313,0.07003501750875438,0.09004502251125564,0,0.020010005002501254,0.010005002501250627,0,0.030015007503751873,0.04002001000500251,0.030015007503751873,0.05002501250625312,0,0,0.19009504752376188,0.1500750375187594,0.49881487331037666,0.051917252242455254,0.4996291191416915,0,0.04356932413443062,0.02000600059881847,0,0,0.045800490766258604,0.026461477464695845,0.03000149095018893,0,0.014147794529184134,0.010004501988355981,0,0.017326571790604775,0.02000600059881847,0.017326571790604775,0.02236626924354716,0,0,0.04356932413443062,0.03872012070452072
9.450000375509262,9900,46.96969696969697,0.29292929292929293,51.57575757575758,0,0.1919191919191919,0.09090909090909091,0,0,0.24242424242424243,0.0707070707070707,0.13131313131313133,0,0.0101010101010101,0,0,0.0202020202020202,0.0404040404040404,0.0101010101010101,0.050505050505050504,0,0,0.1616161616161616,0.1414141414141414,0.5015951588565594,0.054315875353170326,0.5022692935454353,0,0.04398701164553317,0.030289253066445018,0,0,0.049424623488507576,0.026715310899377787,0.03639579006742549,0,0.01010049993610152,0,0,0.014283542477807495,0.02019793857349041,0.01010049993610152,0.02258084083389076,0,0,0.0403713774719402,0.03776778620665688
9.750000387430191,10360,46.62162162162162,0.26061776061776065,51.9980694980695,0,0.25096525096525096,0.06756756756756757,0,0,0.20270270270270271,0.07722007722007722,0.10617760617760619,0,0.028957528957528955,0.009652509652509652,0,0.019305019305019305,0.028957528957528955,0.028957528957528955,0.028957528957528955,0,0,0.15444015444015444,0.11583011583011582,0.49011331125560437,0.05009051117054902,0.4908435452712486,0,0.049156535816197784,0.025529510860285213,0,0,0.04418850228321301,0.027290876998436814,0.031996752570663235,0,0.01671621631133472,0.009652043786554482,0,0.013649392361811424,0.01671621631133472,0.01671621631133472,0.01671621631133472,0,0,0.03858021238804367,0.03341790344969018
10.05000039935112,3332,46.15846338535414,0.24009603841536614,52.52100840336135,0,0.21008403361344538,0.030012004801920768,0,0,0.24009603841536614,0.060024009603841535,0.060024009603841535,0,0,0,0,0.060024009603841535,0.15006002400960386,0,0.060024009603841535,0,0,0.09003601440576231,0.12004801920768307,0.8636383081953078,0.0847848023247342,0.8650969379635349,0,0.0793208493203668,0.030007500861803576,0,0,0.0847848023247342,0.04243064420231607,0.04243064420231607,0,0,0,0,0.04243064420231607,0.06705851217159722,0,0.04243064420231607,0,0,0.05195891048085198,0.05998796996708669

