All days with start 2021-01-01,theoretical curve (leap day corrected) (deg),fitted curve (deg),Days when measured alpha,alpha naive min (deg),uncertainty_pm (deg)
0.0,80.77263222183005,79.9498444287338,57.0,66.5,1.5
1.0,80.70019584002738,79.87201884576368,58.0,66.0,1.5
2.0,80.62094699763377,79.7874766104587,63.0,64.5,1.5
3.0,80.53490914565668,79.69624281492108,68.0,62.0,1.5
4.0,80.44210774408076,79.59834453730541,79.0,58.0,1.5
5.0,80.34257025433374,79.49381083378199,241.0,50.0,1.5
6.0,80.23632613116023,79.38267272991291,267.0,59.5,1.5
7.0,80.12340681390559,79.26496321144367,284.0,65.0,1.5
8.0,80.00384571721251,79.14071721451305,289.0,67.0,1.5
9.0,79.87767822113304,79.00997161528403,295.0,69.0,1.5
10.0,79.74494166065911,78.87276521899906,326.0,77.5,1.5
11.0,79.60567531467449,78.72913874846259,338.0,80.0,1.5
12.0,79.45992039433153,78.57913483195455,370.0,80.25,0.5
13.0,79.30772003085615,78.42279799057835,385.0,77.5,0.5
14.0,79.14911926278455,78.260174625047,386.0,77.0,0.5
15.0,78.98416502263566,78.09131300191143,389.0,76.75,0.5
16.0,78.812906123023,77.91626323923496,392.0,75.75,0.5
17.0,78.63539324221023,77.73507729171828,394.0,75.0,0.5
18.0,78.45167890911472,77.54780893527935,395.0,74.75,0.5
19.0,78.2618174877633,77.35451375109267,405.0,71.75,0.5
20.0,78.06586516120512,77.15524910909286,418.0,67.375,0.5
21.0,77.86387991488618,76.9500741509473,423.0,65.375,0.5
22.0,77.6559215194905,76.73904977250284,428.0,63.5,0.5
23.0,77.442051513253,76.52223860571198,429.0,63.25,0.5
24.0,77.22233318374938,76.29970500004374,436.0,60.5,0.5
25.0,76.99683154916826,76.07151500338473,437.0,60.0,0.5
26.0,76.76561333907128,75.83773634243622,438.0,59.75,0.5
27.0,76.52874697464674,75.59843840261276,441.0,58.625,0.5
28.0,76.28630254846271,75.35369220744879,444.0,57.375,0.5
29.0,76.03835180372545,75.10357039751874,472.0,46.75,0.5
30.0,75.78496811304944,74.84814720887739,477.0,45.0,0.5
31.0,75.52622645674535,74.58749845102668,498.0,39.0,0.5
32.0,75.262203400632,74.32170148441536,512.0,36.0,0.5
33.0,74.99297707337942,74.05083519747858,520.0,35.0,0.5
34.0,74.71862714338931,73.77497998322373,528.0,34.5,0.5
35.0,74.43923479521978,73.4942177153699,529.0,34.5,0.5
36.0,74.15488270556165,73.20863172404773,530.0,34.25,0.5
37.0,73.86565501877305,72.9183067710671,531.0,34.25,0.5
38.0,73.57163732197974,72.62332902475983,532.0,34.25,0.5
39.0,73.27291661974846,72.32378603440499,536.0,34.25,0.5
40.0,72.96958130834096,72.01976670424428,550.0,34.75,0.5
41.0,72.6617211495561,71.71136126709528,551.0,35.0,0.5
42.0,72.34942724416784,71.39866125757042,553.0,35.25,0.5
43.0,72.03279200496712,71.08175948490953,564.0,36.75,0.5
44.0,71.71190912941539,70.76075000543402,577.0,39.75,0.5
45.0,71.38687357191803,70.43572809463114,581.0,40.75,0.5
46.0,71.05778151572582,70.10679021887618,590.0,43.75,0.5
47.0,70.72473034447279,69.77403400680123,593.0,44.25,0.5
48.0,70.38781861335876,69.43755822031913,594.0,44.5,0.5
49.0,70.04714601998538,69.09746272531095,598.0,46.0,0.5
50.0,69.7028133748539,68.75384846198581,599.0,46.25,0.5
51.0,69.35492257153383,68.40681741492189,624.0,55.25,0.5
52.0,69.00357655651086,68.05647258279744,625.0,56.0,0.5
53.0,68.64887929872349,67.70291794782081,646.0,64.25,0.5
54.0,68.29093575879678,67.34625844486857,673.0,73.25,0.5
55.0,67.929851857983,66.98659993034089,687.0,77.0,0.5
56.0,67.56573444681763,66.62404915074339,688.0,77.25,0.5
57.0,67.19869127350077,66.25871371100484,708.0,80.5,0.5
58.0,66.82883095201254,65.89070204254003,,,
59.0,66.45626292997254,65.52012337106736,,,
60.0,66.08109745625255,65.14708768419078,,,
61.0,65.70344554835206,64.77170569875537,,,
62.0,65.32341895954649,64.39408882798675,,,
63.0,64.94113014581745,64.01434914842362,,,
64.0,64.5566922325754,63.632599366653466,,,
65.0,64.17021898118388,63.24895278586134,,,
66.0,63.7818247552957,62.86352327220152,,,
67.0,63.39162448701099,62.47642522100201,,,
68.0,62.99973364286685,62.08777352281212,,,
69.0,62.60626818966898,61.697683529303,,,
70.0,62.21134456017523,61.30627101903125,,,
71.0,61.81507961864127,60.91365216307593,,,
72.0,61.417590626238606,60.51994349055906,,,
73.0,61.01899520635505,60.12526185405974,,,
74.0,60.61941130978815,59.729724394932404,,,
75.0,60.21895717984158,59.33344850853935,,,
76.0,59.81775131733507,58.936551809407746,,,
77.0,59.41591244553814,58.53915209632175,,,
78.0,59.013559475037894,58.141367317359894,,,
79.0,58.610811468551546,57.743315534888076,,,
80.0,58.20778760569383,57.34511489051874,,,
81.0,57.80460714770977,56.94688357004647,,,
82.0,57.40138940218345,56.54873976837054,,,
83.0,56.998253687732905,56.15080165441465,,,
84.0,56.59531929870188,55.753187336054474,,,
85.0,56.19270546985868,55.35601482506329,,,
86.0,55.7905313411127,54.95940200208611,,,
87.0,55.38891592225898,54.563466581652754,,,
88.0,54.987978057761346,54.16832607724027,,,
89.0,54.587836391584354,53.77409776639491,,,
90.0,54.1886093320847,53.380898655924234,,,
91.0,53.79041501697224,52.988845447169574,,,
92.0,53.39337127835114,52.59805450136903,,,
93.0,52.99759560785147,52.20864180512159,,,
94.0,52.603205121861556,51.82072293596231,,,
95.0,52.21031652687133,51.43441302805894,,,
96.0,51.819046084937035,51.04982673804018,,,
97.0,51.429509579277365,50.66707821096562,,,
98.0,51.04182228001138,50.28628104644751,,,
99.0,50.65609891004822,49.90754826493448,,,
100.0,50.27245361113876,49.530992274167104,,,
101.0,49.890999910099204,49.15672483581529,,,
102.0,49.511850685216686,48.7848570323075,,,
103.0,49.13511813284678,48.415499233861546,,,
104.0,48.760913734212764,48.04876106572669,,,
105.0,48.38934822241656,47.68475137564695,,,
106.0,48.02053154967105,47.32357820155516,,,
107.0,47.654572854763366,46.965348739507306,,,
108.0,47.29158043075905,46.61016931186678,,,
109.0,46.93166169295635,46.258145335748,,,
110.0,46.57492314710031,45.90938129172858,,,
111.0,46.22147035786601,45.56398069283958,,,
112.0,45.87140791762033,45.22204605384288,,,
113.0,45.524839415471284,44.88367886080482,,,
114.0,45.1818674066144,44.54897954097517,,,
115.0,44.84259338198498,44.2180474329804,,,
116.0,44.50711773822534,43.890980757339975,,,
117.0,44.17553974797571,43.567876587314544,,,
118.0,43.84795753049802,43.24883082009466,,,
119.0,43.5244680226407,42.93393814833855,,,
120.0,43.205166950153554,42.62329203206729,,,
121.0,42.89014879936101,42.31698467092598,,,
122.0,42.57950678920203,42.01510697681893,,,
123.0,42.273332843645186,41.71774854692697,,,
124.0,41.971717564486816,41.42499763711512,,,
125.0,41.67475020454056,41.136941135738255,,,
126.0,41.38251864122596,40.85366453785265,,,
127.0,41.09510935056416,40.575251919841115,,,
128.0,40.812607381588236,40.30178591445916,,,
129.0,40.535096331175836,40.033347686309604,,,
130.0,40.262658319311484,39.77001690775295,,,
131.0,39.99537396478601,39.51187173526068,,,
132.0,39.7333223613401,39.258988786218445,,,
133.0,39.476581054259235,39.01144311618603,,,
134.0,39.225226017426735,38.76930819662091,,,
135.0,38.979331630841926,38.53265589307199,,,
136.0,38.73897065860983,38.30155644384982,,,
137.0,38.50421422740921,38.07607843918005,,,
138.0,38.275131805444886,37.856288800845746,,,
139.0,38.051791181891126,37.6422527623251,,,
140.0,37.83425844683163,37.434033849430165,,,
141.0,37.622597971702476,37.23169386145236,,,
142.0,37.41687239024354,37.035292852820504,,,
143.0,37.217142579964175,36.844889115276715,,,
144.0,37.0234676441286,36.6605391605754,,,
145.0,36.83590489426626,36.48229770371056,,,
146.0,36.65450983321241,36.3102176466765,,,
147.0,36.479336138684005,36.14435006276644,,,
148.0,36.31043564739552,35.98474418141404,,,
149.0,36.14785833971969,35.83144737358209,,,
150.0,35.99165232489745,35.68450513770286,,,
151.0,35.84186382680171,35.54396108617413,,,
152.0,35.69853717025893,35.409856932415124,,,
153.0,35.56171476793267,35.282232478485916,,,
154.0,35.43143710777305,35.16112560327422,,,
155.0,35.307742741035675,35.04657225125297,,,
156.0,35.1906682708737,34.93860642181197,,,
157.0,35.08024834150642,34.83726015916692,,,
158.0,34.976515627967395,34.742563542848714,,,
159.0,34.879500826435475,34.65454467877582,,,
160.0,34.78923264515125,34.57322969091246,,,
161.0,34.705737795921834,34.49864271351505,,,
162.0,34.62904098621642,34.43080588396915,,,
163.0,34.55916491185492,34.36973933621906,,,
164.0,34.496130250291955,34.31546119479215,,,
165.0,34.439955654498,34.26798756941943,,,
166.0,34.39065774743972,34.22733255025423,,,
167.0,34.34825111716093,34.19350820369026,,,
168.0,34.312748312465786,34.16652456878026,,,
169.0,34.2841598392054,34.14638965425647,,,
170.0,34.262494157168945,34.13310943615359,,,
171.0,34.247757677580296,34.126687856035126,,,
172.0,34.23995476120085,34.127126819823545,,,
173.0,34.23908771703911,34.134426197234546,,,
174.0,34.24515680166739,34.1485838218158,,,
175.0,34.25816021914591,34.169595491589895,,,
176.0,34.27809412155422,34.19745497030152,,,
177.0,34.3049526101299,34.23215398926833,,,
178.0,34.33872773701408,34.27368224983517,,,
179.0,34.379409507603306,34.32202742643063,,,
180.0,34.42698588350716,34.377175170225314,,,
181.0,34.48144278611059,34.43910911339056,,,
182.0,34.54276410073997,34.5078108739564,,,
183.0,34.610931681431765,34.583260061267325,,,
184.0,34.685925356302114,34.66543428203423,,,
185.0,34.7677229335161,34.75430914698071,,,
186.0,34.856300207854616,34.84985827808181,,,
187.0,34.951630967877136,34.95205331639302,,,
188.0,35.053687003678036,35.060863930467164,,,
189.0,35.16243811523439,35.17625782535679,,,
190.0,35.277852121342654,35.29820075219929,,,
191.0,35.39989486914159,35.426656518381954,,,
192.0,35.52853024421866,35.5615869982839,,,
193.0,35.66372018129681,35.70295214459179,,,
194.0,35.80542467549867,35.85071000018581,,,
195.0,35.95360179418461,36.004816710592536,,,
196.0,36.10820768936125,36.16522653700096,,,
197.0,36.26919661065686,36.3318918698377,,,
198.0,36.43652091885956,36.504763242897525,,,
199.0,36.610131100014556,36.68378934802493,,,
200.0,36.78997578007612,36.86891705034235,,,
201.0,36.976001740110014,37.06009140402055,,,
202.0,37.16815393204179,37.257255668586566,,,
203.0,37.36637549494642,37.46035132576425,,,
204.0,37.570607771874364,37.669318096842446,,,
205.0,37.78079032720909,37.88409396056569,,,
206.0,37.996860964550976,38.104615171542136,,,
207.0,38.21875574512218,38.330816279163116,,,
208.0,38.4464090066872,38.56263014702887,,,
209.0,38.679753382983336,38.79998797287462,,,
210.0,38.9187198236555,39.04281930899102,,,
211.0,39.163237614689294,39.29105208313304,,,
212.0,39.41323439933643,39.54461261991098,,,
213.0,39.668636199526276,39.80342566265726,,,
214.0,39.92936743775715,40.06741439576261,,,
215.0,40.19535095946088,40.33650046747492,,,
216.0,40.466508055834126,40.61060401315393,,,
217.0,40.74275848712959,40.889643678975126,,,
218.0,41.024020506400205,41.173536646075476,,,
219.0,41.31021088368939,41.46219865513401,,,
220.0,41.601244930660165,41.75554403138001,,,
221.0,41.897036525655714,42.053485710021214,,,
222.0,42.19749813918426,42.355935262084586,,,
223.0,42.5025408598204,42.66280292066209,,,
224.0,42.812074420515444,42.97399760755335,,,
225.0,43.12600722530884,43.28942696029772,,,
226.0,43.44424637643298,43.60899735958742,,,
227.0,43.76669770180307,43.93261395705362,,,
228.0,44.09326578288416,44.26018070341755,,,
229.0,44.42385398292713,44.591600376997725,,,
230.0,44.758364475564896,44.926774612565396,,,
231.0,45.09669827376095,45.26560393053933,,,
232.0,45.438755259101136,45.60798776651123,,,
233.0,45.784434211420304,45.95382450109327,,,
234.0,46.13363283875505,46.30301149007867,,,
235.0,46.48624780761345,46.65544509490649,,,
236.0,46.84217477355324,47.01102071342146,,,
237.0,47.20130841205884,47.36963281091985,,,
238.0,47.56354244970871,47.731174951472255,,,
239.0,47.92876969562336,48.095539829513555,,,
240.0,48.29688207318476,48.46261930169128,,,
241.0,48.667770652018035,48.83230441896252,,,
242.0,49.041325680225654,49.204485458929895,,,
243.0,49.417436616864904,49.579051958407135,,,
244.0,49.79599216465856,49.95589274620458,,,
245.0,50.17688030292963,50.33489597612465,,,
246.0,50.55998832075016,50.71594916015778,,,
247.0,50.945202850294024,51.09893920186889,,,
248.0,51.33240990038441,51.48375242996424,,,
249.0,51.72149489022567,51.870274632029115,,,
250.0,52.11234268330951,52.25839108842602,,,
251.0,52.504837621485834,52.64798660634337,,,
252.0,52.898863559187795,53.038945553984696,,,
253.0,53.29430389780116,53.43115189488817,,,
254.0,53.6910416201677,53.82448922236609,,,
255.0,54.08895932521247,54.21884079405437,,,
256.0,54.48793926268469,54.614089566561724,,,
257.0,54.887863368001874,55.01011823020793,,,
258.0,55.288613297187084,55.406809243841394,,,
259.0,55.690070461888865,55.804044869725374,,,
260.0,56.092116064473316,56.201707208482354,,,
261.0,56.49463113317838,56.5996782340866,,,
262.0,56.897496557319364,56.997839828894335,,,
263.0,57.30059312253579,57.39607381870081,,,
264.0,57.703801546068796,57.794262007814524,,,
265.0,58.10700251205885,58.1922862141376,,,
266.0,58.51007670685327,58.59002830424219,,,
267.0,58.912904854312956,58.98737022843239,,,
268.0,59.31536775110818,59.38419405578145,,,
269.0,59.717346301992805,59.780382009133504,,,
270.0,60.11872155504638,60.17581650005984,,,
271.0,60.519374736874056,60.570380163759154,,,
272.0,60.91918728775342,60.96395589389125,,,
273.0,61.3180408967183,61.35642687733424,,,
274.0,61.71581753656887,61.74767662885469,,,
275.0,62.112399498797764,62.13758902568023,,,
276.0,62.507669428422005,62.526048341964845,,,
277.0,62.901510358710105,62.91293928313634,,,
278.0,63.293805745794536,63.298147020115536,,,
279.0,63.684439503158806,63.68155722339763,,,
280.0,64.07329603598942,64.06305609698516,,,
281.0,64.46026027538223,64.44253041216251,,,
282.0,64.84521771239312,64.81986754110218,,,
283.0,65.22805443192311,65.1949554902928,,,
284.0,65.60865714642769,65.56768293377858,,,
285.0,65.98691322944026,65.93793924620091,,,
286.0,66.36271074890034,66.30561453563196,,,
287.0,66.73593850027589,66.67059967619045,,,
288.0,67.10648603947068,67.03278634043022,,,
289.0,67.47424371550628,67.39206703149185,,,
290.0,67.8391027029697,67.74833511500754,,,
291.0,68.20095503421655,68.10148485075025,,,
292.0,68.55969363132036,68.45141142401738,,,
293.0,68.91521233775867,68.79801097673963,,,
294.0,69.26740594982657,69.14118063830607,,,
295.0,69.61617024776795,69.4808185560962,,,
296.0,69.96140202661597,69.8168239257096,,,
297.0,70.30299912673303,70.14909702088472,,,
298.0,70.64086046404144,70.47753922309771,,,
299.0,70.97488605993583,70.80205305083211,,,
300.0,71.30497707086839,71.12254218851149,,,
301.0,71.63103581759837,71.43891151508592,,,
302.0,71.95296581409683,71.7510671322637,,,
303.0,72.2706717960984,72.05891639238044,,,
304.0,72.58405974929167,72.36236792589686,,,
305.0,72.89303693713933,72.6613316685172,,,
306.0,73.19751192832055,72.95571888792026,,,
307.0,73.49739462378687,73.24544221009512,,,
308.0,73.7925962834241,73.53041564527373,,,
309.0,74.08302955231179,73.81055461345264,,,
310.0,74.36860848657304,74.0857759694963,,,
311.0,74.64924857880672,74.35599802781454,,,
312.0,74.92486678309442,74.62114058660669,,,
313.0,75.19538153957527,74.88112495166565,,,
314.0,75.46071279858066,75.13587395973417,,,
315.0,75.72078204432223,75.3853120014068,,,
316.0,75.9755123181261,75.62936504357097,,,
317.0,76.22482824120604,75.86796065137976,,,
318.0,76.46865603696928,76.10102800975059,,,
319.0,76.70692355284825,76.32849794438324,,,
320.0,76.93956028165162,76.55030294229056,,,
321.0,77.16649738242864,76.76637717183645,,,
322.0,77.38766770084005,76.97665650227458,,,
323.0,77.60300578903038,77.18107852278237,,,
324.0,77.81244792499487,77.3795825609846,,,
325.0,78.01593213143587,77.5721097009608,,,
326.0,78.21339819410301,77.75860280073155,,,
327.0,78.40478767961133,77.93900650921822,,,
328.0,78.590043952733,78.1132672826711,,,
329.0,78.76911219315625,78.28133340056118,,,
330.0,78.94193941170784,78.44315498093079,,,
331.0,79.10847446603324,78.59868399519853,,,
332.0,79.26866807573066,78.74787428241414,,,
333.0,79.42247283693365,78.8906815629591,,,
334.0,79.56984323633893,79.02706345168869,,,
335.0,79.71073566467433,79.15697947051201,,,
336.0,79.84510842960358,79.28039106040578,,,
337.0,79.97292176806369,79.39726159285864,,,
338.0,80.09413785803146,79.50755638074256,,,
339.0,80.20872082971573,79.61124268860789,,,
340.0,80.31663677617169,79.70828974239924,,,
341.0,80.41785376333459,79.79866873858921,,,
342.0,80.51234183946951,79.8823528527273,,,
343.0,80.60007304403456,79.95931724740134,,,
344.0,80.68102141595483,80.02953907960928,,,
345.0,80.75516300130474,80.09299750753895,,,
346.0,80.82247586039637,80.1496736967539,,,
347.0,80.88294007427174,80.19955082578346,,,
348.0,80.93653775059721,80.24261409111536,,,
349.0,80.98325302895805,80.2788507115894,,,
350.0,81.02307208555179,80.30824993219086,,,
351.0,81.05598313727899,80.33080302724264,,,
352.0,81.08197644522993,80.34650330299502,,,
353.0,81.1010443175666,80.35534609961229,,,
354.0,81.11318111179882,80.35732879255593,,,
355.0,81.1183832364539,80.35245079336345,,,
356.0,81.11664915213946,80.34071354982306,,,
357.0,81.10797937199895,80.32212054554407,,,
358.0,81.09237646155981,80.29667729892282,,,
359.0,81.06984503797423,80.26439136150486,,,
360.0,81.040391768653,80.22527231574378,,,
361.0,81.00402536929231,80.17933177215693,,,
362.0,80.96075660129485,80.12658336587958,,,
363.0,80.91059826858518,80.06704275261797,,,
364.0,80.85356521382093,80.00072760400268,,,
365.0,80.78967431400056,79.92765760234374,,,
366.0,80.71894447546927,79.8478544347889,,,
367.0,80.64139662832417,79.76134178688689,,,
368.0,80.55705372022088,79.66814533555757,,,
369.0,80.46594070958285,79.56829274147105,,,
370.0,80.3680845582158,79.46181364083796,,,
371.0,80.26351422332928,79.34873963661347,,,
372.0,80.15226064896773,79.22910428911756,,,
373.0,80.03435675685373,79.1029431060743,,,
374.0,79.90983743664582,78.97029353207321,,,
375.0,79.77873953561419,78.83119493745563,,,
376.0,79.64110184773692,78.68568860662975,,,
377.0,79.49696510222023,78.5338177258173,,,
378.0,79.34637195144606,78.37562737023597,,,
379.0,79.18936695835052,78.21116449072107,,,
380.0,79.02599658323705,78.04047789979055,,,
381.0,78.856309170028,77.8636182571574,,,
382.0,78.68035493195897,77.68063805469403,,,
383.0,78.49818593671982,77.49159160085253,,,
384.0,78.30985609104708,77.29653500454603,,,
385.0,78.11542112477198,77.09552615849556,,,
386.0,77.91493857432926,76.8886247220476,,,
387.0,77.70846776573099,76.67589210346705,,,
388.0,77.49606979701124,76.45739144171142,,,
389.0,77.27780752014615,76.23318758769119,,,
390.0,77.05374552245492,76.003347085022,,,
391.0,76.82395010748749,75.76793815027465,,,
392.0,76.58848927540416,75.52703065272834,,,
393.0,76.34743270285341,75.2806960936336,,,
394.0,76.10085172235321,75.02900758499062,,,
395.0,75.84881930118287,74.7720398278498,,,
396.0,75.59141001979056,74.50986909014034,,,
397.0,75.32870004972399,74.24257318403404,,,
398.0,75.06076713108993,73.97023144285073,,,
399.0,74.7876905495496,73.69292469751201,,,
400.0,74.50955111285685,73.41073525255081,,,
401.0,74.22643112694584,73.12374686168341,,,
402.0,73.93841437157538,72.8320447029513,,,
403.0,73.64558607553708,72.53571535344042,,,
404.0,73.34803289143494,72.23484676358518,,,
405.0,73.0458428700433,71.92952823106464,,,
406.0,72.73910543425123,71.61985037429915,,,
407.0,72.42791135260096,71.30590510555479,,,
408.0,72.11235271242782,70.9877856036638,,,
409.0,71.79252289261036,70.6655862863692,,,
410.0,71.46851653593775,70.33940278230163,,,
411.0,71.14042952110377,70.00933190259676,,,
412.0,70.80835893433446,69.67547161216183,,,
413.0,70.472403040659,69.33792100059972,,,
414.0,70.13266125483128,68.99678025279913,,,
415.0,69.7892341119117,68.65215061919982,,,
416.0,69.44222323751701,68.30413438574148,,,
417.0,69.09173131774784,67.95283484350524,,,
418.0,68.73786206880216,67.59835625805708,,,
419.0,68.38072020628387,67.24080383850172,,,
420.0,68.02041141421601,66.88028370625659,,,
421.0,67.65704231376691,66.51690286355512,,,
422.0,67.2907204316995,66.1507691616885,,,
423.0,66.92155416855215,65.78199126899537,,,
424.0,66.54965276656154,65.41067863860923,,,
425.0,66.17512627733576,65.0369414759727,,,
426.0,65.79808552928858,64.66089070612861,,,
427.0,65.4186420948433,64.28263794079753,,,
428.0,65.03690825741687,63.90229544525141,,,
429.0,64.65299697819327,63.51997610499329,,,
430.0,64.26702186269654,63.13579339225295,,,
431.0,63.879097127173154,62.74986133230843,,,
432.0,63.489337564793416,62.362294469643246,,,
433.0,63.097858511682496,61.9732078339498,,,
434.0,62.70477581279046,61.58271690598852,,,
435.0,62.31020578761205,61.190937583313165,,,
436.0,61.914265195765694,60.7979861458726,,,
437.0,61.51707120244263,60.403979221498886,,,
438.0,61.11874134373566,60.00903375129215,,,
439.0,60.71939349185855,59.61326695491259,,,
440.0,60.31914582026555,59.21679629578969,,,
441.0,59.91811676868202,58.81973944625909,,,
442.0,59.516425008056295,58.42221425263753,,,
443.0,59.11418940544288,58.024338700246126,,,
444.0,58.71152898882805,57.62623087839225,,,
445.0,58.30856291190713,57.228008945320845,,,
446.0,57.9054104188255,56.82979109314501,,,
447.0,57.502190808891875,56.43169551276657,,,
448.0,57.09902340127608,56.03384035879718,,,
449.0,56.696027499700314,55.63634371449006,,,
450.0,56.29332235713544,55.23932355669282,,,
451.0,55.8910271405121,54.84289772083215,,,
452.0,55.48926089545715,54.44718386594014,,,
453.0,55.08814251106633,54.05229943973327,,,
454.0,54.68779068472292,53.658361643753906,,,
455.0,54.288323886973416,53.26548739858489,,,
456.0,53.889860326470036,52.87379330914765,,,
457.0,53.49251791499103,52.48339563009388,,,
458.0,53.096414232548526,52.09441023130106,,,
459.0,52.701666492594924,51.70695256348257,,,
460.0,52.30839150733733,51.321137623921786,,,
461.0,51.91670565317102,50.937079922341006,,,
462.0,51.52672483624195,50.55489344691496,,,
463.0,51.13856445814794,50.17469163043925,,,
464.0,50.75233938178986,49.79658731666335,,,
465.0,50.36816389738153,49.42069272679889,,,
466.0,49.98615168862957,49.04711942621226,,,
467.0,49.606415799092495,48.67597829131212,,,
468.0,49.22906859872947,48.30737947664134,,,
469.0,48.85422175064792,47.941432382183024,,,
470.0,48.481986178061,47.57824562089089,,,
471.0,48.11247203146327,47.21792698645281,,,
472.0,47.7457886560356,46.86058342129775,,,
473.0,47.38204455928821,46.50632098485525,,,
474.0,47.02134737895133,46.15524482207712,,,
475.0,46.66380385112382,45.807459132230306,,,
476.0,46.3095197786877,45.463067137970754,,,
477.0,45.95860000000002,45.12217105470689,,,
478.0,45.61114835786898,44.78487206026212,,,
479.0,45.2672676688255,44.451270264845284,,,
480.0,44.92705969269795,44.12146468133808,,,
481.0,44.59062510249986,43.79555319590787,,,
482.0,44.25806345463924,43.47363253895536,,,
483.0,43.92947315945803,43.15579825640488,,,
484.0,43.60495145211115,42.84214468134647,,,
485.0,43.28459436379282,42.5327649060378,,,
486.0,42.96849669331953,42.22775075427451,,,
487.0,42.656751979077455,41.9271927541368,,,
488.0,42.349452471343106,41.63118011112089,,,
489.0,42.046689104984715,41.33980068166278,,,
490.0,41.74855147255346,41.053140947062516,,,
491.0,41.45512779777131,40.77128598781654,,,
492.0,41.16650490942433,40.49431945836592,,,
493.0,40.88276821566876,40.222323562267576,,,
494.0,40.604001678757115,39.955379027796496,,,
495.0,40.3302877901926,39.69356508398549,,,
496.0,40.061707546318445,39.43695943711009,,,
497.0,39.79834042434991,39.18563824762535,,,
498.0,39.540264358855495,38.939676107561446,,,
499.0,39.287555718695074,38.69914601838475,,,
500.0,39.04028928442095,38.46411936933114,,,
501.0,38.79853822614915,38.23466591621757,,,
502.0,38.562374081907194,38.010853760738684,,,
503.0,38.3318667364649,37.79274933025417,,,
504.0,38.107084400654315,37.58041735807322,,,
505.0,37.88809359118499,37.3739208642416,,,
506.0,37.674959110960664,37.173321136837465,,,
507.0,37.46774402990302,36.978677713780996,,,
508.0,37.26650966628835,36.790048365163585,,,
509.0,37.07131556860236,36.60748907610169,,,
510.0,36.88221949791899,36.43105403012051,,,
511.0,36.69927741080773,36.260795593072245,,,
512.0,36.522543442775486,36.096764297594056,,,
513.0,36.35206989224672,35.939008828109905,,,
514.0,36.187907205087726,35.78757600638107,,,
515.0,36.030103959678755,35.64251077760949,,,
516.0,35.87870685253891,35.50385619709797,,,
517.0,35.73376068450797,35.371653417471464,,,
518.0,35.59530834748898,35.24594167646296,,,
519.0,35.46339081175598,35.12675828526774,,,
520.0,35.33804711383013,35.01413861746941,,,
521.0,35.219314344928236,34.90811609854111,,,
522.0,35.10722763998682,34.808722195924695,,,
523.0,35.00182016726521,34.71598640969139,,,
524.0,34.9031231185304,34.62993626378606,,,
525.0,34.811165699827015,34.550597297858154,,,
526.0,34.7259751228347,34.47799305968155,,,
527.0,34.64757659681574,34.412145098165595,,,
528.0,34.57599332115534,34.35307295695934,,,
529.0,34.5112464784964,34.30079416865106,,,
530.0,34.45335522847135,34.25532424956456,,,
531.0,34.40233670203246,34.21667669515394,,,
532.0,34.3582059963825,34.18486297599814,,,
533.0,34.32097617050727,34.159892534396505,,,
534.0,34.29065824131122,34.14177278156627,,,
535.0,34.26726118035738,34.13050909544293,,,
536.0,34.25079191121248,34.12610481908412,,,
537.0,34.24125530739825,34.128561259677326,,,
538.0,34.23865419094917,34.13787768815193,,,
539.0,34.24298933157746,34.15405133939564,,,
540.0,34.25425944644525,34.17707741307514,,,
541.0,34.27246120054424,34.20694907506079,,,
542.0,34.29758920768256,34.243657459455086,,,
543.0,34.32963603207861,34.28719167122398,,,
544.0,34.36859219056148,34.33753878943054,,,
545.0,34.41444615537712,34.39468387106988,,,
546.0,34.467184357599635,34.458609955504265,,,
547.0,34.52679119114651,34.52929806949699,,,
548.0,34.5932490173967,34.6067272328436,,,
549.0,34.666538170410234,34.690874464598906,,,
550.0,34.74663696274761,34.781714789897606,,,
551.0,34.833521691887526,34.879221247366885,,,
552.0,34.92716664724077,34.983364897128546,,,
553.0,35.02754411775848,35.094114829388296,,,
554.0,35.13462440013217,35.21143817360981,,,
555.0,35.24837580758356,35.33530010827068,,,
556.0,35.3687646792411,35.46566387119742,,,
557.0,35.49575539010078,35.60249077047647,,,
558.0,35.62931036156819,35.74574019593798,,,
559.0,35.76939007257856,35.89536963120881,,,
560.0,35.91595307129175,36.05133466633143,,,
561.0,36.068955987358464,36.21358901094477,,,
562.0,36.22835354475427,36.38208450802319,,,
563.0,36.39409857517745,36.55677114816942,,,
564.0,36.56614203200694,36.73759708445743,,,
565.0,36.744433004815946,36.92450864782043,,,
566.0,36.9289187344372,37.11745036297995,,,
567.0,37.119544628575206,37.316364964910846,,,
568.0,37.316254277960994,37.5211934158375,,,
569.0,37.51898947304457,37.731874922756255,,,
570.0,37.72769022122003,37.948346955478755,,,
571.0,37.94229476457831,38.17054526519085,,,
572.0,38.162739598182355,38.39840390352161,,,
573.0,38.38895948885933,38.631855242116835,,,
574.0,38.62088749450399,38.87082999271105,,,
575.0,38.85845498388814,39.11525722769229,,,
576.0,39.101591656969575,39.36506440115339,,,
577.0,39.35022556569507,39.62017737042354,,,
578.0,39.604283135290856,39.88052041807381,,,
579.0,39.86368918603469,40.14601627439007,,,
580.0,40.12836695550273,40.41658614030662,,,
581.0,40.39823812128473,40.69214971079367,,,
582.0,40.67322282416096,40.972625198691944,,,
583.0,40.9532396917337,41.25792935898697,,,
584.0,41.23820586250683,41.54797751351619,,,
585.0,41.528037010405754,41.84268357610145,,,
586.0,41.8226473697309,42.141960078099316,,,
587.0,42.12194976053706,42.44571819436169,,,
588.0,42.42585561443154,42.753867769599225,,,
589.0,42.734275000782745,43.06631734513919,,,
590.0,43.04711665333229,43.382974186070484,,,
591.0,43.36428799720207,43.70374430876728,,,
592.0,43.68569517628859,44.02853250878336,,,
593.0,44.01124308103666,44.35724238910868,,,
594.0,44.340835376583655,44.68977638878016,,,
595.0,44.674374531266714,45.026035811837474,,,
596.0,45.01176184548384,45.36592085661614,,,
597.0,45.35289748090075,45.70933064536858,,,
598.0,45.69768048999452,46.056163254204584,,,
599.0,46.046008845925755,46.40631574334226,,,
600.0,46.39777947272991,46.75968418766065,,,
601.0,46.752888275819,47.116163707544466,,,
602.0,47.111230172785106,47.47564850001243,,,
603.0,47.47269912449569,47.83803187011957,,,
604.0,47.83718816647249,48.20320626262419,,,
605.0,48.20458944054391,48.57106329391023,,,
606.0,48.574794226762094,48.94149378415557,,,
607.0,48.9476929755747,49.31438778973641,,,
608.0,49.32317534024264,49.68963463585858,,,
609.0,49.70113020949323,50.06712294940578,,,
610.0,50.08144574039998,50.446740691995046,,,
611.0,50.46400939147864,50.82837519322968,,,
612.0,50.84870795598993,51.21191318413993,,,
613.0,51.235427595439475,51.597240830800935,,,
614.0,51.62405387326416,51.984243768118745,,,
615.0,52.014471788696035,52.372807133773826,,,
616.0,52.40656581079269,52.762815602312095,,,
617.0,52.80021991262485,53.154153419373486,,,
618.0,53.19531760561041,53.54670443604792,,,
619.0,53.59174197398555,53.94035214334804,,,
620.0,53.98937570940185,54.334979706789184,,,
621.0,54.3881011456396,54.73047000106576,,,
622.0,54.787800293427445,55.12670564481402,,,
623.0,55.188354875356914,55.52356903545073,,,
624.0,55.58964636088296,55.92094238407775,,,
625.0,55.99155600139885,56.31870775044149,,,
626.0,56.39396486537589,56.71674707793771,,,
627.0,56.79675387355702,57.114942228650584,,,
628.0,57.19980383419455,57.51317501841603,,,
629.0,57.60299547832059,57.91132725189867,,,
630.0,58.00620949504095,58.30928075767231,,,
631.0,58.40932656684104,58.706917423292964,,,
632.0,58.8122274048937,59.104119230354705,,,
633.0,59.214792784358984,59.50076828951744,,,
634.0,59.616903579664324,59.896746875496454,,,
635.0,60.01844079975622,60.291937462003176,,,
636.0,60.41928562331101,60.68622275662707,,,
637.0,60.81931943389651,61.07948573564775,,,
638.0,61.21842385507217,61.47160967876778,,,
639.0,61.616480785418815,61.86247820375507,,,
640.0,62.013372433486644,62.25197530098515,,,
641.0,62.408981352651665,62.63998536787286,,,
642.0,62.80319047586988,63.02639324318296,,,
643.0,63.195883150319595,63.411084241210055,,,
644.0,63.58694317192054,63.793944185817274,,,
645.0,63.97625481972081,64.17485944432367,,,
646.0,64.36370289014039,64.55371696123034,,,
647.0,64.7491727310619,64.93040429177537,,,
648.0,65.13255027575765,65.30480963530722,,,
649.0,65.51372207664426,65.6768218684672,,,
650.0,65.89257533885336,66.04633057817088,,,
651.0,66.26899795360966,66.41322609437856,,,
652.0,66.64287853140519,66.77739952264534,,,
653.0,67.0141064349619,67.13874277644103,,,
654.0,67.38257181197069,67.49714860923005,,,
655.0,67.74816562759838,67.8525106463022,,,
656.0,68.11077969675314,68.20472341634469,,,
657.0,68.47030671609801,68.55368238274593,,,
658.0,68.82664029580374,68.89928397462191,,,
659.0,69.17967499103119,69.24142561755622,,,
660.0,69.52930633313429,69.58000576404379,,,
661.0,69.87543086057389,69.91492392363033,,,
662.0,70.21794614953376,70.24608069273783,,,
663.0,70.55675084422924,70.57337778416752,,,
664.0,70.8917446869004,70.89671805627135,,,
665.0,71.22282854747966,71.21600554178386,,,
666.0,71.54990445292603,71.53114547630491,,,
667.0,71.87287561621693,71.8420443264259,,,
668.0,72.19164646498906,72.14860981749044,,,
669.0,72.50612266981977,72.45075096098137,,,
670.0,72.81621117214056,72.74837808152613,,,
671.0,73.12182021177475,73.04140284351249,,,
672.0,73.42285935409076,73.32973827730635,,,
673.0,73.71923951676315,73.61329880506437,,,
674.0,74.01087299613343,73.89200026613348,,,
675.0,74.29767349316313,74.16575994202967,,,
676.0,74.5795561389711,74.43449658098879,,,
677.0,74.85643751994725,74.6981304220822,,,
678.0,75.1282357024364,74.95658321888953,,,
679.0,75.39487025698358,75.20977826272235,,,
680.0,75.65626228213435,75.45764040539129,,,
681.0,75.91233442778304,75.70009608150988,,,
682.0,76.16301091806197,75.93707333032881,,,
683.0,76.40821757376467,76.16850181709393,,,
684.0,76.64788183429675,76.39431285392136,,,
685.0,76.88193277914763,76.61443942018423,,,
686.0,77.11030114887726,76.82881618240424,,,
687.0,77.33291936561096,77.0373795136427,,,
688.0,77.54972155303672,77.24006751238495,,,
689.0,77.76064355589935,77.43682002091273,,,
690.0,77.96562295898478,77.6275786431589,,,
691.0,78.16459910558987,77.81228676203939,,,
692.0,78.35751311547155,77.9908895562572,,,
693.0,78.54430790227063,78.16333401657329,,,
694.0,78.72492819040448,78.32956896153962,,,
695.0,78.89932053142394,78.48954505268998,,,
696.0,79.06743331982958,78.6432148091834,,,
697.0,79.22921680834263,78.79053262189666,,,
698.0,79.38462312262602,78.93145476696085,,,
699.0,79.53360627545109,79.0659394187388,,,
700.0,79.67612218030601,79.19394666223872,,,
701.0,79.81212866444169,79.31543850496112,,,
702.0,79.94158548135134,79.43037888817489,,,
703.0,80.06445432268004,79.53873369761949,,,
704.0,80.18069882956087,79.64047077363011,,,
705.0,80.29028460337412,79.7355599206826,,,
706.0,80.39317921592618,79.82397291635553,,,
707.0,80.48935221904583,79.90568351970657,,,
708.0,80.57877515359414,79.9806674790608,,,
709.0,80.6614215578861,80.04890253920857,,,
710.0,80.73726697552105,80.11036844801086,,,
711.0,80.80628896261966,80.16504696241014,,,
712.0,80.8684670944655,80.21292185384482,,,
713.0,80.923782971549,80.25397891306599,,,
714.0,80.97222022501218,80.28820595435461,,,
715.0,81.01376452149248,80.31559281913827,,,
716.0,81.04840356736416,80.3361313790063,,,
717.0,81.07612711237627,80.34981553812221,,,
