Radial distance r (atomic units), calculated hydrogen wavefunction from basis of four gaussians (atomic units) with 1000 points,Radial distance r (a.u.), Calculated helium wavefunction
0.0,1.2132327701053789,0.01,1.3141726130787124
0.005005005005005,1.2129095663609015,0.02,1.2882314716619403
0.01001001001001,1.2119414470647414,0.03,1.2628552235688135
0.015015015015015,1.2103328742077255,0.04,1.2380314256715572
0.02002002002002,1.2080912385552287,0.05,1.213747826863947
0.025025025025025,1.205226791458831,0.06,1.1899923741006289
0.03003003003003,1.201752550662662,0.07,1.1667532173891542
0.035035035035035,1.1976841813483303,0.08,1.1440187138293332
0.04004004004004,1.1930398539810096,0.09,1.1217774307870754
0.045045045045045,1.1878400808114575,0.1,1.1000181482832971
0.05005005005005,1.1821075331497413,0.11,1.0787298606721265
0.055055055055055,1.17586684175209,0.12,1.057901777676914
0.06006006006006,1.1691443828492902,0.13,1.0375233248470566
0.065065065065065,1.1619680524907072,0.14,1.0175841434936492
0.07007007007007,1.1543670319806505,0.15,0.998074090157382
0.075075075075075,1.146371547242416,0.16,0.978983235657636
0.08008008008008,1.1380126249599167,0.17,0.9603018637678792
0.085085085085085,1.1293218483180354,0.18,0.9420204695586208
0.09009009009009,1.1203311150923516,0.19,0.9241297574458652
0.095095095095095,1.1110724007289063,0.2,0.9066206389796796
0.1001001001001,1.1015775289082288,0.21,0.8894842304047016
0.1051051051051051,1.091877951908511,0.22,0.8727118500215933
0.1101101101101101,1.0820045428746603,0.23,0.8562950153759492
0.1151151151151151,1.0719874018674902,0.24,0.8402254402988822
0.1201201201201201,1.0618556773153005,0.25,0.8244950318213373
0.1251251251251251,1.0516374042235754,0.26,0.8090958869822388
0.1301301301301301,1.0413593602224809,0.27,0.7940202895486982
0.1351351351351351,1.0310469402513716,0.28,0.7792607066649041
0.1401401401401401,1.0207240503995276,0.29,0.7648097854447133
0.1451451451451451,1.0104130211474276,0.3,0.7506603495215974
0.1501501501501501,1.0001345399875543,0.31,0.7368053955682103
0.1551551551551551,0.9899076031518363,0.32,0.723238089796721
0.1601601601601601,0.9797494859380323,0.33,0.709951764449912
0.1651651651651651,0.9696757309126132,0.34,0.6969399142919944
0.1701701701701701,0.9597001530755565,0.35,0.6841961931072605
0.1751751751751751,0.9498348609048306,0.36,0.67171441021372
0.1801801801801801,0.9400902920566598,0.37,0.6594885269981594
0.1851851851851851,0.9304752623826824,0.38,0.6475126534783394
0.1901901901901901,0.92099702683718,0.39,0.6357810448973551
0.1951951951951951,0.9116613507863834,0.4,0.6242880983546013
0.2002002002002001,0.9024725901967596,0.41,0.6130283494772731
0.2052052052052052,0.8934337791689827,0.42,0.6019964691357528
0.2102102102102102,0.8845467232974759,0.43,0.5911872602058361
0.2152152152152152,0.875812097370106,0.44,0.5805956543803477
0.2202202202202202,0.8672295459766999,0.45,0.570216709032231
0.2252252252252252,0.8587977856662135,0.46,0.5600456041309774
0.2302302302302302,0.8505147073781498,0.47,0.5500776392138129
0.2352352352352352,0.8423774779716446,0.48,0.5403082304128911
0.2402402402402402,0.8343826397829556,0.49,0.530732907539421
0.2452452452452452,0.8265262072563565,0.5,0.5213473112254238
0.2502502502502503,0.8188037598122144,0.51,0.5121471901236494
0.2552552552552553,0.8112105302369511,0.52,0.5031283981659352
0.2602602602602603,0.8037414880005103,0.53,0.4942868918801717
0.2652652652652653,0.7963914170258725,0.54,0.4856187277658363
0.2702702702702703,0.7891549875503001,0.55,0.4771200597279913
0.2752752752752753,0.7820268218278194,0.56,0.4687871365694109
0.2802802802802803,0.7750015535256448,0.5700000000000001,0.4606162995405325
0.2852852852852853,0.7680738807627565,0.58,0.4526039799466892
0.2902902902902903,0.761238612825835,0.59,0.4447466968121071
0.2952952952952953,0.7544907106756497,0.6,0.4370410546000252
0.3003003003003003,0.7478253214254259,0.61,0.4294837409882017
0.3053053053053053,0.7412378070315151,0.62,0.4220715246991146
0.3103103103103103,0.7347237674859063,0.63,0.4148012533839783
0.3153153153153153,0.7282790588399459,0.64,0.4076698515597883
0.3203203203203203,0.7218998064194184,0.65,0.4006743185984574
0.3253253253253253,0.7155824136133747,0.66,0.3938117267671812
0.3303303303303303,0.709323566633343,0.67,0.3870792193190362
0.3353353353353353,0.703120235646486,0.68,0.3804740086329098
0.3403403403403403,0.6969696726865875,0.6900000000000001,0.3739933744017532
0.3453453453453453,0.6908694067412197,0.7000000000000001,0.3676346618681708
0.3503503503503503,0.6848172364028244,0.71,0.3613952801063836
0.3553553553553553,0.6788112204565195,0.72,0.3552727003495337
0.3603603603603603,0.6728496667589483,0.73,0.349264454361356
0.3653653653653653,0.6669311197411918,0.74,0.3433681328512144
0.3703703703703703,0.661054346845309,0.75,0.3375813839314944
0.3753753753753753,0.6552183241791338,0.76,0.3319019116163799
0.3803803803803803,0.6494222216481138,0.77,0.3263274743610311
0.3853853853853853,0.6436653877967424,0.78,0.3208558836401728
0.3903903903903903,0.6379473345660225,0.79,0.3154850025651456
0.3953953953953953,0.6322677221477453,0.8,0.3102127445384706
0.4004004004004003,0.6266263440915857,0.81,0.3050370719449729
0.4054054054054054,0.6210231127973295,0.8200000000000001,0.2999559948785522
0.4104104104104104,0.6154580455022204,0.8300000000000001,0.294967569903676
0.4154154154154154,0.6099312508525918,0.84,0.2900698988507199
0.4204204204204204,0.604442916129761,0.85,0.2852611276442361
0.4254254254254254,0.5989932951826806,0.86,0.2805394451633374
0.4304304304304304,0.5935826971040974,0.87,0.2759030821332831
0.4354354354354354,0.5882114756729576,0.88,0.2713503100475063
0.4404404404404404,0.5828800195734944,0.89,0.266879440119201
0.4454454454454454,0.5775887433907689,0.9,0.2624888222617156
0.4504504504504504,0.5723380793733461,0.91,0.2581768440969531
0.4554554554554554,0.5671284699461647,0.92,0.2539419299910129
0.4604604604604604,0.5619603609504097,0.93,0.249782540116335
0.4654654654654654,0.5568341955822023,0.94,0.2456971695396189
0.4704704704704704,0.5517504089980648,0.95,0.2416843473347933
0.4754754754754755,0.5467094235522775,0.96,0.2377426357203511
0.4804804804804805,0.5417116446293143,0.97,0.2338706292203725
0.4854854854854855,0.5367574570333977,0.98,0.230066953848562
0.4904904904904905,0.5318472218967364,0.99,0.2263302663146802
0.4954954954954955,0.5269812740681279,1.0,0.2226592532527098
0.5005005005005005,0.5221599199441814,1.01,0.2190526304701703
0.5055055055055055,0.5173834357064007,1.02,0.2155091422179681
0.5105105105105106,0.5126520659286445,1.03,0.2120275604802113
0.5155155155155156,0.5079660225210105,1.04,0.2086066842834201
0.5205205205205206,0.5033254839778857,1.05,0.2052453390245819
0.5255255255255256,0.498730594899718,1.06,0.2019423758175162
0.5305305305305306,0.4941814657599589,1.07,0.1986966708570306
0.5355355355355356,0.4896781728905365,1.08,0.1955071248003565
0.5405405405405406,0.4852207586611395,1.09,0.1923726621653791
0.5455455455455456,0.480809231829469,1.1,0.1892922307451789
0.5505505505505506,0.4764435680414515,1.11,0.1862648010384106
0.5555555555555556,0.4721237104621557,1.12,0.1832893656950875
0.5605605605605606,0.4678495705198434,1.13,0.1803649389773108
0.5655655655655656,0.4636210287471553,1.14,0.1774905562345252
0.5705705705705706,0.4594379357049305,1.15,0.1746652733928884
0.5755755755755756,0.4553001129755321,1.16,0.1718881664583439
0.5805805805805806,0.4512073542138448,1.17,0.1691583310330147
0.5855855855855856,0.4471594262452871,1.18,0.1664748818445207
0.5905905905905906,0.4431560702012699,1.19,0.1638369522878743
0.5955955955955956,0.4391970026835273,1.2,0.1612436939795712
0.6006006006006006,0.4352819169496458,1.21,0.1586942763235428
0.6056056056056056,0.4314104841129415,1.22,0.1561878860886284
0.6106106106106106,0.4275823543505778,1.23,0.1537237269972338
0.6156156156156156,0.423797158114482,1.24,0.151301019324865
0.6206206206206206,0.4200545073402289,1.25,0.1489189995102156
0.6256256256256256,0.4163539966495985,1.26,0.1465769197755254
0.6306306306306306,0.4126952045430039,1.27,0.1442740477569002
0.6356356356356356,0.4090776945784243,1.28,0.1420096661443186
0.6406406406406406,0.4055010165338716,1.29,0.1397830723310476
0.6456456456456456,0.4019647075507694,1.3,0.1375935780722082
0.6506506506506506,0.3984682932559441,1.31,0.1354405091522144
0.6556556556556556,0.3950112888602093,1.32,0.1333232050608567
0.6606606606606606,0.3915932002317844,1.33,0.1312410186777669
0.6656656656656657,0.3882135249430173,1.34,0.12919331596504
0.6706706706706707,0.3848717532890913,1.35,0.1271794756677709
0.6756756756756757,0.3815673692775855,1.36,0.1251988890223033
0.6806806806806807,0.3782998515879324,1.37,0.1232509594719501
0.6856856856856857,0.375068674499967,1.38,0.1213351023899912
0.6906906906906907,0.371873308790913,1.39,0.1194507448097437
0.6956956956956957,0.368713222600276,1.4,0.1175973251614973
0.7007007007007007,0.3655878822622363,1.41,0.1157742930161339
0.7057057057057057,0.3624967531052467,1.42,0.1139811088352383
0.7107107107107107,0.3594393002186388,1.43,0.1122172437275239
0.7157157157157157,0.356414989186138,1.44,0.1104821792113917
0.7207207207207207,0.3534232867862769,1.45,0.1087754069834597
0.7257257257257257,0.3504636616597712,1.46,0.1070964286928907
0.7307307307307307,0.3475355849440067,1.47,0.1054447557213654
0.7357357357357357,0.3446385308748465,1.48,0.1038199089685367
0.7407407407407407,0.3417719773560406,1.49,0.1022214186428221
0.7457457457457457,0.3389354064965724,1.5,0.1006488240573814
0.7507507507507507,0.3361283051163413,1.51,0.0991016734311429
0.7557557557557557,0.3333501652206221,1.52,0.0975795236947344
0.7607607607607607,0.3306004844437996,1.53,0.0960819403011886
0.7657657657657657,0.3278787664629129,1.54,0.0946084970412943
0.7707707707707707,0.3251845213815889,1.55,0.0931587758634603
0.7757757757757757,0.3225172660849802,1.56,0.0917323666979769
0.7807807807807807,0.319876524566355,1.57,0.0903288672855539
0.7857857857857857,0.3172618282260191,1.58,0.0889478830100135
0.7907907907907907,0.3146727161432757,1.59,0.0875890267350359
0.7957957957957957,0.3121087353221543,1.6,0.0862519186448419
0.8008008008008007,0.3095694409116606,1.61,0.0849361860887071
0.8058058058058059,0.3070543964013191,1.62,0.08364146342921
0.8108108108108109,0.3045631737927944,1.63,0.0823673918941064
0.8158158158158159,0.3020953537483924,1.64,0.081113619431741
0.8208208208208209,0.2996505257172536,1.65,0.0798798005698974
0.8258258258258259,0.2972282880400571,1.66,0.0786655962779965
0.8308308308308309,0.2948282480330625,1.67,0.0774706738325546
0.8358358358358359,0.2924500220523217,1.68,0.0762947066858188
0.8408408408408409,0.2900932355388897,1.69,0.0751373743374852
0.8458458458458459,0.2877575230458709,1.7,0.0739983622094338
0.8508508508508509,0.2854425282481278,1.71,0.0728773615233876
0.8558558558558559,0.2831479039354827,1.72,0.0717740691814289
0.8608608608608609,0.2808733119902311,1.73,0.0706881876492923
0.8658658658658659,0.2786184233497809,1.74,0.0696194248423648
0.8708708708708709,0.2763829179552271,1.75,0.0685674940143235
0.8758758758758759,0.2741664846866523,1.76,0.0675321136483379
0.8808808808808809,0.2719688212859419,1.77,0.066513007350778
0.8858858858858859,0.2697896342678834,1.78,0.0655099037473569
0.8908908908908909,0.2676286388203087,1.79,0.0645225363816485
0.8958958958958959,0.2654855586940225,1.8,0.0635506436159191
0.9009009009009008,0.2633601260832445,1.81,0.0625939685342143
0.905905905905906,0.261252081497276,1.82,0.0616522588476407
0.9109109109109108,0.2591611736240842,1.83,0.0607252668017913
0.915915915915916,0.25708715918648,1.84,0.0598127490862551
0.9209209209209208,0.2550298027915452,1.85,0.0589144667461634
0.925925925925926,0.2529888767739461,1.86,0.0580301850957166
0.9309309309309308,0.250964161033752,1.87,0.0571596736336441
0.935935935935936,0.2489554428693536,1.88,0.0563027059605496
0.9409409409409408,0.24696251680606,1.89,0.0554590596980923
0.945945945945946,0.2449851844209287,1.9,0.0546285164099592
0.950950950950951,0.2430232541643638,1.91,0.0538108615245838
0.955955955955956,0.2410765411789959,1.92,0.0530058842595699
0.960960960960961,0.2391448671163363,1.93,0.0522133775477732
0.965965965965966,0.2372280599516772,1.94,0.0514331379650053
0.970970970970971,0.2353259537976865,1.95,0.0506649656593157
0.975975975975976,0.2334383887171277,1.96,0.0499086642818179
0.980980980980981,0.2315652105351131,1.97,0.0491640409190149
0.985985985985986,0.2297062706512753,1.98,0.0484309060265952
0.990990990990991,0.2278614258522273,1.99,0.0477090733646571
0.995995995995996,0.2260305381246553,2.0,0.0469983599343289
1.001001001001001,0.2242134744693709,2.01,0.0462985859157552
1.006006006006006,0.2224101067166312,2.02,0.0456095746074069
1.011011011011011,0.2206203113430136,2.03,0.0449311523666932
1.016016016016016,0.2188439692901139,2.04,0.0442631485518362
1.021021021021021,0.2170809657853193,2.05,0.0436053954649843
1.026026026026026,0.2153311901648879,2.06,0.0429577282965295
1.031031031031031,0.2135945356995505,2.07,0.0423199850706026
1.036036036036036,0.211870899422832,2.08,0.0416920065917183
1.0410410410410411,0.2101601819622747,2.09,0.0410736363925428
1.046046046046046,0.2084622873737286,2.1,0.0404647206827557
1.0510510510510511,0.2067771229788587,2.11,0.0398651082989827
1.056056056056056,0.2051045992060041,2.12,0.0392746506557719
1.0610610610610611,0.203444629434511,2.13,0.0386932016975922
1.066066066066066,0.2017971298426444,2.14,0.038120617851825
1.0710710710710711,0.2001620192591734,2.15,0.0375567579827322
1.076076076076076,0.1985392190187101,2.16,0.0370014833463711
1.0810810810810811,0.1969286528208718,2.17,0.0364546575464402
1.086086086086086,0.1953302465933214,2.18,0.0359161464910311
1.0910910910910911,0.1937439283587333,2.19,0.0353858183502659
1.0960960960960962,0.1921696281057201,2.2,0.0348635435148
1.1011011011011012,0.1906072776637433,2.21,0.0343491945551719
1.1061061061061062,0.1890568105820265,2.22,0.0338426461819771
1.1111111111111112,0.187518162012475,2.23,0.0333437752068519
1.1161161161161162,0.1859912685966014,2.24,0.0328524605042441
1.1211211211211212,0.1844760683564471,2.25,0.0323685829739568
1.1261261261261262,0.182972500589483,2.26,0.0318920255044433
1.1311311311311312,0.1814805057674628,2.27,0.0314226729368421
1.1361361361361362,0.1800000254392018,2.28,0.0309604120297294
1.1411411411411412,0.1785310021372402,2.29,0.0305051314245761
1.1461461461461462,0.1770733792883517,2.3000000000000003,0.0300567216118936
1.1511511511511512,0.1756271011278473,2.31,0.0296150748980527
1.1561561561561562,0.1741921126176241,2.32,0.0291800853727581
1.1611611611611612,0.1727683593678987,2.33,0.0287516488771696
1.1661661661661662,0.171355787562569,2.34,0.0283296629726488
1.1711711711711712,0.1699543438881348,2.35,0.0279140269101237
1.1761761761761762,0.1685639754661146,2.36,0.0275046416000528
1.1811811811811812,0.1671846297888828,2.37,0.0271014095829792
1.1861861861861862,0.1658162546588585,2.38,0.0267042350006585
1.1911911911911912,0.1644587981309677,2.39,0.0263130235677507
1.1961961961961962,0.1631122084583024,2.4,0.0259276825440626
1.2012012012012012,0.1617764340408972,2.41,0.0255481207073278
1.2062062062062062,0.1604514233775432,2.42,0.0251742483265158
1.2112112112112112,0.1591371250205578,2.43,0.0248059771356538
1.2162162162162162,0.1578334875334266,2.44,0.0244432203081551
1.2212212212212212,0.1565404594512356,2.45,0.0240858924316408
1.2262262262262262,0.1552579892438097,2.46,0.0237339094832432
1.2312312312312312,0.153986025281473,2.47,0.0233871888053838
1.2362362362362362,0.152724515803348,2.48,0.0230456490820124
1.2412412412412412,0.1514734088881089,2.49,0.0227092103152989
1.2462462462462462,0.1502326524271064,2.5,0.0223777938027697
1.2512512512512513,0.1490021940997811,2.51,0.0220513221148761
1.2562562562562565,0.1477819813512811,2.52,0.0217297190729889
1.2612612612612613,0.1465719613722058,2.53,0.0214129097278071
1.2662662662662665,0.1453720810803921,2.54,0.0211008203381743
1.2712712712712713,0.1441822871046636,2.5500000000000003,0.0207933783502941
1.2762762762762765,0.143002525770466,2.56,0.0204905123773343
1.2812812812812813,0.141832743087309,2.57,0.0201921521794135
1.2862862862862865,0.1406728847379397,2.58,0.0198982286439624
1.2912912912912913,0.1395228960691715,2.59,0.0196086737664501
1.2962962962962965,0.138382722084297,2.6,0.0193234206314701
1.3013013013013013,0.1372523074370105,2.61,0.0190424033941772
1.3063063063063065,0.1361315964267702,2.62,0.0187655572620679
1.3113113113113113,0.1350205329955332,2.63,0.0184928184770984
1.3163163163163163,0.1339190607257923,2.64,0.0182241242981326
1.3213213213213213,0.1328271228398524,2.65,0.0179594129837132
1.3263263263263263,0.13174466220028,2.66,0.0176986237751494
1.3313313313313313,0.1306716213114641,2.67,0.017441696879915
1.3363363363363363,0.1296079423222292,2.68,0.0171885734553508
1.3413413413413413,0.1285535670294386,2.69,0.0169391955926644
1.3463463463463463,0.127508436882534,2.7,0.0166935063012215
1.351351351351351,0.1264724929889526,2.71,0.0164514494931246
1.3563563563563563,0.1254456761203707,2.72,0.01621296996807
1.361361361361361,0.1244279267197198,2.73,0.0159780133984802
1.3663663663663663,0.123419184908926,2.74,0.0157465263149063
1.371371371371371,0.1224193904973223,2.75,0.0155184560916924
1.3763763763763763,0.121428482990689,2.76,0.0152937509328998
1.3813813813813811,0.120446401600875,2.77,0.0150723598584838
1.3863863863863863,0.1194730852559566,2.78,0.0148542326907191
1.3913913913913911,0.1185084726108917,2.79,0.014639320040869
1.3963963963963963,0.1175525020586298,2.8000000000000003,0.014427573296092
1.4014014014014011,0.1166051117416364,2.81,0.0142189446065841
1.4064064064064064,0.1156662395637969,2.82,0.0140133868729485
1.4114114114114114,0.1147358232026616,2.83,0.0138108537337917
1.4164164164164164,0.1138138001219995,2.84,0.0136112995535394
1.4214214214214214,0.112900107584626,2.85,0.013414679410468
1.4264264264264264,0.1119946826654731,2.86,0.0132209490849494
1.4314314314314314,0.111097462264873,2.87,0.0130300650479022
1.4364364364364364,0.1102083831220241,2.88,0.0128419844494477
1.4414414414414414,0.1093273818286136,2.89,0.012656665107765
1.4464464464464464,0.1084543948425686,2.9,0.012474065498143
1.4514514514514514,0.1075893585019116,2.91,0.012294144742224
1.4564564564564564,0.1067322090386958,2.92,0.0121168625974356
1.4614614614614614,0.105882882592998,2.93,0.0119421794466086
1.4664664664664664,0.1050413152269463,2.94,0.0117700562877748
1.4714714714714714,0.1042074429387624,2.95,0.0116004547241445
1.4764764764764764,0.1033812016768003,2.96,0.011433336954257
1.4814814814814814,0.1025625273535596,2.97,0.011268665762303
1.4864864864864864,0.1017513558596601,2.98,0.0111064045086155
1.4914914914914914,0.1009476230777567,2.99,0.0109465171203242
1.4964964964964964,0.1001512648963825,3.0,0.0107889680821731
1.5015015015015014,0.0993622172237029,3.01,0.0106337224274957
1.5065065065065064,0.0985804160011685,3.02,0.010480745729346
1.5115115115115114,0.0978057972170521,3.03,0.010330004091783
1.5165165165165164,0.097038296919859,3.04,0.0101814641413044
1.5215215215215214,0.0962778512315977,3.0500000000000003,0.0100350930184273
1.5265265265265264,0.0955243963609013,3.06,0.0098908583694139
1.5315315315315314,0.0947778686159888,3.0700000000000003,0.0097487283381384
1.5365365365365364,0.0940382044174575,3.08,0.0096086715580929
1.5415415415415414,0.0933053403108973,3.09,0.00947065714453
1.5465465465465464,0.0925792129793184,3.1,0.0093346546867392
1.5515515515515514,0.0918597592553864,3.11,0.009200634240455
1.5565565565565564,0.0911469161334563,3.12,0.0090685663203935
1.5615615615615617,0.0904406207813994,3.13,0.0089384218929162
1.5665665665665665,0.0897408105522181,3.14,0.0088101723688179
1.5715715715715717,0.0890474229954424,3.15,0.0086837895962367
1.5765765765765765,0.0883603958683036,3.16,0.0085592458536839
1.5815815815815817,0.0876796671466802,3.17,0.0084365138431912
1.5865865865865865,0.0870051750358139,3.18,0.0083155666835743
1.5915915915915917,0.0863368579807896,3.19,0.0081963779038084
1.5965965965965965,0.0856746546767785,3.2,0.0080789214365165
1.6016016016016017,0.0850185040790405,3.21,0.0079631716115666
1.6066066066066067,0.0843683454126837,3.22,0.0078491031497754
1.6116116116116117,0.0837241181821797,3.23,0.0077366911567185
1.6166166166166167,0.0830857621806312,3.24,0.0076259111166438
1.6216216216216215,0.0824532174987939,3.25,0.007516738886486
1.6266266266266267,0.0818264245338474,3.26,0.0074091506899821
1.6316316316316315,0.0812053239979188,3.27,0.0073031231118831
1.6366366366366367,0.0805898569263545,3.28,0.007198633092264
1.6416416416416415,0.0799799646857433,3.29,0.007095657920927
1.6466466466466467,0.0793755889816886,3.3000000000000003,0.0069941752318979
1.6516516516516515,0.0787766718663315,3.31,0.0068941629980139
1.6566566566566567,0.0781831557456239,3.3200000000000003,0.0067955995256009
1.6616616616616615,0.077594983386354,3.33,0.0066984634492388
1.6666666666666667,0.0770120979229234,3.34,0.006602733726613
1.6716716716716715,0.0764344428638783,3.35,0.0065083896334513
1.6766766766766767,0.0758619620981954,3.36,0.0064154107585439
1.6816816816816818,0.0752945999013241,3.37,0.006323776998845
1.6866866866866868,0.0747323009409868,3.38,0.0062334685546559
1.6916916916916918,0.0741750102827386,3.39,0.0061444659248863
1.6966966966966968,0.073622673395289,3.4,0.0060567499023932
1.7017017017017018,0.0730752361555872,3.41,0.0059703015693973
1.7067067067067068,0.0725326448536733,3.42,0.0058851022929729
1.7117117117117118,0.0719948461972976,3.43,0.0058011337206127
1.7167167167167168,0.071461787316311,3.44,0.0057183777758639
1.7217217217217218,0.0709334157668276,3.45,0.0056368166540369
1.7267267267267268,0.0704096795351638,3.46,0.0055564328179824
1.7317317317317318,0.0698905270415558,3.47,0.0054772089939382
1.7367367367367368,0.0693759071436576,3.48,0.005399128167443
1.7417417417417418,0.0688657691398243,3.49,0.0053221735793168
1.7467467467467468,0.0683600627721808,3.5,0.0052463287217064
1.7517517517517518,0.0678587382294821,3.51,0.005171577334195
1.7567567567567568,0.0673617461497657,3.52,0.0050979033999748
1.7617617617617618,0.0668690376228003,3.53,0.005025291142081
1.7667667667667668,0.066380564192334,3.54,0.0049537250196877
1.7717717717717718,0.0658962778581449,3.5500000000000003,0.0048831897244625
1.7767767767767768,0.0654161310778979,3.56,0.0048136701769803
1.7817817817817818,0.06494007676881,3.5700000000000003,0.0047451515231948
1.7867867867867868,0.0644680683091283,3.58,0.0046776191309668
1.7917917917917918,0.0640000595394241,3.59,0.0046110585866485
1.7967967967967968,0.0635360047637052,3.6,0.0045454556917219
1.8018018018018016,0.0630758587503522,3.61,0.0044807964594921
1.8068068068068068,0.0626195767328793,3.62,0.0044170671118326
1.811811811811812,0.0621671144105254,3.63,0.0043542540759839
1.8168168168168168,0.0617184279486782,3.64,0.0042923439814017
1.8218218218218216,0.0612734739791337,3.65,0.0042313236566573
1.8268268268268268,0.0608322096001963,3.66,0.0041711801263858
1.831831831831832,0.0603945923766224,3.67,0.0041119006082841
1.8368368368368369,0.0599605803394095,3.68,0.0040534725101561
1.8418418418418416,0.0595301319854369,3.69,0.0039958834270056
1.8468468468468469,0.0591032062769594,3.7,0.0039391211381744
1.851851851851852,0.0586797626409577,3.71,0.0038831736045271
1.8568568568568569,0.0582597609683509,3.72,0.0038280289656795
1.8618618618618616,0.0578431616130709,3.73,0.0037736755372717
1.8668668668668669,0.0574299253910066,3.74,0.0037201018082844
1.871871871871872,0.0570200135788168,3.75,0.0036672964383969
1.8768768768768769,0.0566133879126191,3.76,0.0036152482553879
1.8818818818818817,0.0562100105865556,3.77,0.0035639462525767
1.8868868868868869,0.0558098442512394,3.78,0.0035133795863054
1.891891891891892,0.0554128520120868,3.79,0.0034635375734602
1.896896896896897,0.0550189974275355,3.8,0.0034144096890322
1.901901901901902,0.054628244507155,3.81,0.0033659855637163
1.906906906906907,0.0542405577096509,3.82,0.0033182549815485
1.911911911911912,0.0538559019407666,3.83,0.0032712078775797
1.916916916916917,0.0534742425510858,3.84,0.0032248343355864
1.921921921921922,0.0530955453337394,3.85,0.0031791245858174
1.926926926926927,0.0527197765220185,3.86,0.0031340690027753
1.931931931931932,0.0523469027868986,3.87,0.0030896581030339
1.936936936936937,0.0519768912344765,3.88,0.0030458825430885
1.941941941941942,0.051609709403324,3.89,0.0030027331172407
1.946946946946947,0.0512453252617604,3.9,0.0029602007555164
1.951951951951952,0.0508837072050482,3.91,0.0029182765216152
1.956956956956957,0.0505248240525132,3.92,0.0028769516108933
1.961961961961962,0.0501686450445942,3.93,0.0028362173483772
1.966966966966967,0.0498151398398222,3.94,0.0027960651868077
1.971971971971972,0.049464278511735,3.95,0.0027564867047159
1.976976976976977,0.0491160315457278,3.96,0.0027174736045277
1.981981981981982,0.0487703698358438,3.97,0.0026790177106987
1.986986986986987,0.0484272646815072,3.98,0.0026411109678777
1.991991991991992,0.0480866877842004,3.99,0.0026037454390991
1.996996996996997,0.0477486112440901,4.0,0.0025669133040027
2.002002002002002,0.0474130075566024,4.01,0.0025306068570817
2.007007007007007,0.0470798496089518,4.0200000000000005,0.002494818505958
2.012012012012012,0.046749110676625,4.03,0.0024595407696835
2.017017017017017,0.0464207644198223,4.04,0.0024247662770682
2.022022022022022,0.04609478487986,4.05,0.0023904877650343
2.027027027027027,0.0457711464755351,4.0600000000000005,0.0023566980769954
2.032032032032032,0.0454498239994548,4.07,0.0023233901612608
2.037037037037037,0.0451307926143339,4.08,0.0022905570694649
2.042042042042042,0.0448140278492613,4.09,0.0022581919550198
2.047047047047047,0.044499505595939,4.1,0.0022262880715931
2.052052052052052,0.0441872021048942,4.11,0.002194838771608
2.057057057057057,0.0438770939816689,4.12,0.0021638375047673
2.062062062062062,0.0435691581829865,4.13,0.0021332778165996
2.067067067067067,0.0432633720128996,4.14,0.0021031533470281
2.072072072072072,0.04295971311892,4.15,0.0020734578289614
2.077077077077077,0.0426581594881326,4.16,0.0020441850869058
2.0820820820820822,0.0423586894432964,4.17,0.0020153290355992
2.0870870870870872,0.0420612816389331,4.18,0.0019868836786656
2.092092092092092,0.0417659150574055,4.19,0.0019588431072904
2.097097097097097,0.0414725690049887,4.2,0.001931201498916
2.1021021021021022,0.0411812231079336,4.21,0.0019039531159575
2.1071071071071072,0.0408918573085266,4.22,0.0018770923045377
2.112112112112112,0.0406044518611462,4.23,0.001850613493242
2.1171171171171173,0.0403189873283177,4.24,0.0018245111918915
2.1221221221221223,0.0400354445767685,4.25,0.0017987799903359
2.1271271271271277,0.0397538047734854,4.26,0.0017734145572639
2.1321321321321323,0.0394740493817745,4.2700000000000005,0.0017484096390324
2.1371371371371373,0.0391961601573263,4.28,0.0017237600585129
2.1421421421421423,0.038920119144287,4.29,0.0016994607139564
2.1471471471471477,0.0386459086713371,4.3,0.0016755065778747
2.1521521521521523,0.0383735113477793,4.3100000000000005,0.0016518926959389
2.1571571571571573,0.0381029100596362,4.32,0.0016286141858956
2.1621621621621623,0.0378340879657598,4.33,0.0016056662364979
2.1671671671671677,0.0375670284939538,4.34,0.0015830441064545
2.1721721721721723,0.0373017153371094,4.3500000000000005,0.001560743123393
2.1771771771771773,0.037038132449357,4.36,0.0015387586828404
2.1821821821821823,0.0367762640422333,4.37,0.0015170862472182
2.1871871871871877,0.0365160945808661,4.38,0.0014957213448531
2.1921921921921923,0.0362576087801777,4.39,0.0014746595690023
2.1971971971971973,0.036000791601107,4.4,0.0014538965768944
2.2022022022022023,0.035745628246853,4.41,0.0014334280887838
2.2072072072072078,0.0354921041591384,4.42,0.00141324988702
2.2122122122122123,0.0352402050144963,4.43,0.0013933578151313
2.2172172172172173,0.0349899167205798,4.44,0.0013737477769211
2.2222222222222223,0.0347412254124953,4.45,0.0013544157355794
2.2272272272272278,0.0344941174491605,4.46,0.0013353577128069
2.2322322322322323,0.0342485794096885,4.47,0.0013165697879519
2.2372372372372373,0.0340045980897975,4.48,0.0012980480971614
2.2422422422422423,0.0337621604982477,4.49,0.0012797888325439
2.247247247247248,0.0335212538533061,4.5,0.0012617882413457
2.2522522522522523,0.0332818655792393,4.51,0.0012440426251386
2.2572572572572573,0.0330439833028351,4.5200000000000005,0.0012265483390209
2.2622622622622623,0.0328075948499543,4.53,0.0012093017908296
2.267267267267268,0.0325726882421116,4.54,0.0011922994403651
2.2722722722722724,0.0323392516930881,4.55,0.001175537798627
2.2772772772772774,0.032107273605574,4.5600000000000005,0.0011590134270618
2.2822822822822824,0.0318767425678438,4.57,0.0011427229368214
2.287287287287288,0.0316476473504628,4.58,0.0011266629880336
2.2922922922922924,0.0314199769030261,4.59,0.0011108302890825
2.2972972972972974,0.0311937203509314,4.6000000000000005,0.0010952215959005
2.3023023023023024,0.0309688669921837,4.61,0.0010798337112707
2.307307307307308,0.0307454062942345,4.62,0.0010646634841392
2.3123123123123124,0.0305233278908548,4.63,0.0010497078089388
2.3173173173173174,0.0303026215790417,4.64,0.0010349636249218
2.3223223223223224,0.0300832773159604,4.65,0.0010204279155035
2.3273273273273274,0.0298652852159201,4.66,0.0010060977076148
2.3323323323323324,0.0296486355473854,4.67,0.0009919700710653
2.3373373373373374,0.0294333187300227,4.68,0.0009780421179154
2.3423423423423424,0.0292193253317819,4.69,0.0009643110018577
2.3473473473473474,0.0290066460660137,4.7,0.0009507739176083
2.3523523523523524,0.0287952717886223,4.71,0.0009374281003062
2.3573573573573574,0.0285851934952546,4.72,0.0009242708249226
2.3623623623623624,0.0283764023185244,4.73,0.0009112994056785
2.3673673673673674,0.0281688895252734,4.74,0.0008985111954708
2.3723723723723724,0.0279626465138674,4.75,0.0008859035853078
2.3773773773773774,0.0277576648115296,4.76,0.000873474003752
2.3823823823823824,0.0275539360717092,4.7700000000000005,0.0008612199163722
2.3873873873873874,0.0273514520714866,4.78,0.000849138825203
2.3923923923923924,0.0271502047090145,4.79,0.0008372282682127
2.397397397397397,0.0269501860009957,4.8,0.0008254858187793
2.4024024024024024,0.026751388080196,4.8100000000000005,0.0008139090851736
2.4074074074074074,0.0265538031929942,4.82,0.000802495710051
2.4124124124124124,0.0263574236969675,4.83,0.0007912433699498
2.417417417417417,0.0261622420585131,4.84,0.0007801497747979
2.4224224224224224,0.0259682508505052,4.8500000000000005,0.0007692126674257
2.4274274274274275,0.0257754427499887,4.86,0.0007584298230877
2.4324324324324325,0.0255838105359072,4.87,0.0007477990489897
2.437437437437437,0.0253933470868676,4.88,0.0007373181838242
2.4424424424424425,0.0252040453789396,4.89,0.0007269850973118
2.4474474474474475,0.0250158984834903,4.9,0.00071679768975
2.4524524524524525,0.024828899565054,4.91,0.0007067538915685
2.457457457457457,0.0246430418792369,4.92,0.0006968516628907
2.4624624624624625,0.0244583187706567,4.93,0.0006870889931025
2.4674674674674675,0.0242747236709159,4.94,0.0006774639004269
2.4724724724724725,0.0240922500966104,4.95,0.0006679744315045
2.477477477477477,0.0239108916473712,4.96,0.0006586186609817
2.4824824824824825,0.0237306420039409,4.97,0.0006493946911028
2.4874874874874875,0.0235514949262833,4.98,0.0006403006513105
2.4924924924924925,0.0233734442517262,4.99,0.0006313346978501
2.497497497497497,0.0231964838931378,5.0,0.0006224950133813
2.5025025025025025,0.0230206078371358,5.01,0.0006137798065947
2.5075075075075075,0.022845810142329,5.0200000000000005,0.0006051873118341
2.5125125125125125,0.0226720849375916,5.03,0.0005967157887249
2.517517517517517,0.0224994264203691,5.04,0.0005883635218073
2.5225225225225225,0.0223278288550164,5.05,0.0005801288201753
2.5275275275275275,0.0221572865711675,5.0600000000000005,0.0005720100171209
2.5325325325325325,0.0219877939621358,5.07,0.0005640054697837
2.537537537537537,0.0218193454833464,5.08,0.0005561135588053
2.5425425425425425,0.0216519356507979,5.09,0.0005483326879891
2.5475475475475475,0.0214855590395553,5.1000000000000005,0.0005406612839652
2.5525525525525525,0.0213202102822725,5.11,0.0005330977958599
2.557557557557557,0.0211558840677452,5.12,0.0005256406949699
2.5625625625625625,0.020992575139492,5.13,0.0005182884744423
2.5675675675675675,0.0208302782943658,5.14,0.0005110396489579
2.5725725725725725,0.0206689883811933,5.15,0.0005038927544203
2.5775775775775776,0.0205087002994428,5.16,0.0004968463476488
2.5825825825825826,0.0203494089979209,5.17,0.0004898990060764
2.587587587587588,0.0201911094734957,5.18,0.0004830493274519
2.592592592592593,0.0200337967698489,5.19,0.0004762959295461
2.5975975975975976,0.0198774659762537,5.2,0.0004696374498631
2.6026026026026026,0.0197221122263801,5.21,0.0004630725453551
2.607607607607608,0.0195677306971269,5.22,0.0004565998921418
2.612612612612613,0.0194143166074789,5.23,0.0004502181852335
2.6176176176176176,0.0192618652173907,5.24,0.0004439261382587
2.6226226226226226,0.0191103718266954,5.25,0.0004377224831957
2.627627627627628,0.0189598317740385,5.26,0.0004316059701076
2.6326326326326326,0.0188102404358367,5.2700000000000005,0.0004255753668814
2.6376376376376376,0.0186615932252604,5.28,0.0004196294589718
2.6426426426426426,0.0185138855912414,5.29,0.0004137670491469
2.647647647647648,0.0183671130175029,5.3,0.0004079869572396
2.6526526526526526,0.0182212710216138,5.3100000000000005,0.0004022880199012
2.6576576576576576,0.0180763551540659,5.32,0.0003966690903594
2.6626626626626626,0.0179323609973732,5.33,0.0003911290381794
2.667667667667668,0.017789284165194,5.34,0.0003856667490289
2.6726726726726726,0.0176471203014748,5.3500000000000005,0.0003802811244459
2.6776776776776776,0.017505865079616,5.36,0.0003749710816106
2.6826826826826826,0.0173655142016583,5.37,0.0003697355531202
2.687687687687688,0.017226063397491,5.38,0.0003645734867672
2.6926926926926926,0.0170875084240798,5.39,0.0003594838453205
2.6976976976976976,0.016949845064716,5.4,0.0003544656063105
2.702702702702702,0.0168130691282847,5.41,0.0003495177618165
2.707707707707708,0.0166771764485532,5.42,0.0003446393182575
2.7127127127127126,0.0165421628834781,5.43,0.0003398292961864
2.7177177177177176,0.0164080243145322,5.44,0.0003350867300868
2.722722722722722,0.0162747566460491,5.45,0.0003304106681727
2.727727727727728,0.0161423558045868,5.46,0.0003258001721914
2.7327327327327327,0.0160108177383087,5.47,0.0003212543172289
2.7377377377377377,0.0158801384163828,5.48,0.000316772191519
2.7427427427427427,0.0157503138283976,5.49,0.0003123528962539
2.747747747747748,0.0156213399837958,5.5,0.0003079955453982
2.7527527527527527,0.0154932129113239,5.51,0.0003036992655062
2.7577577577577577,0.0153659286584988,5.5200000000000005,0.0002994631955408
2.7627627627627627,0.0152394832910901,5.53,0.0002952864866955
2.767767767767768,0.0151138728926183,5.54,0.0002911683022191
2.7727727727727727,0.0149890935638688,5.55,0.0002871078172429
2.7777777777777777,0.0148651414224201,5.5600000000000005,0.0002831042186102
2.7827827827827827,0.0147420126021883,5.57,0.0002791567047082
2.787787787787788,0.0146197032529849,5.58,0.0002752644853033
2.7927927927927927,0.0144982095400898,5.59,0.000271426781377
2.7977977977977977,0.0143775276438374,5.6000000000000005,0.0002676428249662
2.8028028028028027,0.0142576537592173,5.61,0.0002639118590042
2.807807807807808,0.0141385840954882,5.62,0.0002602331371648
2.8128128128128127,0.0140203148758045,5.63,0.0002566059237087
2.8178178178178177,0.0139028423368563,5.64,0.0002530294933316
2.8228228228228227,0.0137861627285214,5.65,0.0002495031310151
2.827827827827828,0.0136702723135308,5.66,0.0002460261318795
2.8328328328328327,0.013555167367145,5.67,0.0002425978010385
2.8378378378378377,0.0134408441768426,5.68,0.0002392174534562
2.8428428428428427,0.0133272990420206,5.69,0.0002358844138067
2.847847847847848,0.013214528273706,5.7,0.0002325980163346
2.8528528528528527,0.0131025281942781,5.71,0.0002293576047186
2.8578578578578577,0.0129912951372018,5.72,0.0002261625319361
2.8628628628628627,0.0128808254467716,5.73,0.0002230121601311
2.867867867867868,0.0127711154778656,5.74,0.0002199058604823
2.8728728728728727,0.0126621615957096,5.75,0.0002168430130746
2.8778778778778777,0.0125539601756515,5.76,0.0002138230067716
2.8828828828828827,0.0124465076029443,5.7700000000000005,0.0002108452390903
2.887887887887888,0.0123398002725395,5.78,0.0002079091160773
2.8928928928928928,0.0122338345888892,5.79,0.0002050140521873
2.8978978978978978,0.0121286069657568,5.8,0.0002021594701628
2.9029029029029028,0.0120241138260369,5.8100000000000005,0.000199344800916
2.907907907907908,0.0119203516015834,5.82,0.0001965694834119
2.9129129129129128,0.011817316733046,5.83,0.0001938329645535
2.9179179179179178,0.0117150056697142,5.84,0.0001911346990689
2.9229229229229228,0.0116134148693705,5.8500000000000005,0.000188474149399
2.927927927927928,0.0115125407981494,5.86,0.0001858507855879
2.932932932932933,0.0114123799304054,5.87,0.0001832640851744
2.937937937937938,0.0113129287485872,5.88,0.0001807135330852
2.942942942942943,0.0112141837431197,5.89,0.0001781986215292
2.947947947947948,0.0111161414122922,5.9,0.0001757188498943
2.952952952952953,0.0110187982621539,5.91,0.0001732737246443
2.957957957957958,0.0109221508064152,5.92,0.0001708627592189
2.962962962962963,0.0108261955663562,5.93,0.0001684854739336
2.967967967967968,0.01073092907074,5.94,0.0001661413958822
2.972972972972973,0.0106363478557336,5.95,0.0001638300588399
2.977977977977978,0.0105424484648331,5.96,0.0001615510031684
2.982982982982983,0.0104492274487954,5.97,0.0001593037757219
2.987987987987988,0.010356681365575,5.98,0.000157087929755
2.992992992992993,0.0102648067802662,5.99,0.0001549030248312
2.997997997997998,0.0101736002650504,6.0,0.0001527486267331
3.003003003003003,0.0100830583991481,6.01,0.0001506243073743
3.008008008008008,0.0099931777687764,6.0200000000000005,0.0001485296447117
3.013013013013013,0.0099039549671104,6.03,0.0001464642226597
3.018018018018018,0.0098153865942492,6.04,0.0001444276310057
3.023023023023023,0.0097274692571872,6.05,0.0001424194653258
3.028028028028028,0.0096401995697882,6.0600000000000005,0.0001404393269036
3.033033033033033,0.0095535741527649,6.07,0.000138486822648
3.038038038038038,0.0094675896336612,6.08,0.0001365615650137
3.043043043043043,0.0093822426468392,6.09,0.0001346631719224
3.048048048048048,0.0092975298334697,6.1000000000000005,0.0001327912666849
3.053053053053053,0.0092134478415258,6.11,0.0001309454779248
3.058058058058058,0.0091299933257802,6.12,0.0001291254395025
3.063063063063063,0.0090471629478064,6.13,0.0001273307904414
3.068068068068068,0.008964953375982,6.140000000000001,0.000125561174854
3.073073073073073,0.0088833612854956,6.15,0.0001238162418701
3.078078078078078,0.0088023833583572,6.16,0.0001220956455651
3.083083083083083,0.0087220162834103,6.17,0.0001203990448901
3.088088088088088,0.0086422567563478,6.18,0.0001187261036026
3.093093093093093,0.0085631014797296,6.19,0.0001170764901981
3.098098098098098,0.0084845471630038,6.2,0.0001154498778431
3.103103103103103,0.0084065905225288,6.21,0.0001138459443084
3.108108108108108,0.0083292282815997,6.22,0.0001122643719044
3.113113113113113,0.0082524571704747,6.23,0.000110704847416
3.118118118118118,0.0081762739264057,6.24,0.0001091670620397
3.123123123123123,0.0081006752936691,6.25,0.0001076507113205
3.128128128128128,0.0080256580236001,6.26,0.0001061554950906
3.133133133133133,0.0079512188746275,6.2700000000000005,0.0001046811174085
3.138138138138138,0.0078773546123115,6.28,0.000103227286499
3.143143143143143,0.0078040620093819,6.29,0.0001017937146942
3.148148148148148,0.0077313378457789,6.3,0.0001003801183752
3.153153153153153,0.0076591789086949,6.3100000000000005,9.89862179149468e-05
3.158158158158158,0.007587581992618,6.32,9.761173762113256e-05
3.163163163163163,0.0075165438993764,6.33,9.62564056810191e-05
3.168168168168168,0.0074460614381845,6.34,9.491995410615056e-05
3.173173173173173,0.00737613142569,6.3500000000000005,9.360211867823642e-05
3.178178178178178,0.0073067506860223,6.36,9.230263889574776e-05
3.183183183183183,0.0072379160508416,6.37,9.102125792127076e-05
3.188188188188188,0.0071696243593893,6.38,8.975772252961374e-05
3.193193193193193,0.0071018724585392,6.390000000000001,8.851178305665625e-05
3.198198198198198,0.0070346572028496,6.4,8.728319334892655e-05
3.203203203203203,0.0069679754546161,6.41,8.607171071390195e-05
3.2082082082082084,0.0069018240839249,6.42,8.487709587101533e-05
3.2132132132132134,0.0068361999687078,6.43,8.369911290336323e-05
3.2182182182182184,0.0067710999947963,6.44,8.253752921010182e-05
3.2232232232232234,0.0067065210559772,6.45,8.139211545952276e-05
3.2282282282282284,0.0066424600540486,6.46,8.026264554279841e-05
3.2332332332332334,0.0065789138988764,6.47,7.914889652838637e-05
3.2382382382382384,0.0065158795084505,6.48,7.805064861708475e-05
3.2432432432432434,0.0064533538089425,6.49,7.696768509772749e-05
3.2482482482482484,0.0063913337347626,6.5,7.589979230351301e-05
3.253253253253253,0.0063298162286173,6.51,7.484675956895292e-05
3.2582582582582584,0.0062687982415674,6.5200000000000005,7.380837918743657e-05
3.2632632632632634,0.0062082767330858,6.53,7.278444636939933e-05
3.2682682682682684,0.0061482486711156,6.54,7.177475920108725e-05
3.273273273273273,0.0060887110321282,6.55,7.077911860390756e-05
3.2782782782782784,0.0060296608011814,6.5600000000000005,6.979732829436069e-05
3.2832832832832834,0.0059710949719777,6.57,6.882919474454205e-05
3.2882882882882885,0.0059130105469222,6.58,6.787452714320429e-05
3.293293293293293,0.005855404537181,6.59,6.693313735737738e-05
3.2982982982982985,0.0057982739627385,6.6000000000000005,6.600483989453216e-05
3.3033033033033035,0.0057416158524554,6.61,6.508945186528374e-05
3.3083083083083085,0.0056854272441264,6.62,6.41867929466255e-05
3.313313313313313,0.0056297051845373,6.63,6.329668534568641e-05
3.3183183183183185,0.0055744467295218,6.640000000000001,6.241895376400266e-05
3.3233233233233235,0.0055196489440189,6.65,6.155342536230012e-05
3.3283283283283285,0.0054653089021285,6.66,6.069992972577571e-05
3.333333333333333,0.0054114236871684,6.67,5.985829882987169e-05
3.3383383383383385,0.0053579903917291,6.68,5.9028367006539584e-05
3.3433433433433435,0.0053050061177298,6.69,5.820997091098011e-05
3.3483483483483485,0.0052524679764728,6.7,5.740294948886016e-05
3.353353353353353,0.0052003730886985,6.71,5.6607143943991785e-05
3.3583583583583585,0.0051487185846387,6.72,5.58223977064718e-05
3.3633633633633635,0.0050975016040705,6.73,5.504855640127537e-05
3.3683683683683685,0.0050467192963691,6.74,5.428546781729391e-05
3.373373373373373,0.0049963688205604,6.75,5.3532981876813953e-05
3.3783783783783785,0.0049464473453724,6.76,5.279095060542928e-05
3.3833833833833835,0.0048969520492871,6.7700000000000005,5.205922810237975e-05
3.3883883883883885,0.0048478801205905,6.78,5.133767051131198e-05
3.393393393393393,0.0047992287574232,6.79,5.062613599145541e-05
3.3983983983983985,0.0047509951678296,6.8,4.992448468920565e-05
3.4034034034034035,0.0047031765698066,6.8100000000000005,4.923257871011456e-05
3.4084084084084085,0.0046557701913519,6.82,4.855028209127351e-05
3.413413413413413,0.0046087732705115,6.83,4.787746077409239e-05
3.4184184184184185,0.004562183055426,6.84,4.721398257746226e-05
3.4234234234234235,0.0045159968043772,6.8500000000000005,4.655971717130016e-05
3.4284284284284285,0.0044702117858331,6.86,4.59145360504677e-05
3.433433433433433,0.0044248252784925,6.87,4.527831250906229e-05
3.4384384384384385,0.004379834571329,6.88,4.4650921615068754e-05
3.443443443443444,0.004335236963634,6.890000000000001,4.403224018537419e-05
3.448448448448449,0.0042910297650592,6.9,4.342214676113465e-05
3.4534534534534536,0.0042472102956577,6.91,4.282052158349171e-05
3.4584584584584586,0.0042037758859255,6.92,4.2227246569634e-05
3.463463463463464,0.0041607238768408,6.93,4.16422052891972e-05
3.468468468468469,0.0041180516199037,6.94,4.106528294099672e-05
3.4734734734734736,0.0040757564771744,6.95,4.049636633009328e-05
3.4784784784784786,0.0040338358213106,6.96,3.993534384518096e-05
3.483483483483484,0.0039922870356047,6.97,3.938210543629797e-05
3.4884884884884886,0.0039511075140192,6.98,3.883654259284871e-05
3.4934934934934936,0.0039102946612222,6.99,3.8298548321940985e-05
3.4984984984984986,0.0038698458926217,7.0,3.776801712702876e-05
3.503503503503504,0.0038297586343986,7.01,3.724484498685785e-05
3.5085085085085086,0.0037900303235399,7.0200000000000005,3.6728929334706085e-05
3.5135135135135136,0.0037506584078697,7.03,3.62201690379235e-05
3.5185185185185186,0.0037116403460808,7.04,3.571846437775545e-05
3.523523523523524,0.0036729736077644,7.05,3.5223717029456546e-05
3.5285285285285286,0.0036346556734392,7.0600000000000005,3.473583004268307e-05
3.5335335335335336,0.0035966840345798,7.07,3.425470782216196e-05
3.5385385385385386,0.0035590561936443,7.08,3.378025610863648e-05
3.543543543543544,0.0035217696641006,7.09,3.331238196007739e-05
3.5485485485485486,0.0034848219704525,7.1000000000000005,3.285099373316466e-05
3.5535535535535536,0.0034482106482642,7.11,3.239600106502552e-05
3.558558558558558,0.0034119332441845,7.12,3.1947314855233754e-05
3.563563563563564,0.00337598731597,7.13,3.150484724806419e-05
3.5685685685685686,0.003340370432507,7.140000000000001,3.106851161499483e-05
3.5735735735735736,0.0033050801738336,7.15,3.06382225374597e-05
3.578578578578578,0.0032701141311595,7.16,3.0213895789843544e-05
3.583583583583584,0.0032354699068862,7.17,2.979544832271533e-05
3.5885885885885886,0.0032011451146254,7.18,2.9382798246302585e-05
3.5935935935935936,0.0031671373792175,7.19,2.897586481419603e-05
3.5985985985985987,0.003133444336748,7.2,2.857456840728373e-05
3.603603603603604,0.0031000636345647,7.21,2.817883051791495e-05
3.6086086086086087,0.003066992931292,7.22,2.7788573734285997e-05
3.6136136136136137,0.0030342298968462,7.23,2.74037217250461e-05
3.618618618618618,0.0030017722124491,7.24,2.702419922412046e-05
3.623623623623624,0.0029696175706407,7.25,2.6649932015749945e-05
3.6286286286286287,0.002937763675291,7.26,2.628084691973788e-05
3.6336336336336337,0.0029062082416117,7.27,2.591687177690783e-05
3.638638638638639,0.0028749489961661,7.28,2.555793543476728e-05
3.643643643643644,0.0028439836768789,7.29,2.520396773337057e-05
3.6486486486486487,0.0028133100330447,7.3,2.485489949138217e-05
3.6536536536536537,0.0027829258253357,7.31,2.451066249233881e-05
3.6586586586586582,0.0027528288258092,7.32,2.4171189471102483e-05
3.663663663663664,0.0027230168179134,7.33,2.383641410050619e-05
3.6686686686686687,0.0026934875964931,7.34,2.3506270978186472e-05
3.6736736736736737,0.0026642389677941,7.35,2.3180695613603223e-05
3.678678678678679,0.002635268749467,7.36,2.2859624415241144e-05
3.683683683683684,0.0026065747705706,7.37,2.254299467799137e-05
3.6886886886886887,0.0025781548715734,7.38,2.223074457071349e-05
3.6936936936936937,0.002550006904356,7.390000000000001,2.1922813123967942e-05
3.6986986986986983,0.0025221287322108,7.4,2.1619140217927432e-05
3.703703703703704,0.0024945182298425,7.41,2.1319666570451867e-05
3.7087087087087087,0.002467173283367,7.42,2.102433372533749e-05
3.7137137137137137,0.0024400917903098,7.43,2.073308404072672e-05
3.718718718718719,0.0024132716596038,7.44,2.0445860677684004e-05
3.723723723723724,0.0023867108115856,7.45,2.016260758893184e-05
3.7287287287287287,0.0023604071779924,7.46,1.98832695077436e-05
3.7337337337337337,0.0023343587019565,7.47,1.960779193699634e-05
3.7387387387387383,0.0023085633380008,7.48,1.9336121138373464e-05
3.743743743743744,0.0022830190520319,7.49,1.9068204121722703e-05
3.7487487487487487,0.0022577238213341,7.5,1.880398863456179e-05
3.7537537537537538,0.0022326756345612,7.51,1.8543423151732484e-05
3.758758758758759,0.0022078724917287,7.52,1.828645686519991e-05
3.763763763763764,0.0021833124042047,7.53,1.803303967399633e-05
3.7687687687687688,0.0021589933947003,7.54,1.778312217430424e-05
3.7737737737737738,0.0021349134972593,7.55,1.7536655649681187e-05
3.7787787787787783,0.0021110707572475,7.56,1.7293592061420092e-05
3.783783783783784,0.0020874632313406,7.57,1.7053884039046585e-05
3.7887887887887888,0.0020640889875121,7.58,1.6817484870948884e-05
3.793793793793794,0.0020409461050204,7.59,1.658434849513923e-05
3.798798798798799,0.0020180326743952,7.6,1.6354429490147145e-05
3.803803803803804,0.0019953467974229,7.61,1.6127683066036923e-05
3.808808808808809,0.0019728865871321,7.62,1.5904065055555356e-05
3.813813813813814,0.0019506501677781,7.63,1.5683531905400657e-05
3.818818818818819,0.0019286356748263,7.640000000000001,1.5466040667615787e-05
3.823823823823824,0.0019068412549356,7.65,1.5251548991101175e-05
3.828828828828829,0.0018852650659416,7.66,1.504001511324919e-05
3.833833833833834,0.0018639052768376,7.67,1.4831397851692552e-05
3.838838838838839,0.001842760067757,7.68,1.4625656596170836e-05
3.843843843843844,0.0018218276299535,7.69,1.4422751300511395e-05
3.848848848848849,0.0018011061657816,7.7,1.4222642474720864e-05
3.853853853853854,0.0017805938886763,7.71,1.4025291177189306e-05
3.858858858858859,0.0017602890231323,7.72,1.3830659007002952e-05
3.863863863863864,0.0017401898046823,7.73,1.363870809636503e-05
3.868868868868869,0.0017202944798754,7.74,1.3449401103123124e-05
3.873873873873874,0.0017006013062542,7.75,1.3262701203400177e-05
3.878878878878879,0.0016811085523321,7.76,1.3078572084330557e-05
3.883883883883884,0.0016618144975694,7.77,1.289697793689618e-05
3.888888888888889,0.0016427174323495,7.78,1.2717883448864435e-05
3.893893893893894,0.001623815657954,7.79,1.2541253797823609e-05
3.898898898898899,0.0016051074865377,7.8,1.2367054644317912e-05
3.903903903903904,0.0015865912411031,7.81,1.2195252125076672e-05
3.908908908908909,0.0015682652554741,7.82,1.2025812846339333e-05
3.913913913913914,0.0015501278742696,7.83,1.1858703877274126e-05
3.918918918918919,0.0015321774528762,7.84,1.1693892743488351e-05
3.923923923923924,0.0015144123574209,7.85,1.1531347420629056e-05
3.928928928928929,0.0014968309647428,7.86,1.137103632807517e-05
3.933933933933934,0.0014794316623651,7.87,1.121292832271591e-05
3.938938938938939,0.0014622128484657,7.88,1.1056992692817317e-05
3.943943943943944,0.0014451729318481,7.890000000000001,1.0903199151973806e-05
3.948948948948949,0.0014283103319119,7.9,1.0751517833145192e-05
3.953953953953954,0.001411623478622,7.91,1.0601919282777512e-05
3.958958958958959,0.0013951108124784,7.92,1.0454374455003307e-05
3.963963963963964,0.0013787707844851,7.930000000000001,1.030885470592705e-05
3.968968968968969,0.0013626018561188,7.94,1.0165331787987062e-05
3.973973973973974,0.0013466024992966,7.95,1.0023777844397998e-05
3.978978978978979,0.0013307711963443,7.96,9.88416540367043e-06
3.983983983983984,0.0013151064399635,7.97,9.74646737420739e-06
3.988988988988989,0.001299606733199,7.98,9.61065703897523e-06
3.993993993993994,0.0012842705894047,7.99,9.476708050250462e-06
3.998998998998999,0.0012690965322108,8.0,9.34459442443952e-06
4.004004004004004,0.0012540830954891,8.01,9.214290536969642e-06
4.009009009009009,0.0012392288233188,8.02,9.085771117252671e-06
4.014014014014014,0.0012245322699518,8.03,8.959011243717593e-06
4.019019019019019,0.0012099919997776,8.040000000000001,8.83398633891477e-06
4.024024024024024,0.0011956065872877,8.05,8.71067216468524e-06
4.029029029029029,0.0011813746170401,8.06,8.589044817399964e-06
4.034034034034034,0.0011672946836234,8.07,8.469080723264564e-06
4.039039039039039,0.0011533653916197,8.08,8.350756633688952e-06
4.044044044044044,0.001139585355569,8.09,8.234049620721854e-06
4.049049049049049,0.0011259531999314,8.1,8.118937072550661e-06
4.054054054054054,0.0011124675590501,8.11,8.005396689060835e-06
4.059059059059059,0.0010991270771144,8.120000000000001,7.893406477459016e-06
4.064064064064064,0.0010859304081209,8.13,7.782944747957123e-06
4.069069069069069,0.0010728762158365,8.14,7.673990109516619e-06
4.074074074074074,0.0010599631737592,8.15,7.566521465650603e-06
4.079079079079079,0.0010471899650801,8.16,7.460518010285908e-06
4.084084084084084,0.0010345552826445,8.17,7.355959223682178e-06
4.089089089089089,0.0010220578289124,8.18,7.2528248684079025e-06
4.094094094094094,0.0010096963159198,8.19,7.151094985371065e-06
4.099099099099099,0.0009974694652387,8.2,7.05074988990776e-06
4.104104104104104,0.0009853760079376,8.21,6.951770167922109e-06
4.109109109109109,0.0009734146845415,8.22,6.854136672081315e-06
4.114114114114114,0.0009615842449914,8.23,6.757830518064563e-06
4.119119119119119,0.0009498834486045,8.24,6.662833080861302e-06
4.124124124124124,0.0009383110640329,8.25,6.569125991123627e-06
4.129129129129129,0.0009268658692235,8.26,6.47669113156718e-06
4.134134134134134,0.0009155466513765,8.27,6.385510633424419e-06
4.1391391391391394,0.0009043522069046,8.28,6.295566872943084e-06
4.144144144144144,0.0008932813413913,8.290000000000001,6.206842467937912e-06
4.1491491491491495,0.0008823328695496,8.3,6.119320274387595e-06
4.1541541541541545,0.0008715056151806,8.31,6.03298338307748e-06
4.15915915915916,0.0008607984111311,8.32,5.947815116293138e-06
4.1641641641641645,0.000850210099252,8.33,5.863799024554883e-06
4.1691691691691695,0.0008397395303561,8.34,5.780918883399999e-06
4.174174174174175,0.0008293855641757,8.35,5.699158690210986e-06
4.17917917917918,0.0008191470693205,8.36,5.6185026610828295e-06
4.1841841841841845,0.0008090229232345,8.370000000000001,5.538935227739438e-06
4.1891891891891895,0.0007990120121539,8.38,5.460441034488718e-06
4.1941941941941945,0.0007891132310641,8.39,5.383004935219785e-06
4.1991991991992,0.0007793254836565,8.4,5.3066119904444685e-06
4.2042042042042045,0.0007696476822859,8.41,5.231247464377116e-06
4.2092092092092095,0.0007600787479273,8.42,5.156896822055361e-06
4.214214214214215,0.0007506176101323,8.43,5.083545726501058e-06
4.21921921921922,0.0007412632069862,8.44,5.01118003591971e-06
4.2242242242242245,0.0007320144850645,8.45,4.939785800938952e-06
4.2292292292292295,0.0007228703993892,8.46,4.869349261885116e-06
4.2342342342342345,0.0007138299133854,8.47,4.799856846096817e-06
4.23923923923924,0.0007048919988375,8.48,4.731295165276218e-06
4.2442442442442445,0.0006960556358456,8.49,4.663651012875728e-06
4.2492492492492495,0.0006873198127817,8.5,4.59691136152143e-06
4.254254254254255,0.0006786835262457,8.51,4.531063360472562e-06
4.25925925925926,0.0006701457810217,8.52,4.466094333113594e-06
4.2642642642642645,0.0006617055900338,8.53,4.401991774482996e-06
4.2692692692692695,0.0006533619743021,8.540000000000001,4.338743348835524e-06
4.2742742742742745,0.0006451139628989,8.55,4.27633688723701e-06
4.27927927927928,0.0006369605929044,8.56,4.214760385192224e-06
4.2842842842842845,0.0006289009093625,8.57,4.15400200030639e-06
4.2892892892892895,0.0006209339652366,8.58,4.094050049977897e-06
4.294294294294295,0.0006130588213657,8.59,4.03489300912226e-06
4.2992992992993,0.00060527454642,8.6,3.976519507927657e-06
4.3043043043043046,0.0005975802168566,8.61,3.918918329641863e-06
4.3093093093093096,0.0005899749168753,8.620000000000001,3.8620784083873095e-06
4.314314314314315,0.0005824577383744,8.63,3.805988827008648e-06
4.31931931931932,0.0005750277809063,8.64,3.7506388149474497e-06
4.324324324324325,0.0005676841516335,8.65,3.696017746146924e-06
4.32932932932933,0.0005604259652841,8.66,3.6421151369850215e-06
4.334334334334335,0.0005532523441074,8.67,3.588920644236229e-06
4.33933933933934,0.00054616241783,8.68,3.536424063059392e-06
4.344344344344345,0.0005391553236117,8.69,3.484615325015202e-06
4.34934934934935,0.0005322302060005,8.700000000000001,3.433484496108307e-06
4.354354354354355,0.0005253862168892,8.71,3.3830217748578907e-06
4.35935935935936,0.0005186225154709,8.72,3.333217490393333e-06
4.364364364364365,0.0005119382681948,8.73,3.2840621005760605e-06
4.36936936936937,0.0005053326487224,8.74,3.2355461901467174e-06
4.374374374374375,0.0004988048378828,8.75,3.1876604688970512e-06
4.37937937937938,0.0004923540236295,8.76,3.140395769867613e-06
4.384384384384385,0.0004859794009957,8.77,3.0937430475682262e-06
4.38938938938939,0.0004796801720507,8.78,3.0476933762238134e-06
4.394394394394395,0.0004734555458559,8.790000000000001,3.002237948043172e-06
4.3993993993994,0.000467304738421,8.8,2.957368071510993e-06
4.404404404404405,0.0004612269726599,8.81,2.9130751697038286e-06
4.40940940940941,0.0004552214783478,8.82,2.869350778626727e-06
4.414414414414415,0.0004492874920763,8.83,2.8261865455746445e-06
4.41941941941942,0.000443424257211,8.84,2.7835742275132453e-06
4.424424424424425,0.000437631023847,8.85,2.741505689484304e-06
4.42942942942943,0.0004319070487661,8.86,2.6999729030295395e-06
4.434434434434435,0.0004262515953929,8.870000000000001,2.658967944637206e-06
4.43943943943944,0.000420663933752,8.88,2.6184829942098955e-06
4.444444444444445,0.0004151433404242,8.89,2.5785103335504046e-06
4.44944944944945,0.0004096890985038,8.9,2.53904234487057e-06
4.454454454454455,0.0004043004975551,8.91,2.500071509317597e-06
4.45945945945946,0.0003989768335698,8.92,2.461590405522398e-06
4.464464464464465,0.000393717408924,8.93,2.423591708164076e-06
4.46946946946947,0.0003885215323351,8.94,2.386068186556473e-06
4.474474474474475,0.0003833885188196,8.950000000000001,2.3490127032511566e-06
4.47947947947948,0.00037831768965,8.96,2.312418212660999e-06
4.484484484484485,0.0003733083723126,8.97,2.2762777596994985e-06
4.48948948948949,0.0003683599004649,8.98,2.24058447843868e-06
4.494494494494495,0.0003634716138934,8.99,2.2053315907876444e-06
4.4994994994995,0.0003586428584715,9.0,2.170512405183563e-06
4.504504504504505,0.0003538729861171,9.01,2.136120315302879e-06
4.50950950950951,0.000349161354751,9.02,2.1021487987895325e-06
4.514514514514515,0.0003445073282546,9.03,2.068591415998001e-06
4.51951951951952,0.0003399102764287,9.04,2.035441808754421e-06
4.524524524524525,0.0003353695749515,9.05,2.002693699132636e-06
4.52952952952953,0.0003308846053369,9.06,1.970340888246867e-06
4.534534534534535,0.0003264547548938,9.07,1.9383772550600573e-06
4.53953953953954,0.0003220794166841,9.08,1.9067967552069108e-06
4.544544544544545,0.0003177579894822,9.09,1.8755934198326567e-06
4.54954954954955,0.0003134898777334,9.1,1.8447613544475435e-06
4.554554554554555,0.0003092744915135,9.11,1.8142947377939365e-06
4.55955955955956,0.0003051112464879,9.12,1.7841878207305158e-06
4.564564564564565,0.0003009995638709,9.13,1.7544349251286646e-06
4.56956956956957,0.0002969388703853,9.14,1.7250304427840729e-06
4.574574574574575,0.0002929285982222,9.15,1.6959688343421214e-06
4.57957957957958,0.0002889681850005,9.16,1.6672446282368025e-06
4.584584584584585,0.0002850570737272,9.17,1.6388524196424683e-06
4.58958958958959,0.0002811947127572,9.18,1.610786869440025e-06
4.594594594594595,0.0002773805557539,9.19,1.5830427031954574e-06
4.5995995995996,0.000273614061649,9.2,1.5556147101514266e-06
4.604604604604605,0.0002698946946036,9.21,1.5284977422306063e-06
4.60960960960961,0.0002662219239688,9.22,1.501686713053685e-06
4.614614614614615,0.000262595224246,9.23,1.475176596967088e-06
4.61961961961962,0.0002590140750486,9.24,1.4489624280845907e-06
4.624624624624625,0.0002554779610627,9.25,1.4230392993400174e-06
4.62962962962963,0.0002519863720085,9.26,1.3974023615517352e-06
4.634634634634635,0.0002485388026016,9.27,1.3720468224989123e-06
4.63963963963964,0.0002451347525152,9.28,1.346967946008848e-06
4.644644644644645,0.0002417737263408,9.29,1.3221610510559176e-06
4.64964964964965,0.0002384552335513,9.3,1.2976215108709957e-06
4.654654654654655,0.0002351787884622,9.31,1.2733447520618602e-06
4.65965965965966,0.0002319439101942,9.32,1.2493262537447303e-06
4.664664664664665,0.0002287501226356,9.33,1.2255615466854392e-06
4.66966966966967,0.0002255969544049,9.34,1.20204621245164e-06
4.674674674674675,0.0002224839388136,9.35,1.1787758825749035e-06
4.67967967967968,0.0002194106138287,9.36,1.1557462377228434e-06
4.684684684684685,0.0002163765220363,9.37,1.1329530068812486e-06
4.68968968968969,0.0002133812106045,9.38,1.110391966545244e-06
4.694694694694695,0.0002104242312471,9.39,1.088058939920856e-06
4.6996996996997,0.0002075051401867,9.4,1.0659497961356682e-06
4.704704704704705,0.0002046234981191,9.41,1.0440604494580808e-06
4.70970970970971,0.0002017788701766,9.42,1.02238685852661e-06
4.714714714714715,0.0001989708258925,9.43,1.0009250255873164e-06
4.71971971971972,0.0001961989391654,9.44,9.79670995740502e-07
4.724724724724725,0.0001934627882231,9.45,9.586208561960416e-07
4.72972972972973,0.0001907619555881,9.46,9.377707355364532e-07
4.734734734734735,0.0001880960280415,9.47,9.17116802989499e-07
4.73973973973974,0.0001854645965886,9.48,8.966552677079336e-07
4.744744744744745,0.0001828672564239,9.49,8.763823780580188e-07
4.74974974974975,0.0001803036068962,9.5,8.562944209156681e-07
4.754754754754755,0.0001777732514744,9.51,8.363877209702101e-07
4.75975975975976,0.0001752757977128,9.52,8.166586400363912e-07
4.764764764764765,0.0001728108572177,9.53,7.971035763730335e-07
4.76976976976977,0.0001703780456124,9.54,7.777189640101148e-07
4.774774774774775,0.0001679769825044,9.55,7.585012720826107e-07
4.77977977977978,0.0001656072914512,9.56,7.394470041709879e-07
4.784784784784785,0.0001632685999272,9.57,7.205526976496797e-07
4.78978978978979,0.0001609605392902,9.58,7.018149230416688e-07
4.794794794794795,0.0001586827447486,9.59,6.832302833806111e-07
4.7997997997998,0.0001564348553285,9.6,6.647954135784564e-07
4.804804804804805,0.0001542165138408,9.61,6.465069798011994e-07
4.80980980980981,0.0001520273668489,9.62,6.283616788492563e-07
4.814814814814815,0.0001498670646362,9.63,6.103562375455909e-07
4.81981981981982,0.0001477352611745,9.64,5.924874121295572e-07
4.824824824824825,0.0001456316140911,9.65,5.747519876559333e-07
4.82982982982983,0.000143555784638,9.66,5.57146777401804e-07
4.834834834834835,0.0001415074376597,9.67,5.396686222770554e-07
4.83983983983984,0.000139486241562,9.68,5.223143902423952e-07
4.844844844844845,0.0001374918682809,9.69,5.050809757320906e-07
4.84984984984985,0.0001355239932512,9.7,4.879652990823583e-07
4.854854854854855,0.0001335822953762,9.71,4.709643059653209e-07
4.85985985985986,0.0001316664569967,9.72,4.540749668278807e-07
4.864864864864865,0.0001297761638603,9.73,4.3729427633650133e-07
4.86986986986987,0.0001279111050918,9.74,4.206192528260706e-07
4.874874874874875,0.0001260709731625,9.75,4.040469377547905e-07
4.87987987987988,0.0001242554638603,9.76,3.875743951630784e-07
4.884884884884885,0.0001224642762604,9.77,3.711987111377402e-07
4.88988988988989,0.0001206971126954,9.78,3.549169932807034e-07
4.894894894894895,0.0001189536787259,9.79,3.387263701822984e-07
4.8998998998999,0.0001172336831117,9.8,3.226239908990101e-07
4.904904904904905,0.0001155368377824,9.81,3.0660702443561064e-07
4.90990990990991,0.0001138628578087,9.82,2.906726592316985e-07
4.914914914914915,0.000112211461374,9.83,2.748181026520802e-07
4.91991991991992,0.0001105823697455,9.84,2.590405804817983e-07
4.924924924924925,0.0001089753072465,9.85,2.433373364245599e-07
4.92992992992993,0.000107390001228,9.86,2.2770563160570026e-07
4.934934934934935,0.0001058261820408,9.87,2.121427440782214e-07
4.93993993993994,0.0001042835830078,9.88,1.9664596833319226e-07
4.944944944944945,0.0001027619403968,9.89,1.812126148135537e-07
4.94994994994995,0.0001012609933927,9.9,1.658400094313743e-07
4.954954954954955,9.978048407078856e-05,9.91,1.505254930886782e-07
4.95995995995996,9.832015736917504e-05,9.92,1.3526642120154914e-07
4.964964964964965,9.687976106269452e-05,9.93,1.200601632277047e-07
4.96996996996997,9.545904573588925e-05,9.94,1.049041021969179e-07
4.974974974974975,9.405776475668158e-05,9.95,8.979563424493645e-08
4.97997997997998,9.267567425013294e-05,9.96,7.473216815014511e-08
4.984984984984985,9.131253307238448e-05,9.97,5.9711124873264e-08
4.98998998998999,8.996810278477811e-05,9.98,4.4729937099905386e-08
4.994994994994995,8.86421476281586e-05,9.99,2.9786048785797857e-08
5.0,8.733443449735526e-05,10.0,1.4876914704927612e-08
