x_IR_A, y_IR_A, x_IR_B, y_IR_B, x_IR_C, y_IR_C
3997.46430,1.05222,3997.46430,1.02904,3997.46430,1.04150
3995.53595,1.05216,3995.53595,1.02899,3995.53595,1.04158
3993.60761,1.05207,3993.60761,1.02890,3993.60761,1.04158
3991.67926,1.05198,3991.67926,1.02886,3991.67926,1.04157
3989.75091,1.05197,3989.75091,1.02889,3989.75091,1.04160
3987.82256,1.05198,3987.82256,1.02893,3987.82256,1.04161
3985.89422,1.05189,3985.89422,1.02902,3985.89422,1.04152
3983.96587,1.05186,3983.96587,1.02913,3983.96587,1.04144
3982.03752,1.05206,3982.03752,1.02911,3982.03752,1.04149
3980.10917,1.05236,3980.10917,1.02896,3980.10917,1.04156
3978.18083,1.05230,3978.18083,1.02893,3978.18083,1.04156
3976.25248,1.05200,3976.25248,1.02904,3976.25248,1.04157
3974.32413,1.05195,3974.32413,1.02909,3974.32413,1.04163
3972.39578,1.05215,3972.39578,1.02918,3972.39578,1.04163
3970.46744,1.05223,3970.46744,1.02933,3970.46744,1.04154
3968.53909,1.05225,3968.53909,1.02932,3968.53909,1.04149
3966.61074,1.05232,3966.61074,1.02904,3966.61074,1.04154
3964.68239,1.05216,3964.68239,1.02882,3964.68239,1.04163
3962.75405,1.05178,3962.75405,1.02891,3962.75405,1.04165
3960.82570,1.05173,3960.82570,1.02897,3960.82570,1.04156
3958.89735,1.05190,3958.89735,1.02888,3958.89735,1.04146
3956.96901,1.05196,3956.96901,1.02888,3956.96901,1.04142
3955.04066,1.05200,3955.04066,1.02893,3955.04066,1.04142
3953.11231,1.05196,3953.11231,1.02890,3953.11231,1.04143
3951.18396,1.05178,3951.18396,1.02891,3951.18396,1.04147
3949.25562,1.05180,3949.25562,1.02902,3949.25562,1.04156
3947.32727,1.05223,3947.32727,1.02884,3947.32727,1.04160
3945.39892,1.05222,3945.39892,1.02867,3945.39892,1.04153
3943.47057,1.05153,3943.47057,1.02905,3943.47057,1.04139
3941.54223,1.05149,3941.54223,1.02925,3941.54223,1.04126
3939.61388,1.05194,3939.61388,1.02913,3939.61388,1.04113
3937.68553,1.05215,3937.68553,1.02912,3937.68553,1.04103
3935.75718,1.05218,3935.75718,1.02917,3935.75718,1.04101
3933.82884,1.05184,3933.82884,1.02956,3933.82884,1.04112
3931.90049,1.05165,3931.90049,1.02975,3931.90049,1.04130
3929.97214,1.05203,3929.97214,1.02924,3929.97214,1.04138
3928.04379,1.05210,3928.04379,1.02875,3928.04379,1.04131
3926.11545,1.05140,3926.11545,1.02888,3926.11545,1.04122
3924.18710,1.05120,3924.18710,1.02897,3924.18710,1.04122
3922.25875,1.05178,3922.25875,1.02876,3922.25875,1.04127
3920.33040,1.05188,3920.33040,1.02901,3920.33040,1.04134
3918.40206,1.05156,3918.40206,1.02969,3918.40206,1.04146
3916.47371,1.05170,3916.47371,1.02987,3916.47371,1.04159
3914.54536,1.05217,3914.54536,1.02941,3914.54536,1.04161
3912.61701,1.05216,3912.61701,1.02916,3912.61701,1.04151
3910.68867,1.05209,3910.68867,1.02899,3910.68867,1.04134
3908.76032,1.05223,3908.76032,1.02859,3908.76032,1.04112
3906.83197,1.05169,3906.83197,1.02867,3906.83197,1.04090
3904.90362,1.05085,3904.90362,1.02948,3904.90362,1.04088
3902.97528,1.05106,3902.97528,1.03003,3902.97528,1.04119
3901.04693,1.05139,3901.04693,1.03015,3901.04693,1.04157
3899.11858,1.05162,3899.11858,1.03000,3899.11858,1.04174
3897.19023,1.05277,3897.19023,1.02927,3897.19023,1.04169
3895.26189,1.05325,3895.26189,1.02885,3895.26189,1.04159
3893.33354,1.05205,3893.33354,1.02957,3893.33354,1.04162
3891.40519,1.05154,3891.40519,1.03017,3891.40519,1.04175
3889.47684,1.05299,3889.47684,1.02942,3889.47684,1.04167
3887.54850,1.05289,3887.54850,1.02949,3887.54850,1.04142
3885.62015,1.05196,3885.62015,1.03016,3885.62015,1.04133
3883.69180,1.05263,3883.69180,1.02967,3883.69180,1.04140
3881.76345,1.05224,3881.76345,1.02989,3881.76345,1.04152
3879.83511,1.05202,3879.83511,1.03026,3879.83511,1.04161
3877.90676,1.05335,3877.90676,1.02955,3877.90676,1.04153
3875.97841,1.05330,3875.97841,1.02942,3875.97841,1.04139
3874.05006,1.05275,3874.05006,1.02968,3874.05006,1.04142
3872.12172,1.05247,3872.12172,1.03008,3872.12172,1.04152
3870.19337,1.05199,3870.19337,1.03065,3870.19337,1.04163
3868.26502,1.05330,3868.26502,1.02978,3868.26502,1.04168
3866.33667,1.05358,3866.33667,1.02954,3866.33667,1.04167
3864.40833,1.05245,3864.40833,1.03055,3864.40833,1.04171
3862.47998,1.05289,3862.47998,1.03077,3862.47998,1.04179
3860.55163,1.05446,3860.55163,1.02990,3860.55163,1.04170
3858.62328,1.05567,3858.62328,1.02864,3858.62328,1.04148
3856.69494,1.05435,3856.69494,1.02901,3856.69494,1.04129
3854.76659,1.05012,3854.76659,1.03163,3854.76659,1.04136
3852.83824,1.04916,3852.83824,1.03244,3852.83824,1.04180
3850.90989,1.05281,3850.90989,1.03034,3850.90989,1.04205
3848.98155,1.05492,3848.98155,1.02929,3848.98155,1.04184
3847.05320,1.05456,3847.05320,1.02973,3847.05320,1.04151
3845.12485,1.05358,3845.12485,1.03022,3845.12485,1.04140
3843.19650,1.05345,3843.19650,1.03015,3843.19650,1.04157
3841.26816,1.05370,3841.26816,1.03019,3841.26816,1.04185
3839.33981,1.05293,3839.33981,1.03116,3839.33981,1.04211
3837.41146,1.05269,3837.41146,1.03150,3837.41146,1.04228
3835.48311,1.05355,3835.48311,1.03054,3835.48311,1.04217
3833.55477,1.05365,3833.55477,1.03027,3833.55477,1.04196
3831.62642,1.05340,3831.62642,1.03056,3831.62642,1.04190
3829.69807,1.05364,3829.69807,1.03040,3829.69807,1.04191
3827.76972,1.05362,3827.76972,1.03033,3827.76972,1.04181
3825.84138,1.05409,3825.84138,1.03000,3825.84138,1.04165
3823.91303,1.05393,3823.91303,1.03004,3823.91303,1.04155
3821.98468,1.05221,3821.98468,1.03104,3821.98468,1.04173
3820.05633,1.05316,3820.05633,1.03037,3820.05633,1.04208
3818.12799,1.05403,3818.12799,1.02973,3818.12799,1.04226
3816.19964,1.05249,3816.19964,1.03072,3816.19964,1.04230
3814.27129,1.05308,3814.27129,1.03012,3814.27129,1.04220
3812.34294,1.05447,3812.34294,1.02891,3812.34294,1.04189
3810.41460,1.05402,3810.41460,1.02898,3810.41460,1.04152
3808.48625,1.05223,3808.48625,1.03009,3808.48625,1.04130
3806.55790,1.05223,3806.55790,1.03006,3806.55790,1.04136
3804.62956,1.05366,3804.62956,1.02889,3804.62956,1.04156
3802.70121,1.05243,3802.70121,1.02973,3802.70121,1.04183
3800.77286,1.05181,3800.77286,1.03032,3800.77286,1.04204
3798.84451,1.05311,3798.84451,1.02927,3798.84451,1.04191
3796.91617,1.05287,3796.91617,1.02928,3796.91617,1.04163
3794.98782,1.05265,3794.98782,1.02945,3794.98782,1.04141
3793.05947,1.05278,3793.05947,1.02916,3793.05947,1.04119
3791.13112,1.05240,3791.13112,1.02906,3791.13112,1.04101
3789.20278,1.05213,3789.20278,1.02896,3789.20278,1.04095
3787.27443,1.05191,3787.27443,1.02891,3787.27443,1.04103
3785.34608,1.05184,3785.34608,1.02895,3785.34608,1.04121
3783.41773,1.05231,3783.41773,1.02880,3783.41773,1.04136
3781.48939,1.05199,3781.48939,1.02904,3781.48939,1.04135
3779.56104,1.05112,3779.56104,1.02958,3779.56104,1.04123
3777.63269,1.05163,3777.63269,1.02928,3777.63269,1.04106
3775.70434,1.05246,3775.70434,1.02855,3775.70434,1.04090
3773.77600,1.05244,3773.77600,1.02817,3773.77600,1.04081
3771.84765,1.05156,3771.84765,1.02859,3771.84765,1.04091
3769.91930,1.05109,3769.91930,1.02916,3769.91930,1.04115
3767.99095,1.05181,3767.99095,1.02911,3767.99095,1.04131
3766.06261,1.05222,3766.06261,1.02916,3766.06261,1.04132
3764.13426,1.05282,3764.13426,1.02893,3764.13426,1.04122
3762.20591,1.05287,3762.20591,1.02880,3762.20591,1.04107
3760.27756,1.05187,3760.27756,1.02940,3760.27756,1.04106
3758.34922,1.05241,3758.34922,1.02946,3758.34922,1.04129
3756.42087,1.05426,3756.42087,1.02870,3756.42087,1.04147
3754.49252,1.05440,3754.49252,1.02874,3754.49252,1.04156
3752.56417,1.05244,3752.56417,1.03021,3752.56417,1.04190
3750.63583,1.05234,3750.63583,1.03107,3750.63583,1.04247
3748.70748,1.05528,3748.70748,1.02973,3748.70748,1.04265
3746.77913,1.05548,3746.77913,1.02976,3746.77913,1.04241
3744.85078,1.05235,3744.85078,1.03208,3744.85078,1.04229
3742.92244,1.05311,3742.92244,1.03115,3742.92244,1.04222
3740.99409,1.05530,3740.99409,1.02860,3740.99409,1.04185
3739.06574,1.05463,3739.06574,1.02836,3739.06574,1.04142
3737.13739,1.05226,3737.13739,1.02951,3737.13739,1.04124
3735.20905,1.05111,3735.20905,1.03015,3735.20905,1.04139
3733.28070,1.05184,3733.28070,1.02992,3733.28070,1.04162
3731.35235,1.05314,3731.35235,1.02935,3731.35235,1.04162
3729.42400,1.05383,3729.42400,1.02902,3729.42400,1.04133
3727.49566,1.05285,3727.49566,1.02975,3727.49566,1.04105
3725.56731,1.05201,3725.56731,1.03029,3725.56731,1.04103
3723.63896,1.05200,3723.63896,1.03023,3723.63896,1.04119
3721.71061,1.05204,3721.71061,1.03021,3721.71061,1.04131
3719.78227,1.05226,3719.78227,1.03005,3719.78227,1.04132
3717.85392,1.05279,3717.85392,1.02933,3717.85392,1.04123
3715.92557,1.05310,3715.92557,1.02836,3715.92557,1.04106
3713.99722,1.05170,3713.99722,1.02841,3713.99722,1.04094
3712.06888,1.04991,3712.06888,1.02933,3712.06888,1.04107
3710.14053,1.05035,3710.14053,1.02952,3710.14053,1.04130
3708.21218,1.05191,3708.21218,1.02870,3708.21218,1.04125
3706.28383,1.05243,3706.28383,1.02775,3706.28383,1.04100
3704.35549,1.05126,3704.35549,1.02767,3704.35549,1.04083
3702.42714,1.04975,3702.42714,1.02838,3702.42714,1.04083
3700.49879,1.04997,3700.49879,1.02857,3700.49879,1.04087
3698.57044,1.05078,3698.57044,1.02826,3698.57044,1.04075
3696.64210,1.05082,3696.64210,1.02807,3696.64210,1.04047
3694.71375,1.05080,3694.71375,1.02773,3694.71375,1.04021
3692.78540,1.05013,3692.78540,1.02778,3692.78540,1.04017
3690.85705,1.04835,3690.85705,1.02866,3690.85705,1.04044
3688.92871,1.04728,3688.92871,1.02944,3688.92871,1.04083
3687.00036,1.04846,3687.00036,1.02873,3687.00036,1.04085
3685.07201,1.04959,3685.07201,1.02784,3685.07201,1.04049
3683.14366,1.04922,3683.14366,1.02794,3683.14366,1.04013
3681.21532,1.04860,3681.21532,1.02793,3681.21532,1.03993
3679.28697,1.04784,3679.28697,1.02781,3679.28697,1.03984
3677.35862,1.04547,3677.35862,1.02901,3677.35862,1.03991
3675.43027,1.04400,3675.43027,1.02996,3675.43027,1.04017
3673.50193,1.04577,3673.50193,1.02862,3673.50193,1.04028
3671.57358,1.04462,3671.57358,1.02879,3671.57358,1.04012
3669.64523,1.04186,3669.64523,1.02987,3669.64523,1.03999
3667.71688,1.04220,3667.71688,1.02909,3667.71688,1.03986
3665.78854,1.04249,3665.78854,1.02842,3665.78854,1.03955
3663.86019,1.04129,3663.86019,1.02861,3663.86019,1.03920
3661.93184,1.04021,3661.93184,1.02852,3661.93184,1.03892
3660.00349,1.03943,3660.00349,1.02816,3660.00349,1.03873
3658.07515,1.03794,3658.07515,1.02854,3658.07515,1.03870
3656.14680,1.03729,3656.14680,1.02867,3656.14680,1.03882
3654.21845,1.03832,3654.21845,1.02747,3654.21845,1.03879
3652.29011,1.03694,3652.29011,1.02751,3652.29011,1.03862
3650.36176,1.03359,3650.36176,1.02931,3650.36176,1.03877
3648.43341,1.03293,3648.43341,1.03006,3648.43341,1.03912
3646.50506,1.03458,3646.50506,1.02908,3646.50506,1.03902
3644.57672,1.03556,3644.57672,1.02820,3644.57672,1.03856
3642.64837,1.03486,3642.64837,1.02825,3642.64837,1.03817
3640.72002,1.03392,3640.72002,1.02840,3640.72002,1.03797
3638.79167,1.03354,3638.79167,1.02822,3638.79167,1.03791
3636.86333,1.03345,3636.86333,1.02801,3636.86333,1.03792
3634.93498,1.03350,3634.93498,1.02779,3634.93498,1.03792
3633.00663,1.03374,3633.00663,1.02734,3633.00663,1.03784
3631.07828,1.03234,3631.07828,1.02814,3631.07828,1.03781
3629.14994,1.03024,3629.14994,1.02979,3629.14994,1.03800
3627.22159,1.03194,3627.22159,1.02904,3627.22159,1.03825
3625.29324,1.03451,3625.29324,1.02743,3625.29324,1.03822
3623.36489,1.03461,3623.36489,1.02716,3623.36489,1.03799
3621.43655,1.03284,3621.43655,1.02784,3621.43655,1.03772
3619.50820,1.03158,3619.50820,1.02860,3619.50820,1.03768
3617.57985,1.03287,3617.57985,1.02852,3617.57985,1.03797
3615.65150,1.03430,3615.65150,1.02845,3615.65150,1.03835
3613.72316,1.03431,3613.72316,1.02891,3613.72316,1.03863
3611.79481,1.03431,3611.79481,1.02902,3611.79481,1.03876
3609.86646,1.03399,3609.86646,1.02909,3609.86646,1.03876
3607.93811,1.03379,3607.93811,1.02910,3607.93811,1.03883
3606.00977,1.03470,3606.00977,1.02847,3606.00977,1.03890
3604.08142,1.03525,3604.08142,1.02796,3604.08142,1.03881
3602.15307,1.03474,3602.15307,1.02814,3602.15307,1.03866
3600.22472,1.03440,3600.22472,1.02845,3600.22472,1.03861
3598.29638,1.03448,3598.29638,1.02857,3598.29638,1.03868
3596.36803,1.03428,3596.36803,1.02879,3596.36803,1.03885
3594.43968,1.03439,3594.43968,1.02880,3594.43968,1.03902
3592.51133,1.03523,3592.51133,1.02818,3592.51133,1.03905
3590.58299,1.03501,3590.58299,1.02803,3590.58299,1.03896
3588.65464,1.03328,3588.65464,1.02888,3588.65464,1.03900
3586.72629,1.03283,3586.72629,1.02916,3586.72629,1.03926
3584.79794,1.03397,3584.79794,1.02849,3584.79794,1.03937
3582.86960,1.03419,3582.86960,1.02826,3582.86960,1.03919
3580.94125,1.03339,3580.94125,1.02849,3580.94125,1.03896
3579.01290,1.03277,3579.01290,1.02859,3579.01290,1.03890
3577.08455,1.03259,3577.08455,1.02859,3577.08455,1.03901
3575.15621,1.03265,3575.15621,1.02863,3575.15621,1.03914
3573.22786,1.03291,3573.22786,1.02847,3573.22786,1.03918
3571.29951,1.03290,3571.29951,1.02832,3571.29951,1.03911
3569.37116,1.03178,3569.37116,1.02900,3569.37116,1.03899
3567.44282,1.03059,3567.44282,1.02985,3567.44282,1.03895
3565.51447,1.03100,3565.51447,1.02954,3565.51447,1.03889
3563.58612,1.03172,3563.58612,1.02900,3563.58612,1.03869
3561.65777,1.03132,3561.65777,1.02912,3561.65777,1.03843
3559.72943,1.03065,3559.72943,1.02933,3559.72943,1.03836
3557.80108,1.03047,3557.80108,1.02926,3557.80108,1.03851
3555.87273,1.03040,3555.87273,1.02916,3555.87273,1.03863
3553.94438,1.03008,3553.94438,1.02929,3553.94438,1.03853
3552.01604,1.03013,3552.01604,1.02931,3552.01604,1.03834
3550.08769,1.03069,3550.08769,1.02896,3550.08769,1.03820
3548.15934,1.03064,3548.15934,1.02889,3548.15934,1.03811
3546.23099,1.03031,3546.23099,1.02902,3546.23099,1.03814
3544.30265,1.03071,3544.30265,1.02886,3544.30265,1.03832
3542.37430,1.03137,3542.37430,1.02866,3542.37430,1.03855
3540.44595,1.03154,3540.44595,1.02862,3540.44595,1.03862
3538.51760,1.03129,3538.51760,1.02867,3538.51760,1.03859
3536.58926,1.03107,3536.58926,1.02873,3536.58926,1.03866
3534.66091,1.03119,3534.66091,1.02860,3534.66091,1.03877
3532.73256,1.03115,3532.73256,1.02847,3532.73256,1.03877
3530.80421,1.03069,3530.80421,1.02855,3530.80421,1.03871
3528.87587,1.03025,3528.87587,1.02873,3528.87587,1.03876
3526.94752,1.03012,3526.94752,1.02880,3526.94752,1.03888
3525.01917,1.03003,3525.01917,1.02887,3525.01917,1.03899
3523.09082,1.02994,3523.09082,1.02896,3523.09082,1.03907
3521.16248,1.02994,3521.16248,1.02889,3521.16248,1.03918
3519.23413,1.02962,3519.23413,1.02881,3519.23413,1.03923
3517.30578,1.02917,3517.30578,1.02871,3517.30578,1.03918
3515.37743,1.02888,3515.37743,1.02852,3515.37743,1.03905
3513.44909,1.02843,3513.44909,1.02842,3513.44909,1.03885
3511.52074,1.02762,3511.52074,1.02861,3511.52074,1.03871
3509.59239,1.02692,3509.59239,1.02893,3509.59239,1.03874
3507.66404,1.02672,3507.66404,1.02893,3507.66404,1.03891
3505.73570,1.02612,3505.73570,1.02891,3505.73570,1.03905
3503.80735,1.02499,3503.80735,1.02913,3503.80735,1.03905
3501.87900,1.02438,3501.87900,1.02912,3501.87900,1.03894
3499.95066,1.02389,3499.95066,1.02892,3499.95066,1.03884
3498.02231,1.02277,3498.02231,1.02898,3498.02231,1.03878
3496.09396,1.02151,3496.09396,1.02915,3496.09396,1.03864
3494.16561,1.02054,3494.16561,1.02914,3494.16561,1.03848
3492.23727,1.01971,3492.23727,1.02900,3492.23727,1.03842
3490.30892,1.01891,3490.30892,1.02895,3490.30892,1.03842
3488.38057,1.01834,3488.38057,1.02898,3488.38057,1.03838
3486.45222,1.01824,3486.45222,1.02892,3486.45222,1.03831
3484.52388,1.01826,3484.52388,1.02894,3484.52388,1.03821
3482.59553,1.01826,3482.59553,1.02919,3482.59553,1.03812
3480.66718,1.01888,3480.66718,1.02924,3480.66718,1.03806
3478.73883,1.01980,3478.73883,1.02912,3478.73883,1.03792
3476.81049,1.02046,3476.81049,1.02923,3476.81049,1.03776
3474.88214,1.02115,3474.88214,1.02939,3474.88214,1.03774
3472.95379,1.02211,3472.95379,1.02934,3472.95379,1.03776
3471.02544,1.02319,3471.02544,1.02922,3471.02544,1.03780
3469.09710,1.02421,3469.09710,1.02930,3469.09710,1.03793
3467.16875,1.02495,3467.16875,1.02951,3467.16875,1.03786
3465.24040,1.02535,3465.24040,1.02958,3465.24040,1.03742
3463.31205,1.02555,3463.31205,1.02953,3463.31205,1.03698
3461.38371,1.02589,3461.38371,1.02949,3461.38371,1.03676
3459.45536,1.02626,3459.45536,1.02945,3459.45536,1.03654
3457.52701,1.02641,3457.52701,1.02943,3457.52701,1.03632
3455.59866,1.02652,3455.59866,1.02943,3455.59866,1.03621
3453.67032,1.02668,3453.67032,1.02947,3453.67032,1.03608
3451.74197,1.02689,3451.74197,1.02945,3451.74197,1.03579
3449.81362,1.02688,3449.81362,1.02936,3449.81362,1.03549
3447.88527,1.02658,3447.88527,1.02944,3447.88527,1.03535
3445.95693,1.02665,3445.95693,1.02956,3445.95693,1.03538
3444.02858,1.02677,3444.02858,1.02964,3444.02858,1.03545
3442.10023,1.02666,3442.10023,1.02970,3442.10023,1.03549
3440.17188,1.02700,3440.17188,1.02970,3440.17188,1.03568
3438.24354,1.02771,3438.24354,1.02977,3438.24354,1.03618
3436.31519,1.02828,3436.31519,1.02980,3436.31519,1.03668
3434.38684,1.02837,3434.38684,1.02979,3434.38684,1.03686
3432.45849,1.02827,3432.45849,1.02992,3432.45849,1.03694
3430.53015,1.02832,3430.53015,1.03010,3430.53015,1.03715
3428.60180,1.02823,3428.60180,1.03016,3428.60180,1.03734
3426.67345,1.02793,3426.67345,1.03009,3426.67345,1.03745
3424.74510,1.02776,3424.74510,1.02995,3424.74510,1.03759
3422.81676,1.02782,3422.81676,1.02994,3422.81676,1.03783
3420.88841,1.02807,3420.88841,1.03001,3420.88841,1.03815
3418.96006,1.02846,3418.96006,1.02995,3418.96006,1.03832
3417.03171,1.02864,3417.03171,1.02993,3417.03171,1.03826
3415.10337,1.02881,3415.10337,1.03001,3415.10337,1.03823
3413.17502,1.02926,3413.17502,1.03006,3413.17502,1.03841
3411.24667,1.02967,3411.24667,1.03001,3411.24667,1.03874
3409.31832,1.02976,3409.31832,1.02990,3409.31832,1.03901
3407.38998,1.02958,3407.38998,1.02988,3407.38998,1.03908
3405.46163,1.02954,3405.46163,1.03001,3405.46163,1.03913
3403.53328,1.03008,3403.53328,1.03009,3403.53328,1.03938
3401.60493,1.03095,3401.60493,1.03017,3401.60493,1.03968
3399.67659,1.03171,3399.67659,1.03074,3399.67659,1.03991
3397.74824,1.03129,3397.74824,1.03085,3397.74824,1.03985
3395.81989,1.03093,3395.81989,1.03076,3395.81989,1.03977
3393.89154,1.03103,3393.89154,1.03069,3393.89154,1.03972
3391.96320,1.03126,3391.96320,1.03058,3391.96320,1.03967
3390.03485,1.03115,3390.03485,1.03040,3390.03485,1.03965
3388.10650,1.03066,3388.10650,1.03034,3388.10650,1.03965
3386.17815,1.03031,3386.17815,1.03045,3386.17815,1.03969
3384.24981,1.03023,3384.24981,1.03048,3384.24981,1.03967
3382.32146,1.03033,3382.32146,1.03035,3382.32146,1.03958
3380.39311,1.03047,3380.39311,1.03021,3380.39311,1.03953
3378.46476,1.03063,3378.46476,1.03019,3378.46476,1.03957
3376.53642,1.03078,3376.53642,1.03031,3376.53642,1.03962
3374.60807,1.03096,3374.60807,1.03053,3374.60807,1.03968
3372.67972,1.03123,3372.67972,1.03068,3372.67972,1.03973
3370.75137,1.03159,3370.75137,1.03068,3370.75137,1.03968
3368.82303,1.03185,3368.82303,1.03060,3368.82303,1.03958
3366.89468,1.03185,3366.89468,1.03063,3366.89468,1.03954
3364.96633,1.03174,3364.96633,1.03064,3364.96633,1.03960
3363.03798,1.03171,3363.03798,1.03052,3363.03798,1.03967
3361.10964,1.03180,3361.10964,1.03040,3361.10964,1.03970
3359.18129,1.03192,3359.18129,1.03043,3359.18129,1.03976
3357.25294,1.03193,3357.25294,1.03056,3357.25294,1.03980
3355.32459,1.03195,3355.32459,1.03058,3355.32459,1.03976
3353.39625,1.03210,3353.39625,1.03044,3353.39625,1.03970
3351.46790,1.03226,3351.46790,1.03042,3351.46790,1.03960
3349.53955,1.03224,3349.53955,1.03055,3349.53955,1.03947
3347.61121,1.03215,3347.61121,1.03066,3347.61121,1.03948
3345.68286,1.03224,3345.68286,1.03070,3345.68286,1.03965
3343.75451,1.03243,3343.75451,1.03077,3343.75451,1.03977
3341.82616,1.03250,3341.82616,1.03082,3341.82616,1.03979
3339.89782,1.03255,3339.89782,1.03078,3339.89782,1.03984
3337.96947,1.03268,3337.96947,1.03070,3337.96947,1.03993
3336.04112,1.03285,3336.04112,1.03067,3336.04112,1.03999
3334.11277,1.03303,3334.11277,1.03061,3334.11277,1.04002
3332.18443,1.03320,3332.18443,1.03052,3332.18443,1.04007
3330.25608,1.03323,3330.25608,1.03052,3330.25608,1.04008
3328.32773,1.03326,3328.32773,1.03065,3328.32773,1.04010
3326.39938,1.03342,3326.39938,1.03072,3326.39938,1.04013
3324.47104,1.03356,3324.47104,1.03067,3324.47104,1.04008
3322.54269,1.03356,3322.54269,1.03068,3322.54269,1.03998
3320.61434,1.03350,3320.61434,1.03078,3320.61434,1.03992
3318.68599,1.03350,3318.68599,1.03084,3318.68599,1.03992
3316.75765,1.03352,3316.75765,1.03088,3316.75765,1.03990
3314.82930,1.03349,3314.82930,1.03099,3314.82930,1.03980
3312.90095,1.03357,3312.90095,1.03100,3312.90095,1.03973
3310.97260,1.03375,3310.97260,1.03075,3310.97260,1.03980
3309.04426,1.03395,3309.04426,1.03052,3309.04426,1.03993
3307.11591,1.03415,3307.11591,1.03046,3307.11591,1.03996
3305.18756,1.03413,3305.18756,1.03044,3305.18756,1.03983
3303.25921,1.03387,3303.25921,1.03038,3303.25921,1.03968
3301.33087,1.03370,3301.33087,1.03040,3301.33087,1.03960
3299.40252,1.03374,3299.40252,1.03058,3299.40252,1.03961
3297.47417,1.03394,3297.47417,1.03081,3297.47417,1.03969
3295.54582,1.03412,3295.54582,1.03094,3295.54582,1.03982
3293.61748,1.03422,3293.61748,1.03094,3293.61748,1.03991
3291.68913,1.03430,3291.68913,1.03092,3291.68913,1.04001
3289.76078,1.03434,3289.76078,1.03088,3289.76078,1.04010
3287.83243,1.03419,3287.83243,1.03081,3287.83243,1.04000
3285.90409,1.03403,3285.90409,1.03080,3285.90409,1.03980
3283.97574,1.03407,3283.97574,1.03087,3283.97574,1.03974
3282.04739,1.03429,3282.04739,1.03095,3282.04739,1.03987
3280.11904,1.03451,3280.11904,1.03094,3280.11904,1.04004
3278.19070,1.03458,3278.19070,1.03086,3278.19070,1.04012
3276.26235,1.03448,3276.26235,1.03078,3276.26235,1.04003
3274.33400,1.03433,3274.33400,1.03072,3274.33400,1.03986
3272.40565,1.03423,3272.40565,1.03062,3272.40565,1.03975
3270.47731,1.03425,3270.47731,1.03055,3270.47731,1.03978
3268.54896,1.03438,3268.54896,1.03057,3268.54896,1.03992
3266.62061,1.03461,3266.62061,1.03067,3266.62061,1.04008
3264.69226,1.03486,3264.69226,1.03083,3264.69226,1.04017
3262.76392,1.03494,3262.76392,1.03090,3262.76392,1.04006
3260.83557,1.03477,3260.83557,1.03086,3260.83557,1.03983
3258.90722,1.03460,3258.90722,1.03078,3258.90722,1.03975
3256.97887,1.03459,3256.97887,1.03073,3256.97887,1.03989
3255.05053,1.03457,3255.05053,1.03073,3255.05053,1.04002
3253.12218,1.03448,3253.12218,1.03072,3253.12218,1.03996
3251.19383,1.03438,3251.19383,1.03065,3251.19383,1.03977
3249.26548,1.03432,3249.26548,1.03058,3249.26548,1.03962
3247.33714,1.03445,3247.33714,1.03052,3247.33714,1.03960
3245.40879,1.03466,3245.40879,1.03055,3245.40879,1.03971
3243.48044,1.03476,3243.48044,1.03056,3243.48044,1.03982
3241.55209,1.03467,3241.55209,1.03052,3241.55209,1.03987
3239.62375,1.03463,3239.62375,1.03057,3239.62375,1.03992
3237.69540,1.03470,3237.69540,1.03071,3237.69540,1.03999
3235.76705,1.03478,3235.76705,1.03075,3235.76705,1.03995
3233.83870,1.03482,3233.83870,1.03064,3233.83870,1.03986
3231.91036,1.03474,3231.91036,1.03058,3231.91036,1.03982
3229.98201,1.03458,3229.98201,1.03067,3229.98201,1.03981
3228.05366,1.03448,3228.05366,1.03083,3228.05366,1.03978
3226.12531,1.03447,3226.12531,1.03090,3226.12531,1.03980
3224.19697,1.03451,3224.19697,1.03082,3224.19697,1.03984
3222.26862,1.03458,3222.26862,1.03068,3222.26862,1.03982
3220.34027,1.03463,3220.34027,1.03058,3220.34027,1.03977
3218.41192,1.03470,3218.41192,1.03049,3218.41192,1.03983
3216.48358,1.03472,3216.48358,1.03047,3216.48358,1.03994
3214.55523,1.03469,3214.55523,1.03054,3214.55523,1.03995
3212.62688,1.03475,3212.62688,1.03052,3212.62688,1.03990
3210.69853,1.03473,3210.69853,1.03039,3210.69853,1.03994
3208.77019,1.03457,3208.77019,1.03029,3208.77019,1.03998
3206.84184,1.03439,3206.84184,1.03027,3206.84184,1.03993
3204.91349,1.03427,3204.91349,1.03037,3204.91349,1.03986
3202.98514,1.03428,3202.98514,1.03054,3202.98514,1.03987
3201.05680,1.03435,3201.05680,1.03073,3201.05680,1.03993
3199.12845,1.03436,3199.12845,1.03088,3199.12845,1.03994
3197.20010,1.03435,3197.20010,1.03099,3197.20010,1.03991
3195.27176,1.03436,3195.27176,1.03097,3195.27176,1.03987
3193.34341,1.03426,3193.34341,1.03078,3193.34341,1.03979
3191.41506,1.03407,3191.41506,1.03048,3191.41506,1.03971
3189.48671,1.03390,3189.48671,1.03028,3189.48671,1.03965
3187.55837,1.03384,3187.55837,1.03026,3187.55837,1.03954
3185.63002,1.03390,3185.63002,1.03028,3185.63002,1.03944
3183.70167,1.03399,3183.70167,1.03018,3183.70167,1.03944
3181.77332,1.03410,3181.77332,1.03010,3181.77332,1.03951
3179.84498,1.03423,3179.84498,1.03026,3179.84498,1.03959
3177.91663,1.03429,3177.91663,1.03052,3177.91663,1.03959
3175.98828,1.03423,3175.98828,1.03057,3175.98828,1.03949
3174.05993,1.03419,3174.05993,1.03046,3174.05993,1.03939
3172.13159,1.03437,3172.13159,1.03037,3172.13159,1.03946
3170.20324,1.03466,3170.20324,1.03033,3170.20324,1.03966
3168.27489,1.03477,3168.27489,1.03022,3168.27489,1.03972
3166.34654,1.03476,3166.34654,1.03005,3166.34654,1.03958
3164.41820,1.03481,3164.41820,1.03004,3164.41820,1.03950
3162.48985,1.03484,3162.48985,1.03020,3162.48985,1.03956
3160.56150,1.03479,3160.56150,1.03023,3160.56150,1.03959
3158.63315,1.03478,3158.63315,1.03010,3158.63315,1.03951
3156.70481,1.03477,3156.70481,1.03005,3156.70481,1.03947
3154.77646,1.03472,3154.77646,1.03017,3154.77646,1.03957
3152.84811,1.03465,3152.84811,1.03027,3152.84811,1.03973
3150.91976,1.03448,3150.91976,1.03024,3150.91976,1.03981
3148.99142,1.03422,3148.99142,1.03017,3148.99142,1.03979
3147.06307,1.03396,3147.06307,1.03018,3147.06307,1.03970
3145.13472,1.03371,3145.13472,1.03021,3145.13472,1.03961
3143.20637,1.03342,3143.20637,1.03017,3143.20637,1.03957
3141.27803,1.03306,3141.27803,1.03011,3141.27803,1.03959
3139.34968,1.03263,3139.34968,1.03010,3139.34968,1.03959
3137.42133,1.03222,3137.42133,1.03010,3137.42133,1.03953
3135.49298,1.03181,3135.49298,1.03006,3135.49298,1.03950
3133.56464,1.03136,3133.56464,1.02996,3133.56464,1.03958
3131.63629,1.03080,3131.63629,1.02987,3131.63629,1.03966
3129.70794,1.03000,3129.70794,1.02979,3129.70794,1.03964
3127.77959,1.02907,3127.77959,1.02969,3127.77959,1.03960
3125.85125,1.02820,3125.85125,1.02966,3125.85125,1.03959
3123.92290,1.02727,3123.92290,1.02973,3123.92290,1.03952
3121.99455,1.02621,3121.99455,1.02972,3121.99455,1.03939
3120.06620,1.02500,3120.06620,1.02954,3120.06620,1.03931
3118.13786,1.02366,3118.13786,1.02945,3118.13786,1.03931
3116.20951,1.02242,3116.20951,1.02953,3116.20951,1.03937
3114.28116,1.02136,3114.28116,1.02961,3114.28116,1.03937
3112.35281,1.02030,3112.35281,1.02959,3112.35281,1.03927
3110.42447,1.01923,3110.42447,1.02949,3110.42447,1.03921
3108.49612,1.01829,3108.49612,1.02941,3108.49612,1.03928
3106.56777,1.01731,3106.56777,1.02945,3106.56777,1.03937
3104.63942,1.01604,3104.63942,1.02954,3104.63942,1.03934
3102.71108,1.01451,3102.71108,1.02959,3102.71108,1.03919
3100.78273,1.01304,3100.78273,1.02953,3100.78273,1.03909
3098.85438,1.01177,3098.85438,1.02940,3098.85438,1.03914
3096.92603,1.01070,3096.92603,1.02937,3096.92603,1.03927
3094.99769,1.01004,3094.99769,1.02940,3094.99769,1.03935
3093.06934,1.00985,3093.06934,1.02933,3093.06934,1.03929
3091.14099,1.01004,3091.14099,1.02917,3091.14099,1.03915
3089.21264,1.01059,3089.21264,1.02907,3089.21264,1.03904
3087.28430,1.01123,3087.28430,1.02908,3087.28430,1.03898
3085.35595,1.01170,3085.35595,1.02917,3085.35595,1.03894
3083.42760,1.01195,3083.42760,1.02929,3083.42760,1.03886
3081.49925,1.01202,3081.49925,1.02937,3081.49925,1.03876
3079.57091,1.01201,3079.57091,1.02935,3079.57091,1.03874
3077.64256,1.01202,3077.64256,1.02938,3077.64256,1.03877
3075.71421,1.01208,3075.71421,1.02945,3075.71421,1.03876
3073.78586,1.01216,3073.78586,1.02943,3073.78586,1.03872
3071.85752,1.01224,3071.85752,1.02934,3071.85752,1.03867
3069.92917,1.01233,3069.92917,1.02929,3069.92917,1.03863
3068.00082,1.01252,3068.00082,1.02929,3068.00082,1.03863
3066.07247,1.01282,3066.07247,1.02928,3066.07247,1.03862
3064.14413,1.01317,3064.14413,1.02916,3064.14413,1.03851
3062.21578,1.01353,3062.21578,1.02898,3062.21578,1.03832
3060.28743,1.01381,3060.28743,1.02894,3060.28743,1.03807
3058.35908,1.01394,3058.35908,1.02901,3058.35908,1.03774
3056.43074,1.01405,3056.43074,1.02903,3056.43074,1.03749
3054.50239,1.01425,3054.50239,1.02898,3054.50239,1.03731
3052.57404,1.01446,3052.57404,1.02897,3052.57404,1.03704
3050.64569,1.01480,3050.64569,1.02898,3050.64569,1.03673
3048.71735,1.01539,3048.71735,1.02893,3048.71735,1.03644
3046.78900,1.01609,3046.78900,1.02888,3046.78900,1.03602
3044.86065,1.01682,3044.86065,1.02883,3044.86065,1.03544
3042.93231,1.01752,3042.93231,1.02875,3042.93231,1.03482
3041.00396,1.01806,3041.00396,1.02881,3041.00396,1.03406
3039.07561,1.01848,3039.07561,1.02905,3039.07561,1.03310
3037.14726,1.01903,3037.14726,1.02924,3037.14726,1.03216
3035.21892,1.01981,3035.21892,1.02925,3035.21892,1.03135
3033.29057,1.02069,3033.29057,1.02923,3033.29057,1.03054
3031.36222,1.02166,3031.36222,1.02923,3031.36222,1.02953
3029.43387,1.02290,3029.43387,1.02915,3029.43387,1.02828
3027.50553,1.02441,3027.50553,1.02903,3027.50553,1.02697
3025.57718,1.02605,3025.57718,1.02891,3025.57718,1.02572
3023.64883,1.02762,3023.64883,1.02882,3023.64883,1.02445
3021.72048,1.02906,3021.72048,1.02877,3021.72048,1.02309
3019.79214,1.03040,3019.79214,1.02874,3019.79214,1.02165
3017.86379,1.03152,3017.86379,1.02878,3017.86379,1.02016
3015.93544,1.03234,3015.93544,1.02881,3015.93544,1.01867
3014.00709,1.03285,3014.00709,1.02871,3014.00709,1.01714
3012.07875,1.03285,3012.07875,1.02853,3012.07875,1.01544
3010.15040,1.03237,3010.15040,1.02835,3010.15040,1.01351
3008.22205,1.03171,3008.22205,1.02817,3008.22205,1.01145
3006.29370,1.03117,3006.29370,1.02798,3006.29370,1.00937
3004.36536,1.03086,3004.36536,1.02773,3004.36536,1.00731
3002.43701,1.03069,3002.43701,1.02741,3002.43701,1.00533
3000.50866,1.03069,3000.50866,1.02710,3000.50866,1.00352
2998.58031,1.03101,2998.58031,1.02693,2998.58031,1.00202
2996.65197,1.03132,2996.65197,1.02653,2996.65197,1.00094
2994.72362,1.03165,2994.72362,1.02598,2994.72362,1.00043
2992.79527,1.03198,2992.79527,1.02527,2992.79527,1.00049
2990.86692,1.03211,2990.86692,1.02449,2990.86692,1.00112
2988.93858,1.03218,2988.93858,1.02353,2988.93858,1.00236
2987.01023,1.03250,2987.01023,1.02214,2987.01023,1.00418
2985.08188,1.03299,2985.08188,1.02027,2985.08188,1.00643
2983.15353,1.03361,2983.15353,1.01797,2983.15353,1.00895
2981.22519,1.03440,2981.22519,1.01510,2981.22519,1.01159
2979.29684,1.03501,2979.29684,1.01127,2979.29684,1.01410
2977.36849,1.03526,2977.36849,1.00615,2977.36849,1.01610
2975.44014,1.03543,2975.44014,0.99956,2975.44014,1.01738
2973.51180,1.03554,2973.51180,0.99123,2973.51180,1.01787
2971.58345,1.03547,2971.58345,0.98086,2971.58345,1.01749
2969.65510,1.03537,2969.65510,0.96866,2969.65510,1.01633
2967.72675,1.03538,2967.72675,0.95552,2967.72675,1.01452
2965.79841,1.03537,2965.79841,0.94318,2965.79841,1.01202
2963.87006,1.03533,2963.87006,0.93428,2963.87006,1.00872
2961.94171,1.03542,2961.94171,0.93147,2961.94171,1.00472
2960.01336,1.03566,2960.01336,0.93587,2960.01336,1.00011
2958.08502,1.03594,2958.08502,0.94630,2958.08502,0.99498
2956.15667,1.03627,2956.15667,0.96000,2956.15667,0.98967
2954.22832,1.03667,2954.22832,0.97411,2954.22832,0.98462
2952.29997,1.03707,2952.29997,0.98662,2952.29997,0.98066
2950.37163,1.03744,2950.37163,0.99660,2950.37163,0.97895
2948.44328,1.03775,2948.44328,1.00409,2948.44328,0.98015
2946.51493,1.03793,2946.51493,1.00970,2946.51493,0.98388
2944.58658,1.03797,2944.58658,1.01397,2944.58658,0.98908
2942.65824,1.03807,2942.65824,1.01718,2942.65824,0.99450
2940.72989,1.03823,2940.72989,1.01955,2940.72989,0.99910
2938.80154,1.03828,2938.80154,1.02142,2938.80154,1.00251
2936.87319,1.03822,2936.87319,1.02303,2936.87319,1.00494
2934.94485,1.03810,2934.94485,1.02434,2934.94485,1.00663
2933.01650,1.03791,2933.01650,1.02528,2933.01650,1.00779
2931.08815,1.03774,2931.08815,1.02601,2931.08815,1.00880
2929.15980,1.03762,2929.15980,1.02658,2929.15980,1.00996
2927.23146,1.03739,2927.23146,1.02691,2927.23146,1.01109
2925.30311,1.03711,2925.30311,1.02700,2925.30311,1.01208
2923.37476,1.03696,2923.37476,1.02692,2923.37476,1.01322
2921.44641,1.03702,2921.44641,1.02650,2921.44641,1.01448
2919.51807,1.03732,2919.51807,1.02572,2919.51807,1.01555
2917.58972,1.03789,2917.58972,1.02488,2917.58972,1.01647
2915.66137,1.03850,2915.66137,1.02406,2915.66137,1.01741
2913.73302,1.03889,2913.73302,1.02302,2913.73302,1.01830
2911.80468,1.03904,2911.80468,1.02162,2911.80468,1.01900
2909.87633,1.03909,2909.87633,1.02003,2909.87633,1.01961
2907.94798,1.03909,2907.94798,1.01854,2907.94798,1.02026
2906.01963,1.03908,2906.01963,1.01741,2906.01963,1.02100
2904.09129,1.03912,2904.09129,1.01698,2904.09129,1.02189
2902.16294,1.03922,2902.16294,1.01738,2902.16294,1.02281
2900.23459,1.03937,2900.23459,1.01840,2900.23459,1.02369
2898.30624,1.03956,2898.30624,1.01974,2898.30624,1.02449
2896.37790,1.03972,2896.37790,1.02122,2896.37790,1.02516
2894.44955,1.03983,2894.44955,1.02266,2894.44955,1.02573
2892.52120,1.03985,2892.52120,1.02391,2892.52120,1.02619
2890.59286,1.03976,2890.59286,1.02492,2890.59286,1.02656
2888.66451,1.03966,2888.66451,1.02567,2888.66451,1.02694
2886.73616,1.03961,2886.73616,1.02625,2886.73616,1.02740
2884.80781,1.03961,2884.80781,1.02679,2884.80781,1.02800
2882.87947,1.03961,2882.87947,1.02727,2882.87947,1.02875
2880.95112,1.03960,2880.95112,1.02761,2880.95112,1.02962
2879.02277,1.03966,2879.02277,1.02788,2879.02277,1.03061
2877.09442,1.03981,2877.09442,1.02822,2877.09442,1.03160
2875.16608,1.03987,2875.16608,1.02869,2875.16608,1.03242
2873.23773,1.03978,2873.23773,1.02926,2873.23773,1.03301
2871.30938,1.03968,2871.30938,1.02975,2871.30938,1.03348
2869.38103,1.03975,2869.38103,1.03001,2869.38103,1.03398
2867.45269,1.04007,2867.45269,1.03015,2867.45269,1.03458
2865.52434,1.04043,2865.52434,1.03033,2865.52434,1.03512
2863.59599,1.04057,2863.59599,1.03053,2863.59599,1.03543
2861.66764,1.04050,2861.66764,1.03071,2861.66764,1.03553
2859.73930,1.04036,2859.73930,1.03085,2859.73930,1.03551
2857.81095,1.04020,2857.81095,1.03093,2857.81095,1.03538
2855.88260,1.04006,2855.88260,1.03092,2855.88260,1.03514
2853.95425,1.03999,2853.95425,1.03091,2853.95425,1.03485
2852.02591,1.04006,2852.02591,1.03092,2852.02591,1.03454
2850.09756,1.04028,2850.09756,1.03087,2850.09756,1.03411
2848.16921,1.04060,2848.16921,1.03077,2848.16921,1.03352
2846.24086,1.04087,2846.24086,1.03066,2846.24086,1.03280
2844.31252,1.04100,2844.31252,1.03050,2844.31252,1.03220
2842.38417,1.04111,2842.38417,1.03031,2842.38417,1.03192
2840.45582,1.04129,2840.45582,1.03019,2840.45582,1.03199
2838.52747,1.04143,2838.52747,1.03008,2838.52747,1.03235
2836.59913,1.04146,2836.59913,1.02995,2836.59913,1.03297
2834.67078,1.04145,2834.67078,1.02990,2834.67078,1.03375
2832.74243,1.04142,2832.74243,1.02995,2832.74243,1.03458
2830.81408,1.04138,2830.81408,1.03003,2830.81408,1.03534
2828.88574,1.04138,2828.88574,1.03003,2828.88574,1.03599
2826.95739,1.04144,2826.95739,1.02994,2826.95739,1.03662
2825.02904,1.04158,2825.02904,1.02987,2825.02904,1.03712
2823.10069,1.04174,2823.10069,1.02988,2823.10069,1.03742
2821.17235,1.04176,2821.17235,1.02992,2821.17235,1.03766
2819.24400,1.04172,2819.24400,1.02989,2819.24400,1.03788
2817.31565,1.04178,2817.31565,1.02979,2817.31565,1.03807
2815.38730,1.04188,2815.38730,1.02970,2815.38730,1.03822
2813.45896,1.04192,2813.45896,1.02964,2813.45896,1.03839
2811.53061,1.04196,2811.53061,1.02969,2811.53061,1.03856
2809.60226,1.04204,2809.60226,1.02990,2809.60226,1.03868
2807.67391,1.04210,2807.67391,1.03002,2807.67391,1.03879
2805.74557,1.04211,2805.74557,1.02994,2805.74557,1.03895
2803.81722,1.04208,2803.81722,1.02981,2803.81722,1.03905
2801.88887,1.04207,2801.88887,1.02976,2801.88887,1.03909
2799.96052,1.04209,2799.96052,1.02971,2799.96052,1.03915
2798.03218,1.04203,2798.03218,1.02967,2798.03218,1.03921
2796.10383,1.04179,2796.10383,1.02971,2796.10383,1.03921
2794.17548,1.04145,2794.17548,1.02981,2794.17548,1.03918
2792.24713,1.04106,2792.24713,1.02990,2792.24713,1.03914
2790.31879,1.04059,2790.31879,1.02998,2790.31879,1.03911
2788.39044,1.03997,2788.39044,1.03009,2788.39044,1.03911
2786.46209,1.03917,2786.46209,1.03027,2786.46209,1.03914
2784.53374,1.03841,2784.53374,1.03055,2784.53374,1.03914
2782.60540,1.03795,2782.60540,1.03082,2782.60540,1.03916
2780.67705,1.03784,2780.67705,1.03097,2780.67705,1.03925
2778.74870,1.03799,2778.74870,1.03102,2778.74870,1.03930
2776.82035,1.03830,2776.82035,1.03108,2776.82035,1.03920
2774.89201,1.03871,2774.89201,1.03125,2774.89201,1.03910
2772.96366,1.03913,2772.96366,1.03152,2772.96366,1.03909
2771.03531,1.03952,2771.03531,1.03176,2771.03531,1.03908
2769.10696,1.03991,2769.10696,1.03187,2769.10696,1.03907
2767.17862,1.04032,2767.17862,1.03190,2767.17862,1.03919
2765.25027,1.04071,2765.25027,1.03194,2765.25027,1.03935
2763.32192,1.04101,2763.32192,1.03203,2763.32192,1.03943
2761.39357,1.04120,2761.39357,1.03214,2761.39357,1.03941
2759.46523,1.04127,2759.46523,1.03220,2759.46523,1.03935
2757.53688,1.04133,2757.53688,1.03218,2757.53688,1.03935
2755.60853,1.04137,2755.60853,1.03214,2755.60853,1.03940
2753.68018,1.04143,2753.68018,1.03218,2753.68018,1.03949
2751.75184,1.04152,2751.75184,1.03224,2751.75184,1.03957
2749.82349,1.04161,2749.82349,1.03223,2749.82349,1.03962
2747.89514,1.04166,2747.89514,1.03226,2747.89514,1.03970
2745.96679,1.04165,2745.96679,1.03241,2745.96679,1.03980
2744.03845,1.04159,2744.03845,1.03259,2744.03845,1.03976
2742.11010,1.04155,2742.11010,1.03269,2742.11010,1.03960
2740.18175,1.04162,2740.18175,1.03265,2740.18175,1.03948
2738.25341,1.04177,2738.25341,1.03255,2738.25341,1.03950
2736.32506,1.04183,2736.32506,1.03256,2736.32506,1.03957
2734.39671,1.04179,2734.39671,1.03262,2734.39671,1.03963
2732.46836,1.04181,2732.46836,1.03263,2732.46836,1.03970
2730.54002,1.04196,2730.54002,1.03265,2730.54002,1.03975
2728.61167,1.04215,2728.61167,1.03273,2728.61167,1.03978
2726.68332,1.04234,2726.68332,1.03283,2726.68332,1.03980
2724.75497,1.04243,2724.75497,1.03288,2724.75497,1.03980
2722.82663,1.04239,2722.82663,1.03282,2722.82663,1.03983
2720.89828,1.04235,2720.89828,1.03276,2720.89828,1.03987
2718.96993,1.04244,2718.96993,1.03275,2718.96993,1.03990
2717.04158,1.04263,2717.04158,1.03278,2717.04158,1.03996
2715.11324,1.04275,2715.11324,1.03287,2715.11324,1.03996
2713.18489,1.04274,2713.18489,1.03298,2713.18489,1.03986
2711.25654,1.04278,2711.25654,1.03302,2711.25654,1.03981
2709.32819,1.04290,2709.32819,1.03300,2709.32819,1.03986
2707.39985,1.04301,2707.39985,1.03301,2707.39985,1.03989
2705.47150,1.04307,2705.47150,1.03303,2705.47150,1.03989
2703.54315,1.04318,2703.54315,1.03302,2703.54315,1.03992
2701.61480,1.04334,2701.61480,1.03302,2701.61480,1.03994
2699.68646,1.04349,2699.68646,1.03305,2699.68646,1.03995
2697.75811,1.04360,2697.75811,1.03304,2697.75811,1.03995
2695.82976,1.04369,2695.82976,1.03293,2695.82976,1.03990
2693.90141,1.04378,2693.90141,1.03280,2693.90141,1.03982
2691.97307,1.04386,2691.97307,1.03282,2691.97307,1.03976
2690.04472,1.04389,2690.04472,1.03295,2690.04472,1.03975
2688.11637,1.04389,2688.11637,1.03304,2688.11637,1.03976
2686.18802,1.04390,2686.18802,1.03313,2686.18802,1.03975
2684.25968,1.04392,2684.25968,1.03325,2684.25968,1.03969
2682.33133,1.04396,2682.33133,1.03328,2682.33133,1.03964
2680.40298,1.04401,2680.40298,1.03321,2680.40298,1.03968
2678.47463,1.04397,2678.47463,1.03324,2678.47463,1.03973
2676.54629,1.04387,2676.54629,1.03335,2676.54629,1.03974
2674.61794,1.04385,2674.61794,1.03336,2674.61794,1.03978
2672.68959,1.04386,2672.68959,1.03328,2672.68959,1.03984
2670.76124,1.04376,2670.76124,1.03324,2670.76124,1.03982
2668.83290,1.04362,2668.83290,1.03322,2668.83290,1.03974
2666.90455,1.04363,2666.90455,1.03316,2666.90455,1.03974
2664.97620,1.04371,2664.97620,1.03309,2664.97620,1.03977
2663.04785,1.04375,2663.04785,1.03309,2663.04785,1.03972
2661.11951,1.04380,2661.11951,1.03312,2661.11951,1.03961
2659.19116,1.04388,2659.19116,1.03311,2659.19116,1.03955
2657.26281,1.04394,2657.26281,1.03310,2657.26281,1.03956
2655.33446,1.04402,2655.33446,1.03316,2655.33446,1.03962
2653.40612,1.04419,2653.40612,1.03327,2653.40612,1.03968
2651.47777,1.04438,2651.47777,1.03337,2651.47777,1.03966
2649.54942,1.04449,2649.54942,1.03340,2649.54942,1.03953
2647.62107,1.04453,2647.62107,1.03340,2647.62107,1.03947
2645.69273,1.04458,2645.69273,1.03345,2645.69273,1.03949
2643.76438,1.04456,2643.76438,1.03349,2643.76438,1.03949
2641.83603,1.04447,2641.83603,1.03352,2641.83603,1.03946
2639.90768,1.04455,2639.90768,1.03364,2639.90768,1.03953
2637.97934,1.04481,2637.97934,1.03382,2637.97934,1.03966
2636.05099,1.04492,2636.05099,1.03389,2636.05099,1.03969
2634.12264,1.04480,2634.12264,1.03386,2634.12264,1.03961
2632.19429,1.04457,2632.19429,1.03389,2632.19429,1.03952
2630.26595,1.04445,2630.26595,1.03400,2630.26595,1.03950
2628.33760,1.04449,2628.33760,1.03409,2628.33760,1.03952
2626.40925,1.04450,2626.40925,1.03412,2626.40925,1.03946
2624.48090,1.04437,2624.48090,1.03408,2624.48090,1.03938
2622.55256,1.04425,2622.55256,1.03398,2622.55256,1.03940
2620.62421,1.04426,2620.62421,1.03400,2620.62421,1.03951
2618.69586,1.04435,2618.69586,1.03415,2618.69586,1.03956
2616.76751,1.04437,2616.76751,1.03427,2616.76751,1.03953
2614.83917,1.04425,2614.83917,1.03434,2614.83917,1.03943
2612.91082,1.04409,2612.91082,1.03440,2612.91082,1.03931
2610.98247,1.04396,2610.98247,1.03447,2610.98247,1.03924
2609.05412,1.04380,2609.05412,1.03454,2609.05412,1.03924
2607.12578,1.04360,2607.12578,1.03452,2607.12578,1.03929
2605.19743,1.04344,2605.19743,1.03445,2605.19743,1.03931
2603.26908,1.04335,2603.26908,1.03441,2603.26908,1.03931
2601.34073,1.04331,2601.34073,1.03441,2601.34073,1.03932
2599.41239,1.04318,2599.41239,1.03439,2599.41239,1.03925
2597.48404,1.04293,2597.48404,1.03441,2597.48404,1.03907
2595.55569,1.04268,2595.55569,1.03450,2595.55569,1.03896
2593.62734,1.04247,2593.62734,1.03457,2593.62734,1.03900
2591.69900,1.04224,2591.69900,1.03458,2591.69900,1.03910
2589.77065,1.04197,2589.77065,1.03456,2589.77065,1.03919
2587.84230,1.04173,2587.84230,1.03458,2587.84230,1.03923
2585.91396,1.04160,2585.91396,1.03466,2585.91396,1.03925
2583.98561,1.04161,2583.98561,1.03475,2583.98561,1.03924
2582.05726,1.04166,2582.05726,1.03477,2582.05726,1.03920
2580.12891,1.04176,2580.12891,1.03472,2580.12891,1.03918
2578.20057,1.04197,2578.20057,1.03469,2578.20057,1.03926
2576.27222,1.04222,2576.27222,1.03468,2576.27222,1.03934
2574.34387,1.04241,2574.34387,1.03464,2574.34387,1.03931
2572.41552,1.04262,2572.41552,1.03462,2572.41552,1.03925
2570.48718,1.04288,2570.48718,1.03466,2570.48718,1.03924
2568.55883,1.04313,2568.55883,1.03470,2568.55883,1.03926
2566.63048,1.04333,2566.63048,1.03471,2566.63048,1.03928
2564.70213,1.04352,2564.70213,1.03469,2564.70213,1.03929
2562.77379,1.04369,2562.77379,1.03464,2562.77379,1.03932
2560.84544,1.04379,2560.84544,1.03464,2560.84544,1.03934
2558.91709,1.04384,2558.91709,1.03475,2558.91709,1.03930
2556.98874,1.04383,2556.98874,1.03484,2556.98874,1.03921
2555.06040,1.04382,2555.06040,1.03482,2555.06040,1.03916
2553.13205,1.04381,2553.13205,1.03478,2553.13205,1.03915
2551.20370,1.04378,2551.20370,1.03480,2551.20370,1.03915
2549.27535,1.04372,2549.27535,1.03483,2549.27535,1.03918
2547.34701,1.04365,2547.34701,1.03485,2547.34701,1.03922
2545.41866,1.04357,2545.41866,1.03486,2545.41866,1.03919
2543.49031,1.04345,2543.49031,1.03489,2543.49031,1.03911
2541.56196,1.04333,2541.56196,1.03490,2541.56196,1.03908
2539.63362,1.04325,2539.63362,1.03482,2539.63362,1.03905
2537.70527,1.04317,2537.70527,1.03464,2537.70527,1.03901
2535.77692,1.04303,2535.77692,1.03448,2535.77692,1.03902
2533.84857,1.04279,2533.84857,1.03444,2533.84857,1.03908
2531.92023,1.04258,2531.92023,1.03450,2531.92023,1.03913
2529.99188,1.04240,2529.99188,1.03453,2529.99188,1.03919
2528.06353,1.04213,2528.06353,1.03443,2528.06353,1.03928
2526.13518,1.04175,2526.13518,1.03432,2526.13518,1.03930
2524.20684,1.04135,2524.20684,1.03427,2524.20684,1.03927
2522.27849,1.04096,2522.27849,1.03426,2522.27849,1.03929
2520.35014,1.04056,2520.35014,1.03427,2520.35014,1.03940
2518.42179,1.04020,2518.42179,1.03426,2518.42179,1.03947
2516.49345,1.03985,2516.49345,1.03415,2516.49345,1.03942
2514.56510,1.03951,2514.56510,1.03408,2514.56510,1.03938
2512.63675,1.03926,2512.63675,1.03411,2512.63675,1.03948
2510.70840,1.03908,2510.70840,1.03416,2510.70840,1.03957
2508.78006,1.03894,2508.78006,1.03413,2508.78006,1.03958
2506.85171,1.03886,2506.85171,1.03400,2506.85171,1.03959
2504.92336,1.03886,2504.92336,1.03383,2504.92336,1.03958
2502.99501,1.03883,2502.99501,1.03375,2502.99501,1.03950
2501.06667,1.03881,2501.06667,1.03376,2501.06667,1.03946
2499.13832,1.03884,2499.13832,1.03379,2499.13832,1.03949
2497.20997,1.03884,2497.20997,1.03382,2497.20997,1.03944
2495.28162,1.03880,2495.28162,1.03389,2495.28162,1.03933
2493.35328,1.03880,2493.35328,1.03400,2493.35328,1.03934
2491.42493,1.03884,2491.42493,1.03413,2491.42493,1.03945
2489.49658,1.03887,2489.49658,1.03425,2489.49658,1.03952
2487.56823,1.03890,2487.56823,1.03432,2487.56823,1.03949
2485.63989,1.03893,2485.63989,1.03434,2485.63989,1.03942
2483.71154,1.03899,2483.71154,1.03435,2483.71154,1.03942
2481.78319,1.03912,2481.78319,1.03440,2481.78319,1.03950
2479.85484,1.03928,2479.85484,1.03444,2479.85484,1.03956
2477.92650,1.03938,2477.92650,1.03448,2477.92650,1.03953
2475.99815,1.03946,2475.99815,1.03456,2475.99815,1.03946
2474.06980,1.03951,2474.06980,1.03465,2474.06980,1.03944
2472.14145,1.03960,2472.14145,1.03463,2472.14145,1.03951
2470.21311,1.03981,2470.21311,1.03457,2470.21311,1.03958
2468.28476,1.04005,2468.28476,1.03455,2468.28476,1.03960
2466.35641,1.04015,2466.35641,1.03456,2466.35641,1.03959
2464.42806,1.04016,2464.42806,1.03459,2464.42806,1.03956
2462.49972,1.04017,2462.49972,1.03462,2462.49972,1.03947
2460.57137,1.04016,2460.57137,1.03463,2460.57137,1.03935
2458.64302,1.04013,2458.64302,1.03462,2458.64302,1.03930
2456.71467,1.04004,2456.71467,1.03460,2456.71467,1.03934
2454.78633,1.03993,2454.78633,1.03458,2454.78633,1.03935
2452.85798,1.03989,2452.85798,1.03459,2452.85798,1.03935
2450.92963,1.03987,2450.92963,1.03460,2450.92963,1.03941
2449.00128,1.03976,2449.00128,1.03460,2449.00128,1.03946
2447.07294,1.03966,2447.07294,1.03456,2447.07294,1.03945
2445.14459,1.03963,2445.14459,1.03447,2445.14459,1.03945
2443.21624,1.03961,2443.21624,1.03442,2443.21624,1.03944
2441.28789,1.03961,2441.28789,1.03443,2441.28789,1.03932
2439.35955,1.03972,2439.35955,1.03441,2439.35955,1.03920
2437.43120,1.03996,2437.43120,1.03436,2437.43120,1.03926
2435.50285,1.04020,2435.50285,1.03435,2435.50285,1.03943
2433.57451,1.04042,2433.57451,1.03437,2433.57451,1.03951
2431.64616,1.04068,2431.64616,1.03442,2431.64616,1.03944
2429.71781,1.04094,2429.71781,1.03448,2429.71781,1.03929
2427.78946,1.04119,2427.78946,1.03447,2427.78946,1.03917
2425.86112,1.04144,2425.86112,1.03438,2425.86112,1.03911
2423.93277,1.04164,2423.93277,1.03430,2423.93277,1.03910
2422.00442,1.04180,2422.00442,1.03425,2422.00442,1.03911
2420.07607,1.04198,2420.07607,1.03421,2420.07607,1.03913
2418.14773,1.04215,2418.14773,1.03422,2418.14773,1.03918
2416.21938,1.04219,2416.21938,1.03421,2416.21938,1.03922
2414.29103,1.04209,2414.29103,1.03413,2414.29103,1.03918
2412.36268,1.04198,2412.36268,1.03409,2412.36268,1.03908
2410.43434,1.04189,2410.43434,1.03417,2410.43434,1.03905
2408.50599,1.04177,2408.50599,1.03429,2408.50599,1.03909
2406.57764,1.04166,2406.57764,1.03436,2406.57764,1.03913
2404.64929,1.04159,2404.64929,1.03435,2404.64929,1.03912
2402.72095,1.04154,2402.72095,1.03428,2402.72095,1.03910
2400.79260,1.04150,2400.79260,1.03417,2400.79260,1.03904
2398.86425,1.04166,2398.86425,1.03403,2398.86425,1.03905
2396.93590,1.04175,2396.93590,1.03394,2396.93590,1.03905
2395.00756,1.04180,2395.00756,1.03391,2395.00756,1.03901
2393.07921,1.04190,2393.07921,1.03390,2393.07921,1.03896
2391.15086,1.04207,2391.15086,1.03390,2391.15086,1.03895
2389.22251,1.04223,2389.22251,1.03381,2389.22251,1.03899
2387.29417,1.04232,2387.29417,1.03360,2387.29417,1.03897
2385.36582,1.04234,2385.36582,1.03339,2385.36582,1.03889
2383.43747,1.04230,2383.43747,1.03334,2383.43747,1.03880
2381.50912,1.04226,2381.50912,1.03362,2381.50912,1.03876
2379.58078,1.04233,2379.58078,1.03436,2379.58078,1.03885
2377.65243,1.04248,2377.65243,1.03539,2377.65243,1.03904
2375.72408,1.04243,2375.72408,1.03607,2375.72408,1.03903
2373.79573,1.04211,2373.79573,1.03607,2373.79573,1.03883
2371.86739,1.04181,2371.86739,1.03560,2371.86739,1.03880
2369.93904,1.04171,2369.93904,1.03521,2369.93904,1.03905
2368.01069,1.04191,2368.01069,1.03521,2368.01069,1.03944
2366.08234,1.04243,2366.08234,1.03566,2366.08234,1.03984
2364.15400,1.04302,2364.15400,1.03615,2364.15400,1.04006
2362.22565,1.04350,2362.22565,1.03644,2362.22565,1.04016
2360.29730,1.04380,2360.29730,1.03641,2360.29730,1.04012
2358.36895,1.04379,2358.36895,1.03598,2358.36895,1.03974
2356.44061,1.04370,2356.44061,1.03555,2356.44061,1.03922
2354.51226,1.04405,2354.51226,1.03565,2354.51226,1.03914
2352.58391,1.04532,2352.58391,1.03661,2352.58391,1.04000
2350.65556,1.04712,2350.65556,1.03826,2350.65556,1.04138
2348.72722,1.04766,2348.72722,1.03877,2348.72722,1.04164
2346.79887,1.04644,2346.79887,1.03734,2346.79887,1.04038
2344.87052,1.04535,2344.87052,1.03594,2344.87052,1.03941
2342.94217,1.04548,2342.94217,1.03603,2342.94217,1.03959
2341.01383,1.04602,2341.01383,1.03684,2341.01383,1.04007
2339.08548,1.04637,2339.08548,1.03754,2339.08548,1.04038
2337.15713,1.04643,2337.15713,1.03771,2337.15713,1.04048
2335.22878,1.04631,2335.22878,1.03742,2335.22878,1.04039
2333.30044,1.04614,2333.30044,1.03690,2333.30044,1.04019
2331.37209,1.04593,2331.37209,1.03640,2331.37209,1.04002
2329.44374,1.04581,2329.44374,1.03621,2329.44374,1.04003
2327.51539,1.04585,2327.51539,1.03623,2327.51539,1.04011
2325.58705,1.04585,2325.58705,1.03598,2325.58705,1.04007
2323.65870,1.04571,2323.65870,1.03522,2323.65870,1.03986
2321.73035,1.04552,2321.73035,1.03431,2321.73035,1.03958
2319.80200,1.04556,2319.80200,1.03391,2319.80200,1.03941
2317.87366,1.04588,2317.87366,1.03415,2317.87366,1.03947
2315.94531,1.04622,2315.94531,1.03439,2315.94531,1.03958
2314.01696,1.04639,2314.01696,1.03425,2314.01696,1.03959
2312.08861,1.04646,2312.08861,1.03387,2312.08861,1.03957
2310.16027,1.04645,2310.16027,1.03354,2310.16027,1.03951
2308.23192,1.04637,2308.23192,1.03327,2308.23192,1.03942
2306.30357,1.04626,2306.30357,1.03305,2306.30357,1.03937
2304.37522,1.04620,2304.37522,1.03292,2304.37522,1.03941
2302.44688,1.04616,2302.44688,1.03283,2302.44688,1.03944
2300.51853,1.04612,2300.51853,1.03281,2300.51853,1.03942
2298.59018,1.04608,2298.59018,1.03294,2298.59018,1.03935
2296.66183,1.04596,2296.66183,1.03314,2296.66183,1.03924
2294.73349,1.04579,2294.73349,1.03334,2294.73349,1.03918
2292.80514,1.04572,2292.80514,1.03355,2292.80514,1.03928
2290.87679,1.04574,2290.87679,1.03375,2290.87679,1.03945
2288.94844,1.04570,2288.94844,1.03386,2288.94844,1.03948
2287.02010,1.04561,2287.02010,1.03393,2287.02010,1.03941
2285.09175,1.04560,2285.09175,1.03404,2285.09175,1.03936
2283.16340,1.04567,2283.16340,1.03418,2283.16340,1.03941
2281.23506,1.04574,2281.23506,1.03427,2281.23506,1.03949
2279.30671,1.04578,2279.30671,1.03426,2279.30671,1.03954
2277.37836,1.04584,2277.37836,1.03417,2277.37836,1.03956
2275.45001,1.04599,2275.45001,1.03408,2275.45001,1.03957
2273.52167,1.04621,2273.52167,1.03399,2273.52167,1.03958
2271.59332,1.04636,2271.59332,1.03387,2271.59332,1.03958
2269.66497,1.04640,2269.66497,1.03379,2269.66497,1.03954
2267.73662,1.04644,2267.73662,1.03376,2267.73662,1.03950
2265.80828,1.04660,2265.80828,1.03380,2265.80828,1.03951
2263.87993,1.04686,2263.87993,1.03389,2263.87993,1.03954
2261.95158,1.04714,2261.95158,1.03394,2261.95158,1.03953
2260.02323,1.04739,2260.02323,1.03395,2260.02323,1.03954
2258.09489,1.04758,2258.09489,1.03395,2258.09489,1.03961
2256.16654,1.04771,2256.16654,1.03395,2256.16654,1.03971
2254.23819,1.04779,2254.23819,1.03392,2254.23819,1.03972
2252.30984,1.04783,2252.30984,1.03381,2252.30984,1.03965
2250.38150,1.04799,2250.38150,1.03399,2250.38150,1.03961
2248.45315,1.04838,2248.45315,1.03493,2248.45315,1.03969
2246.52480,1.04820,2246.52480,1.03463,2246.52480,1.03964
2244.59645,1.04804,2244.59645,1.03436,2244.59645,1.03969
2242.66811,1.04802,2242.66811,1.03417,2242.66811,1.03980
2240.73976,1.04801,2240.73976,1.03402,2240.73976,1.03981
2238.81141,1.04796,2238.81141,1.03385,2238.81141,1.03973
2236.88306,1.04791,2236.88306,1.03377,2236.88306,1.03963
2234.95472,1.04792,2234.95472,1.03379,2234.95472,1.03959
2233.02637,1.04794,2233.02637,1.03381,2233.02637,1.03960
2231.09802,1.04786,2231.09802,1.03371,2231.09802,1.03963
2229.16967,1.04774,2229.16967,1.03359,2229.16967,1.03964
2227.24133,1.04771,2227.24133,1.03353,2227.24133,1.03963
2225.31298,1.04772,2225.31298,1.03349,2225.31298,1.03958
2223.38463,1.04766,2223.38463,1.03345,2223.38463,1.03950
2221.45628,1.04755,2221.45628,1.03347,2221.45628,1.03947
2219.52794,1.04747,2219.52794,1.03351,2219.52794,1.03949
2217.59959,1.04739,2217.59959,1.03351,2217.59959,1.03949
2215.67124,1.04730,2215.67124,1.03343,2215.67124,1.03950
2213.74289,1.04725,2213.74289,1.03334,2213.74289,1.03952
2211.81455,1.04721,2211.81455,1.03333,2211.81455,1.03948
2209.88620,1.04716,2209.88620,1.03340,2209.88620,1.03939
2207.95785,1.04719,2207.95785,1.03340,2207.95785,1.03934
2206.02950,1.04735,2206.02950,1.03333,2206.02950,1.03935
2204.10116,1.04760,2204.10116,1.03324,2204.10116,1.03936
2202.17281,1.04787,2202.17281,1.03319,2202.17281,1.03935
2200.24446,1.04811,2200.24446,1.03320,2200.24446,1.03933
2198.31611,1.04824,2198.31611,1.03320,2198.31611,1.03930
2196.38777,1.04830,2196.38777,1.03314,2196.38777,1.03928
2194.45942,1.04840,2194.45942,1.03308,2194.45942,1.03931
2192.53107,1.04854,2192.53107,1.03306,2192.53107,1.03934
2190.60272,1.04868,2190.60272,1.03304,2190.60272,1.03930
2188.67438,1.04878,2188.67438,1.03295,2188.67438,1.03925
2186.74603,1.04885,2186.74603,1.03284,2186.74603,1.03923
2184.81768,1.04897,2184.81768,1.03276,2184.81768,1.03921
2182.88933,1.04918,2182.88933,1.03272,2182.88933,1.03921
2180.96099,1.04943,2180.96099,1.03268,2180.96099,1.03923
2179.03264,1.04965,2179.03264,1.03260,2179.03264,1.03924
2177.10429,1.04988,2177.10429,1.03248,2177.10429,1.03921
2175.17594,1.05008,2175.17594,1.03241,2175.17594,1.03916
2173.24760,1.05025,2173.24760,1.03240,2173.24760,1.03916
2171.31925,1.05040,2171.31925,1.03235,2171.31925,1.03922
2169.39090,1.05055,2169.39090,1.03226,2169.39090,1.03923
2167.46255,1.05071,2167.46255,1.03221,2167.46255,1.03917
2165.53421,1.05090,2165.53421,1.03215,2165.53421,1.03910
2163.60586,1.05108,2163.60586,1.03206,2163.60586,1.03910
2161.67751,1.05116,2161.67751,1.03199,2161.67751,1.03909
2159.74916,1.05111,2159.74916,1.03192,2159.74916,1.03903
2157.82082,1.05105,2157.82082,1.03186,2157.82082,1.03898
2155.89247,1.05107,2155.89247,1.03183,2155.89247,1.03902
2153.96412,1.05115,2153.96412,1.03180,2153.96412,1.03911
2152.03577,1.05124,2152.03577,1.03178,2152.03577,1.03913
2150.10743,1.05129,2150.10743,1.03175,2150.10743,1.03904
2148.17908,1.05129,2148.17908,1.03177,2148.17908,1.03895
2146.25073,1.05127,2146.25073,1.03184,2146.25073,1.03895
2144.32238,1.05122,2144.32238,1.03193,2144.32238,1.03895
2142.39404,1.05113,2142.39404,1.03200,2142.39404,1.03890
2140.46569,1.05103,2140.46569,1.03205,2140.46569,1.03884
2138.53734,1.05096,2138.53734,1.03213,2138.53734,1.03884
2136.60899,1.05091,2136.60899,1.03223,2136.60899,1.03885
2134.68065,1.05084,2134.68065,1.03229,2134.68065,1.03885
2132.75230,1.05070,2132.75230,1.03226,2132.75230,1.03883
2130.82395,1.05059,2130.82395,1.03221,2130.82395,1.03881
2128.89561,1.05056,2128.89561,1.03226,2128.89561,1.03875
2126.96726,1.05055,2126.96726,1.03234,2126.96726,1.03868
2125.03891,1.05051,2125.03891,1.03235,2125.03891,1.03869
2123.11056,1.05042,2123.11056,1.03234,2123.11056,1.03877
2121.18222,1.05036,2121.18222,1.03241,2121.18222,1.03885
2119.25387,1.05036,2119.25387,1.03251,2119.25387,1.03886
2117.32552,1.05042,2117.32552,1.03253,2117.32552,1.03883
2115.39717,1.05046,2115.39717,1.03244,2115.39717,1.03876
2113.46883,1.05040,2113.46883,1.03234,2113.46883,1.03863
2111.54048,1.05027,2111.54048,1.03230,2111.54048,1.03851
2109.61213,1.05022,2109.61213,1.03236,2109.61213,1.03848
2107.68378,1.05025,2107.68378,1.03244,2107.68378,1.03856
2105.75544,1.05029,2105.75544,1.03241,2105.75544,1.03862
2103.82709,1.05029,2103.82709,1.03238,2103.82709,1.03856
2101.89874,1.05030,2101.89874,1.03238,2101.89874,1.03846
2099.97039,1.05032,2099.97039,1.03248,2099.97039,1.03842
2098.04205,1.05027,2098.04205,1.03253,2098.04205,1.03841
2096.11370,1.05016,2096.11370,1.03251,2096.11370,1.03837
2094.18535,1.05006,2094.18535,1.03243,2094.18535,1.03833
2092.25700,1.04996,2092.25700,1.03238,2092.25700,1.03831
2090.32866,1.04988,2090.32866,1.03242,2090.32866,1.03830
2088.40031,1.04983,2088.40031,1.03247,2088.40031,1.03832
2086.47196,1.04975,2086.47196,1.03246,2086.47196,1.03832
2084.54361,1.04969,2084.54361,1.03235,2084.54361,1.03827
2082.61527,1.04974,2082.61527,1.03221,2082.61527,1.03825
2080.68692,1.04988,2080.68692,1.03217,2080.68692,1.03830
2078.75857,1.05008,2078.75857,1.03228,2078.75857,1.03831
2076.83022,1.05032,2076.83022,1.03235,2076.83022,1.03822
2074.90188,1.05057,2074.90188,1.03229,2074.90188,1.03812
2072.97353,1.05071,2072.97353,1.03219,2072.97353,1.03805
2071.04518,1.05075,2071.04518,1.03212,2071.04518,1.03798
2069.11683,1.05077,2069.11683,1.03204,2069.11683,1.03793
2067.18849,1.05068,2067.18849,1.03198,2067.18849,1.03788
2065.26014,1.05049,2065.26014,1.03201,2065.26014,1.03783
2063.33179,1.05046,2063.33179,1.03201,2063.33179,1.03782
2061.40344,1.05042,2061.40344,1.03195,2061.40344,1.03783
2059.47510,1.05021,2059.47510,1.03191,2059.47510,1.03780
2057.54675,1.05000,2057.54675,1.03186,2057.54675,1.03776
2055.61840,1.04984,2055.61840,1.03181,2055.61840,1.03773
2053.69005,1.04971,2053.69005,1.03178,2053.69005,1.03774
2051.76171,1.04955,2051.76171,1.03176,2051.76171,1.03773
2049.83336,1.04933,2049.83336,1.03176,2049.83336,1.03772
2047.90501,1.04915,2047.90501,1.03178,2047.90501,1.03769
2045.97666,1.04911,2045.97666,1.03185,2045.97666,1.03765
2044.04832,1.04910,2044.04832,1.03194,2044.04832,1.03763
2042.11997,1.04907,2042.11997,1.03204,2042.11997,1.03764
2040.19162,1.04923,2040.19162,1.03213,2040.19162,1.03767
2038.26327,1.04949,2038.26327,1.03223,2038.26327,1.03773
2036.33493,1.04960,2036.33493,1.03231,2036.33493,1.03780
2034.40658,1.04961,2034.40658,1.03231,2034.40658,1.03785
2032.47823,1.04954,2032.47823,1.03232,2032.47823,1.03789
2030.54988,1.04933,2030.54988,1.03236,2030.54988,1.03790
2028.62154,1.04900,2028.62154,1.03239,2028.62154,1.03788
2026.69319,1.04866,2026.69319,1.03234,2026.69319,1.03788
2024.76484,1.04837,2024.76484,1.03226,2024.76484,1.03795
2022.83649,1.04806,2022.83649,1.03219,2022.83649,1.03806
2020.90815,1.04770,2020.90815,1.03209,2020.90815,1.03810
2018.97980,1.04717,2018.97980,1.03207,2018.97980,1.03810
2017.05145,1.04683,2017.05145,1.03208,2017.05145,1.03816
2015.12310,1.04700,2015.12310,1.03191,2015.12310,1.03825
2013.19476,1.04723,2013.19476,1.03178,2013.19476,1.03824
2011.26641,1.04731,2011.26641,1.03179,2011.26641,1.03813
2009.33806,1.04751,2009.33806,1.03181,2009.33806,1.03804
2007.40971,1.04780,2007.40971,1.03171,2007.40971,1.03797
2005.48137,1.04815,2005.48137,1.03152,2005.48137,1.03790
2003.55302,1.04863,2003.55302,1.03142,2003.55302,1.03783
2001.62467,1.04915,2001.62467,1.03147,2001.62467,1.03773
1999.69632,1.04958,1999.69632,1.03148,1999.69632,1.03763
1997.76798,1.04999,1997.76798,1.03132,1997.76798,1.03756
1995.83963,1.05043,1995.83963,1.03112,1995.83963,1.03755
1993.91128,1.05042,1993.91128,1.03123,1993.91128,1.03754
1991.98293,1.05026,1991.98293,1.03144,1991.98293,1.03742
1990.05459,1.05060,1990.05459,1.03127,1990.05459,1.03723
1988.12624,1.05085,1988.12624,1.03104,1988.12624,1.03712
1986.19789,1.05095,1986.19789,1.03094,1986.19789,1.03714
1984.26954,1.05111,1984.26954,1.03090,1984.26954,1.03720
1982.34120,1.05125,1982.34120,1.03092,1982.34120,1.03722
1980.41285,1.05138,1980.41285,1.03090,1980.41285,1.03720
1978.48450,1.05146,1978.48450,1.03082,1978.48450,1.03714
1976.55616,1.05149,1976.55616,1.03068,1976.55616,1.03710
1974.62781,1.05146,1974.62781,1.03052,1974.62781,1.03711
1972.69946,1.05144,1972.69946,1.03035,1972.69946,1.03712
1970.77111,1.05136,1970.77111,1.03016,1970.77111,1.03705
1968.84277,1.05090,1968.84277,1.03008,1968.84277,1.03692
1966.91442,1.05042,1966.91442,1.02996,1966.91442,1.03680
1964.98607,1.05036,1964.98607,1.02963,1964.98607,1.03678
1963.05772,1.04994,1963.05772,1.02945,1963.05772,1.03682
1961.12938,1.04907,1961.12938,1.02942,1961.12938,1.03687
1959.20103,1.04817,1959.20103,1.02930,1959.20103,1.03692
1957.27268,1.04719,1957.27268,1.02912,1957.27268,1.03693
1955.34433,1.04612,1955.34433,1.02896,1955.34433,1.03695
1953.41599,1.04523,1953.41599,1.02879,1953.41599,1.03703
1951.48764,1.04457,1951.48764,1.02862,1951.48764,1.03716
1949.55929,1.04417,1949.55929,1.02843,1949.55929,1.03727
1947.63094,1.04404,1947.63094,1.02820,1947.63094,1.03733
1945.70260,1.04398,1945.70260,1.02803,1945.70260,1.03737
1943.77425,1.04359,1943.77425,1.02823,1943.77425,1.03741
1941.84590,1.04379,1941.84590,1.02836,1941.84590,1.03750
1939.91755,1.04476,1939.91755,1.02821,1939.91755,1.03761
1937.98921,1.04528,1937.98921,1.02842,1937.98921,1.03771
1936.06086,1.04556,1936.06086,1.02882,1936.06086,1.03780
1934.13251,1.04601,1934.13251,1.02909,1934.13251,1.03791
1932.20416,1.04646,1932.20416,1.02923,1932.20416,1.03803
1930.27582,1.04683,1930.27582,1.02929,1930.27582,1.03814
1928.34747,1.04715,1928.34747,1.02929,1928.34747,1.03819
1926.41912,1.04735,1926.41912,1.02929,1926.41912,1.03816
1924.49077,1.04699,1924.49077,1.02953,1924.49077,1.03809
1922.56243,1.04693,1922.56243,1.02957,1922.56243,1.03808
1920.63408,1.04715,1920.63408,1.02951,1920.63408,1.03815
1918.70573,1.04642,1918.70573,1.03012,1918.70573,1.03828
1916.77738,1.04629,1916.77738,1.03025,1916.77738,1.03838
1914.84904,1.04675,1914.84904,1.02988,1914.84904,1.03842
1912.92069,1.04631,1912.92069,1.02997,1912.92069,1.03842
1910.99234,1.04535,1910.99234,1.03026,1910.99234,1.03845
1909.06399,1.04461,1909.06399,1.03044,1909.06399,1.03846
1907.13565,1.04424,1907.13565,1.03042,1907.13565,1.03847
1905.20730,1.04377,1905.20730,1.03042,1905.20730,1.03851
1903.27895,1.04310,1903.27895,1.03045,1903.27895,1.03857
1901.35060,1.04246,1901.35060,1.03043,1901.35060,1.03860
1899.42226,1.04193,1899.42226,1.03040,1899.42226,1.03857
1897.49391,1.04135,1897.49391,1.03050,1897.49391,1.03856
1895.56556,1.04098,1895.56556,1.03064,1895.56556,1.03864
1893.63721,1.04131,1893.63721,1.03045,1893.63721,1.03876
1891.70887,1.04134,1891.70887,1.03047,1891.70887,1.03881
1889.78052,1.04097,1889.78052,1.03085,1889.78052,1.03886
1887.85217,1.04173,1887.85217,1.03071,1887.85217,1.03893
1885.92382,1.04256,1885.92382,1.03052,1885.92382,1.03892
1883.99548,1.04275,1883.99548,1.03061,1883.99548,1.03884
1882.06713,1.04305,1882.06713,1.03059,1882.06713,1.03876
1880.13878,1.04345,1880.13878,1.03058,1880.13878,1.03865
1878.21043,1.04391,1878.21043,1.03065,1878.21043,1.03854
1876.28209,1.04459,1876.28209,1.03066,1876.28209,1.03851
1874.35374,1.04558,1874.35374,1.03043,1874.35374,1.03855
1872.42539,1.04637,1872.42539,1.03019,1872.42539,1.03856
1870.49704,1.04594,1870.49704,1.03070,1870.49704,1.03851
1868.56870,1.04583,1868.56870,1.03111,1868.56870,1.03848
1866.64035,1.04731,1866.64035,1.03062,1866.64035,1.03843
1864.71200,1.04849,1864.71200,1.03032,1864.71200,1.03836
1862.78365,1.04859,1862.78365,1.03055,1862.78365,1.03829
1860.85531,1.04852,1860.85531,1.03074,1860.85531,1.03823
1858.92696,1.04861,1858.92696,1.03080,1858.92696,1.03812
1856.99861,1.04871,1856.99861,1.03082,1856.99861,1.03798
1855.07026,1.04870,1855.07026,1.03084,1855.07026,1.03784
1853.14192,1.04865,1853.14192,1.03084,1853.14192,1.03770
1851.21357,1.04861,1851.21357,1.03078,1851.21357,1.03755
1849.28522,1.04858,1849.28522,1.03055,1849.28522,1.03747
1847.35687,1.04826,1847.35687,1.03041,1847.35687,1.03748
1845.42853,1.04689,1845.42853,1.03128,1845.42853,1.03748
1843.50018,1.04628,1843.50018,1.03170,1843.50018,1.03741
1841.57183,1.04729,1841.57183,1.03077,1841.57183,1.03725
1839.64348,1.04720,1839.64348,1.03068,1839.64348,1.03706
1837.71514,1.04608,1837.71514,1.03119,1837.71514,1.03689
1835.78679,1.04549,1835.78679,1.03114,1835.78679,1.03675
1833.85844,1.04511,1833.85844,1.03069,1833.85844,1.03661
1831.93009,1.04370,1831.93009,1.03086,1831.93009,1.03651
1830.00175,1.04218,1830.00175,1.03125,1830.00175,1.03651
1828.07340,1.04204,1828.07340,1.03088,1828.07340,1.03652
1826.14505,1.04144,1826.14505,1.03100,1826.14505,1.03647
1824.21671,1.04064,1824.21671,1.03130,1824.21671,1.03637
1822.28836,1.04073,1822.28836,1.03097,1822.28836,1.03626
1820.36001,1.04063,1820.36001,1.03087,1820.36001,1.03611
1818.43166,1.04030,1818.43166,1.03104,1818.43166,1.03592
1816.50332,1.04039,1816.50332,1.03099,1816.50332,1.03571
1814.57497,1.04057,1814.57497,1.03073,1814.57497,1.03546
1812.64662,1.04002,1812.64662,1.03078,1812.64662,1.03522
1810.71827,1.03929,1810.71827,1.03094,1810.71827,1.03508
1808.78993,1.03904,1808.78993,1.03078,1808.78993,1.03503
1806.86158,1.03860,1806.86158,1.03047,1806.86158,1.03499
1804.93323,1.03733,1804.93323,1.03036,1804.93323,1.03493
1803.00488,1.03471,1803.00488,1.03078,1803.00488,1.03488
1801.07654,1.03071,1801.07654,1.03126,1801.07654,1.03480
1799.14819,1.02601,1799.14819,1.03093,1799.14819,1.03467
1797.21984,1.02030,1797.21984,1.03013,1797.21984,1.03444
1795.29149,1.01254,1795.29149,1.02997,1795.29149,1.03417
1793.36315,1.00303,1793.36315,1.03074,1793.36315,1.03395
1791.43480,0.99528,1791.43480,1.03083,1791.43480,1.03383
1789.50645,0.99045,1789.50645,1.02992,1789.50645,1.03373
1787.57810,0.98382,1787.57810,1.02978,1787.57810,1.03358
1785.64976,0.97113,1785.64976,1.03033,1785.64976,1.03333
1783.72141,0.95104,1783.72141,1.03029,1783.72141,1.03300
1781.79306,0.92422,1781.79306,1.02998,1781.79306,1.03267
1779.86471,0.89564,1779.86471,1.02975,1779.86471,1.03240
1777.93637,0.87331,1777.93637,1.02918,1777.93637,1.03212
1776.00802,0.86337,1776.00802,1.02886,1776.00802,1.03171
1774.07967,0.87017,1774.07967,1.02957,1774.07967,1.03121
1772.15132,0.89463,1772.15132,1.03015,1772.15132,1.03062
1770.22298,0.92602,1770.22298,1.02973,1770.22298,1.02980
1768.29463,0.94943,1768.29463,1.02951,1768.29463,1.02872
1766.36628,0.96240,1766.36628,1.02912,1766.36628,1.02750
1764.43793,0.96805,1764.43793,1.02901,1764.43793,1.02613
1762.50959,0.96963,1762.50959,1.02969,1762.50959,1.02433
1760.58124,0.97104,1760.58124,1.02963,1760.58124,1.02174
1758.65289,0.97171,1758.65289,1.02937,1758.65289,1.01816
1756.72454,0.97091,1756.72454,1.02931,1756.72454,1.01320
1754.79620,0.96951,1754.79620,1.02863,1754.79620,1.00640
1752.86785,0.96468,1752.86785,1.02875,1752.86785,0.99636
1750.93950,0.95483,1750.93950,1.02939,1750.93950,0.98037
1749.01115,0.94020,1749.01115,1.02899,1749.01115,0.95718
1747.08281,0.91874,1747.08281,1.02815,1747.08281,0.92820
1745.15446,0.88748,1745.15446,1.02762,1745.15446,0.89480
1743.22611,0.84551,1743.22611,1.02734,1743.22611,0.85771
1741.29776,0.79481,1741.29776,1.02728,1741.29776,0.81799
1739.36942,0.74232,1739.36942,1.02641,1739.36942,0.77860
1737.44107,0.69511,1737.44107,1.02513,1737.44107,0.74358
1735.51272,0.64784,1735.51272,1.02620,1735.51272,0.71028
1733.58437,0.59678,1733.58437,1.02720,1733.58437,0.67463
1731.65603,0.55040,1731.65603,1.02587,1731.65603,0.64298
1729.72768,0.50961,1729.72768,1.02542,1729.72768,0.61994
1727.79933,0.46900,1727.79933,1.02587,1727.79933,0.60428
1725.87098,0.42617,1725.87098,1.02615,1725.87098,0.59693
1723.94264,0.38160,1723.94264,1.02595,1723.94264,0.60011
1722.01429,0.33810,1722.01429,1.02512,1722.01429,0.61428
1720.08594,0.29669,1720.08594,1.02538,1720.08594,0.64065
1718.15759,0.25873,1718.15759,1.02686,1718.15759,0.68333
1716.22925,0.23400,1716.22925,1.02690,1716.22925,0.73843
1714.30090,0.23165,1714.30090,1.02583,1714.30090,0.79092
1712.37255,0.24991,1712.37255,1.02529,1712.37255,0.83365
1710.44420,0.28327,1710.44420,1.02533,1710.44420,0.86878
1708.51586,0.32682,1708.51586,1.02575,1708.51586,0.89884
1706.58751,0.37672,1706.58751,1.02621,1706.58751,0.92485
1704.65916,0.42671,1704.65916,1.02564,1704.65916,0.94582
1702.73081,0.46981,1702.73081,1.02578,1702.73081,0.96094
1700.80247,0.50975,1700.80247,1.02744,1700.80247,0.97261
1698.87412,0.55038,1698.87412,1.02696,1698.87412,0.98202
1696.94577,0.58529,1696.94577,1.02675,1696.94577,0.98831
1695.01742,0.61549,1695.01742,1.02706,1695.01742,0.99235
1693.08908,0.64227,1693.08908,1.02585,1693.08908,0.99510
1691.16073,0.66411,1691.16073,1.02547,1691.16073,0.99715
1689.23238,0.68414,1689.23238,1.02504,1689.23238,0.99903
1687.30403,0.70303,1687.30403,1.02480,1687.30403,1.00098
1685.37569,0.72168,1685.37569,1.02665,1685.37569,1.00352
1683.44734,0.74481,1683.44734,1.02698,1683.44734,1.00683
1681.51899,0.76770,1681.51899,1.02490,1681.51899,1.00985
1679.59064,0.78424,1679.59064,1.02401,1679.59064,1.01213
1677.66230,0.79683,1677.66230,1.02476,1677.66230,1.01413
1675.73395,0.80914,1675.73395,1.02579,1675.73395,1.01617
1673.80560,0.82260,1673.80560,1.02526,1673.80560,1.01804
1671.87726,0.83365,1671.87726,1.02509,1671.87726,1.01948
1669.94891,0.84219,1669.94891,1.02636,1669.94891,1.02068
1668.02056,0.85199,1668.02056,1.02615,1668.02056,1.02165
1666.09221,0.86070,1666.09221,1.02526,1666.09221,1.02232
1664.16387,0.86612,1664.16387,1.02608,1664.16387,1.02291
1662.23552,0.87169,1662.23552,1.02689,1662.23552,1.02352
1660.30717,0.87892,1660.30717,1.02607,1660.30717,1.02397
1658.37882,0.88519,1658.37882,1.02465,1658.37882,1.02410
1656.45048,0.88829,1656.45048,1.02456,1656.45048,1.02402
1654.52213,0.88916,1654.52213,1.02725,1654.52213,1.02412
1652.59378,0.89525,1652.59378,1.02777,1652.59378,1.02458
1650.66543,0.90559,1650.66543,1.02424,1650.66543,1.02492
1648.73709,0.91005,1648.73709,1.02442,1648.73709,1.02505
1646.80874,0.91238,1646.80874,1.02726,1646.80874,1.02514
1644.88039,0.91902,1644.88039,1.02722,1644.88039,1.02514
1642.95204,0.92591,1642.95204,1.02590,1642.95204,1.02499
1641.02370,0.93047,1641.02370,1.02545,1641.02370,1.02484
1639.09535,0.93329,1639.09535,1.02561,1639.09535,1.02480
1637.16700,0.93426,1637.16700,1.02703,1637.16700,1.02491
1635.23865,0.93646,1635.23865,1.02773,1635.23865,1.02512
1633.31031,0.94115,1633.31031,1.02598,1633.31031,1.02520
1631.38196,0.94341,1631.38196,1.02506,1631.38196,1.02519
1629.45361,0.94258,1629.45361,1.02586,1629.45361,1.02526
1627.52526,0.94179,1627.52526,1.02624,1627.52526,1.02544
1625.59692,0.94110,1625.59692,1.02620,1625.59692,1.02569
1623.66857,0.93983,1623.66857,1.02625,1623.66857,1.02601
1621.74022,0.94005,1621.74022,1.02507,1621.74022,1.02626
1619.81187,0.93988,1619.81187,1.02421,1619.81187,1.02635
1617.88353,0.93707,1617.88353,1.02551,1617.88353,1.02652
1615.95518,0.93600,1615.95518,1.02569,1615.95518,1.02696
1614.02683,0.93765,1614.02683,1.02404,1614.02683,1.02743
1612.09848,0.93777,1612.09848,1.02357,1612.09848,1.02774
1610.17014,0.93601,1610.17014,1.02396,1610.17014,1.02796
1608.24179,0.93330,1608.24179,1.02384,1608.24179,1.02814
1606.31344,0.92830,1606.31344,1.02329,1606.31344,1.02829
1604.38509,0.91936,1604.38509,1.02289,1604.38509,1.02841
1602.45675,0.90783,1602.45675,1.02268,1602.45675,1.02853
1600.52840,0.89788,1600.52840,1.02238,1600.52840,1.02866
1598.60005,0.89296,1598.60005,1.02208,1598.60005,1.02881
1596.67170,0.89420,1596.67170,1.02210,1596.67170,1.02899
1594.74336,0.90111,1594.74336,1.02245,1594.74336,1.02918
1592.81501,0.91201,1592.81501,1.02293,1592.81501,1.02940
1590.88666,0.92480,1590.88666,1.02346,1590.88666,1.02960
1588.95831,0.93829,1588.95831,1.02394,1588.95831,1.02977
1587.02997,0.95181,1587.02997,1.02434,1587.02997,1.02991
1585.10162,0.96454,1585.10162,1.02471,1585.10162,1.03007
1583.17327,0.97588,1583.17327,1.02490,1583.17327,1.03025
1581.24492,0.98547,1581.24492,1.02466,1581.24492,1.03041
1579.31658,0.99223,1579.31658,1.02487,1579.31658,1.03051
1577.38823,0.99621,1577.38823,1.02661,1577.38823,1.03061
1575.45988,1.00179,1575.45988,1.02701,1575.45988,1.03074
1573.53153,1.00868,1573.53153,1.02540,1573.53153,1.03079
1571.60319,1.01117,1571.60319,1.02585,1571.60319,1.03081
1569.67484,1.01133,1569.67484,1.02757,1569.67484,1.03089
1567.74649,1.01375,1567.74649,1.02751,1567.74649,1.03104
1565.81814,1.01610,1565.81814,1.02676,1565.81814,1.03113
1563.88980,1.01715,1563.88980,1.02574,1563.88980,1.03112
1561.96145,1.01452,1561.96145,1.02595,1561.96145,1.03103
1560.03310,1.00624,1560.03310,1.02878,1560.03310,1.03107
1558.10475,1.00161,1558.10475,1.02916,1558.10475,1.03129
1556.17641,1.00355,1556.17641,1.02690,1556.17641,1.03131
1554.24806,1.00498,1554.24806,1.02680,1554.24806,1.03123
1552.31971,1.00628,1552.31971,1.02752,1552.31971,1.03123
1550.39136,1.00832,1550.39136,1.02781,1550.39136,1.03128
1548.46302,1.01097,1548.46302,1.02739,1548.46302,1.03126
1546.53467,1.01241,1546.53467,1.02677,1546.53467,1.03108
1544.60632,1.01182,1544.60632,1.02654,1544.60632,1.03087
1542.67797,1.00979,1542.67797,1.02714,1542.67797,1.03083
1540.74963,1.00655,1540.74963,1.02874,1540.74963,1.03095
1538.82128,1.00678,1538.82128,1.02806,1538.82128,1.03110
1536.89293,1.00875,1536.89293,1.02594,1536.89293,1.03114
1534.96458,1.00551,1534.96458,1.02687,1534.96458,1.03112
1533.03624,1.00043,1533.03624,1.02830,1533.03624,1.03110
1531.10789,0.99788,1531.10789,1.02756,1531.10789,1.03100
1529.17954,0.99422,1529.17954,1.02708,1529.17954,1.03078
1527.25119,0.98833,1527.25119,1.02728,1527.25119,1.03058
1525.32285,0.98182,1525.32285,1.02694,1525.32285,1.03048
1523.39450,0.97144,1523.39450,1.02718,1523.39450,1.03038
1521.46615,0.95352,1521.46615,1.02782,1521.46615,1.03014
1519.53781,0.92662,1519.53781,1.02703,1519.53781,1.02971
1517.60946,0.88485,1517.60946,1.02669,1517.60946,1.02926
1515.68111,0.83091,1515.68111,1.02676,1515.68111,1.02899
1513.75276,0.77758,1513.75276,1.02617,1513.75276,1.02879
1511.82442,0.73184,1511.82442,1.02539,1511.82442,1.02853
1509.89607,0.68469,1509.89607,1.02547,1509.89607,1.02814
1507.96772,0.60832,1507.96772,1.02773,1507.96772,1.02735
1506.03937,0.49695,1506.03937,1.02858,1506.03937,1.02577
1504.11103,0.39458,1504.11103,1.02612,1504.11103,1.02358
1502.18268,0.32377,1502.18268,1.02492,1502.18268,1.02103
1500.25433,0.28419,1500.25433,1.02581,1500.25433,1.01743
1498.32598,0.28451,1498.32598,1.02671,1498.32598,1.01165
1496.39764,0.33200,1496.39764,1.02633,1496.39764,1.00331
1494.46929,0.41217,1494.46929,1.02462,1494.46929,0.99340
1492.54094,0.50043,1492.54094,1.02412,1492.54094,0.98239
1490.61259,0.58939,1490.61259,1.02523,1490.61259,0.96951
1488.68425,0.67433,1488.68425,1.02554,1488.68425,0.95615
1486.75590,0.74075,1486.75590,1.02483,1486.75590,0.94600
1484.82755,0.78543,1484.82755,1.02430,1484.82755,0.94058
1482.89920,0.81654,1482.89920,1.02449,1482.89920,0.93888
1480.97086,0.84081,1480.97086,1.02468,1480.97086,0.93934
1479.04251,0.85963,1479.04251,1.02447,1479.04251,0.94074
1477.11416,0.87233,1477.11416,1.02434,1477.11416,0.94256
1475.18581,0.87944,1475.18581,1.02458,1475.18581,0.94488
1473.25747,0.88213,1473.25747,1.02491,1473.25747,0.94779
1471.32912,0.88337,1471.32912,1.02369,1471.32912,0.95058
1469.40077,0.88384,1469.40077,1.02161,1469.40077,0.95198
1467.47242,0.88197,1467.47242,1.02116,1467.47242,0.95135
1465.54408,0.87988,1465.54408,1.02152,1465.54408,0.94857
1463.61573,0.88039,1463.61573,1.02024,1463.61573,0.94435
1461.68738,0.87933,1461.68738,1.01815,1461.68738,0.93981
1459.75903,0.86859,1459.75903,1.01819,1459.75903,0.93475
1457.83069,0.84820,1457.83069,1.01974,1457.83069,0.92769
1455.90234,0.83346,1455.90234,1.01875,1455.90234,0.91859
1453.97399,0.83773,1453.97399,1.01600,1453.97399,0.90958
1452.04564,0.85801,1452.04564,1.01496,1452.04564,0.90167
1450.11730,0.88564,1450.11730,1.01502,1450.11730,0.89538
1448.18895,0.91256,1448.18895,1.01496,1448.18895,0.89196
1446.26060,0.93389,1446.26060,1.01439,1446.26060,0.89203
1444.33225,0.94740,1444.33225,1.01404,1444.33225,0.89423
1442.40391,0.95459,1442.40391,1.01420,1442.40391,0.89594
1440.47556,0.95865,1440.47556,1.01463,1440.47556,0.89477
1438.54721,0.96135,1438.54721,1.01630,1438.54721,0.88987
1436.61886,0.96588,1436.61886,1.01798,1436.61886,0.88354
1434.69052,0.97304,1434.69052,1.01750,1434.69052,0.88141
1432.76217,0.97678,1432.76217,1.01708,1432.76217,0.88802
1430.83382,0.97532,1430.83382,1.01751,1430.83382,0.90401
1428.90547,0.97244,1428.90547,1.01699,1428.90547,0.92609
1426.97713,0.97012,1426.97713,1.01541,1426.97713,0.94844
1425.04878,0.96828,1425.04878,1.01346,1425.04878,0.96764
1423.12043,0.96744,1423.12043,1.01074,1423.12043,0.98277
1421.19208,0.96589,1421.19208,1.00817,1421.19208,0.99373
1419.26374,0.96366,1419.26374,1.00555,1419.26374,1.00151
1417.33539,0.96425,1417.33539,1.00158,1417.33539,1.00675
1415.40704,0.96620,1415.40704,0.99829,1415.40704,1.00963
1413.47869,0.96658,1413.47869,0.99703,1413.47869,1.01099
1411.55035,0.96497,1411.55035,0.99693,1411.55035,1.01139
1409.62200,0.96104,1409.62200,0.99733,1409.62200,1.01081
1407.69365,0.95346,1407.69365,0.99835,1407.69365,1.00914
1405.76530,0.94121,1405.76530,0.99989,1405.76530,1.00643
1403.83696,0.92503,1403.83696,1.00103,1403.83696,1.00304
1401.90861,0.90410,1401.90861,1.00207,1401.90861,0.99941
1399.98026,0.87579,1399.98026,1.00404,1399.98026,0.99563
1398.05191,0.84087,1398.05191,1.00630,1398.05191,0.99150
1396.12357,0.80119,1396.12357,1.00900,1396.12357,0.98672
1394.19522,0.75930,1394.19522,1.01180,1394.19522,0.98099
1392.26687,0.71958,1392.26687,1.01354,1392.26687,0.97477
1390.33852,0.68159,1390.33852,1.01529,1390.33852,0.96910
1388.41018,0.64113,1388.41018,1.01747,1388.41018,0.96505
1386.48183,0.59847,1386.48183,1.01853,1386.48183,0.96381
1384.55348,0.55752,1384.55348,1.01863,1384.55348,0.96586
1382.62513,0.51997,1382.62513,1.01926,1382.62513,0.97082
1380.69679,0.48719,1380.69679,1.02020,1380.69679,0.97781
1378.76844,0.46199,1378.76844,1.02084,1378.76844,0.98523
1376.84009,0.44657,1376.84009,1.02139,1376.84009,0.99119
1374.91174,0.44153,1374.91174,1.02211,1374.91174,0.99464
1372.98340,0.44612,1372.98340,1.02229,1372.98340,0.99584
1371.05505,0.45750,1371.05505,1.02209,1371.05505,0.99568
1369.12670,0.47265,1369.12670,1.02227,1369.12670,0.99512
1367.19836,0.49024,1367.19836,1.02232,1367.19836,0.99485
1365.27001,0.50974,1365.27001,1.02251,1365.27001,0.99523
1363.34166,0.53230,1363.34166,1.02318,1363.34166,0.99636
1361.41331,0.55899,1361.41331,1.02335,1361.41331,0.99806
1359.48497,0.58774,1359.48497,1.02309,1359.48497,0.99992
1357.55662,0.61688,1357.55662,1.02329,1357.55662,1.00172
1355.62827,0.64682,1355.62827,1.02380,1355.62827,1.00347
1353.69992,0.67719,1353.69992,1.02408,1353.69992,1.00502
1351.77158,0.70676,1351.77158,1.02407,1351.77158,1.00627
1349.84323,0.73497,1349.84323,1.02405,1349.84323,1.00729
1347.91488,0.76183,1347.91488,1.02410,1347.91488,1.00816
1345.98653,0.78695,1345.98653,1.02414,1345.98653,1.00888
1344.05819,0.80985,1344.05819,1.02404,1344.05819,1.00944
1342.12984,0.83024,1342.12984,1.02407,1342.12984,1.00986
1340.20149,0.84868,1340.20149,1.02433,1340.20149,1.01021
1338.27314,0.86597,1338.27314,1.02431,1338.27314,1.01053
1336.34480,0.88130,1336.34480,1.02405,1336.34480,1.01082
1334.41645,0.89384,1334.41645,1.02394,1334.41645,1.01100
1332.48810,0.90412,1332.48810,1.02390,1332.48810,1.01102
1330.55975,0.91272,1330.55975,1.02378,1330.55975,1.01098
1328.63141,0.91974,1328.63141,1.02353,1328.63141,1.01093
1326.70306,0.92522,1326.70306,1.02321,1326.70306,1.01083
1324.77471,0.92933,1324.77471,1.02284,1324.77471,1.01063
1322.84636,0.93190,1322.84636,1.02244,1322.84636,1.01032
1320.91802,0.93216,1320.91802,1.02209,1320.91802,1.00996
1318.98967,0.92939,1318.98967,1.02175,1318.98967,1.00957
1317.06132,0.92310,1317.06132,1.02125,1317.06132,1.00913
1315.13297,0.91253,1315.13297,1.02076,1315.13297,1.00861
1313.20463,0.89774,1313.20463,1.02030,1313.20463,1.00800
1311.27628,0.88000,1311.27628,1.01964,1311.27628,1.00727
1309.34793,0.86129,1309.34793,1.01894,1309.34793,1.00629
1307.41958,0.84562,1307.41958,1.01831,1307.41958,1.00503
1305.49124,0.83867,1305.49124,1.01767,1305.49124,1.00353
1303.56289,0.84276,1303.56289,1.01698,1303.56289,1.00179
1301.63454,0.85329,1301.63454,1.01627,1301.63454,0.99973
1299.70619,0.86169,1299.70619,1.01555,1299.70619,0.99730
1297.77785,0.86236,1297.77785,1.01474,1297.77785,0.99451
1295.84950,0.85595,1295.84950,1.01376,1295.84950,0.99137
1293.92115,0.84631,1293.92115,1.01258,1293.92115,0.98776
1291.99280,0.83635,1291.99280,1.01125,1291.99280,0.98352
1290.06446,0.82804,1290.06446,1.00986,1290.06446,0.97851
1288.13611,0.82479,1288.13611,1.00838,1288.13611,0.97256
1286.20776,0.83034,1286.20776,1.00666,1286.20776,0.96537
1284.27941,0.84478,1284.27941,1.00452,1284.27941,0.95649
1282.35107,0.86417,1282.35107,1.00179,1282.35107,0.94544
1280.42272,0.88341,1280.42272,0.99824,1280.42272,0.93220
1278.49437,0.89843,1278.49437,0.99352,1278.49437,0.91720
1276.56602,0.90715,1276.56602,0.98694,1276.56602,0.90133
1274.63768,0.90953,1274.63768,0.97732,1274.63768,0.88614
1272.70933,0.90665,1272.70933,0.96260,1272.70933,0.87369
1270.78098,0.89949,1270.78098,0.93915,1270.78098,0.86569
1268.85263,0.88800,1268.85263,0.90219,1268.85263,0.86270
1266.92429,0.87073,1266.92429,0.84869,1266.92429,0.86400
1264.99594,0.84532,1264.99594,0.78177,1264.99594,0.86806
1263.06759,0.80905,1263.06759,0.71283,1263.06759,0.87313
1261.13924,0.76040,1261.13924,0.65729,1261.13924,0.87757
1259.21090,0.70129,1259.21090,0.62675,1259.21090,0.88006
1257.28255,0.63697,1257.28255,0.62377,1257.28255,0.87982
1255.35420,0.57352,1255.35420,0.64330,1255.35420,0.87662
1253.42585,0.51597,1253.42585,0.67977,1253.42585,0.87065
1251.49751,0.46727,1251.49751,0.73092,1251.49751,0.86226
1249.56916,0.42824,1249.56916,0.79246,1249.56916,0.85202
1247.64081,0.39834,1247.64081,0.85313,1247.64081,0.84087
1245.71246,0.37664,1245.71246,0.90136,1245.71246,0.83005
1243.78412,0.36235,1243.78412,0.93376,1243.78412,0.82094
1241.85577,0.35497,1241.85577,0.95383,1241.85577,0.81493
1239.92742,0.35407,1239.92742,0.96618,1239.92742,0.81301
1237.99907,0.35921,1237.99907,0.97393,1237.99907,0.81567
1236.07073,0.37000,1236.07073,0.97885,1236.07073,0.82286
1234.14238,0.38602,1234.14238,0.98190,1234.14238,0.83392
1232.21403,0.40673,1232.21403,0.98364,1232.21403,0.84777
1230.28568,0.43140,1230.28568,0.98436,1230.28568,0.86321
1228.35734,0.45913,1228.35734,0.98422,1228.35734,0.87897
1226.42899,0.48906,1226.42899,0.98334,1226.42899,0.89396
1224.50064,0.52039,1224.50064,0.98177,1224.50064,0.90734
1222.57229,0.55241,1222.57229,0.97959,1222.57229,0.91855
1220.64395,0.58453,1220.64395,0.97699,1220.64395,0.92733
1218.71560,0.61627,1218.71560,0.97422,1218.71560,0.93349
1216.78725,0.64689,1216.78725,0.97131,1216.78725,0.93684
1214.85891,0.67529,1214.85891,0.96814,1214.85891,0.93719
1212.93056,0.70007,1212.93056,0.96477,1212.93056,0.93411
1211.00221,0.71984,1211.00221,0.96138,1211.00221,0.92701
1209.07386,0.73391,1209.07386,0.95812,1209.07386,0.91550
1207.14552,0.74309,1207.14552,0.95506,1207.14552,0.89960
1205.21717,0.74975,1205.21717,0.95223,1205.21717,0.87995
1203.28882,0.75695,1203.28882,0.94969,1203.28882,0.85766
1201.36047,0.76686,1201.36047,0.94733,1201.36047,0.83386
1199.43213,0.77950,1199.43213,0.94489,1199.43213,0.80960
1197.50378,0.79293,1197.50378,0.94269,1197.50378,0.78618
1195.57543,0.80342,1195.57543,0.94080,1195.57543,0.76533
1193.64708,0.80767,1193.64708,0.93911,1193.64708,0.74921
1191.71874,0.80526,1191.71874,0.93760,1191.71874,0.73990
1189.79039,0.79963,1189.79039,0.93642,1189.79039,0.73839
1187.86204,0.79627,1187.86204,0.93557,1187.86204,0.74371
1185.93369,0.79901,1185.93369,0.93486,1185.93369,0.75283
1184.00535,0.80730,1184.00535,0.93417,1184.00535,0.76195
1182.07700,0.81592,1182.07700,0.93350,1182.07700,0.76834
1180.14865,0.81707,1180.14865,0.93295,1180.14865,0.77119
1178.22030,0.80388,1178.22030,0.93251,1178.22030,0.77124
1176.29196,0.77419,1176.29196,0.93208,1176.29196,0.76983
1174.36361,0.73184,1174.36361,0.93169,1174.36361,0.76809
1172.43526,0.68499,1172.43526,0.93131,1172.43526,0.76631
1170.50691,0.64308,1170.50691,0.93087,1170.50691,0.76405
1168.57857,0.61491,1168.57857,0.93044,1168.57857,0.76072
1166.65022,0.60796,1166.65022,0.93007,1166.65022,0.75586
1164.72187,0.62494,1164.72187,0.92961,1164.72187,0.74907
1162.79352,0.66047,1162.79352,0.92894,1162.79352,0.73996
1160.86518,0.70584,1160.86518,0.92814,1160.86518,0.72784
1158.93683,0.75451,1158.93683,0.92723,1158.93683,0.71177
1157.00848,0.80046,1157.00848,0.92612,1157.00848,0.69092
1155.08013,0.83768,1155.08013,0.92483,1155.08013,0.66497
1153.15179,0.86381,1153.15179,0.92342,1153.15179,0.63520
1151.22344,0.88054,1151.22344,0.92175,1151.22344,0.60515
1149.29509,0.89059,1149.29509,0.91962,1149.29509,0.57968
1147.36674,0.89569,1147.36674,0.91693,1147.36674,0.56292
1145.43840,0.89677,1145.43840,0.91372,1145.43840,0.55673
1143.51005,0.89454,1143.51005,0.90996,1143.51005,0.56049
1141.58170,0.88944,1141.58170,0.90566,1141.58170,0.57202
1139.65335,0.88114,1139.65335,0.90099,1139.65335,0.58882
1137.72501,0.86864,1137.72501,0.89629,1137.72501,0.60910
1135.79666,0.85089,1135.79666,0.89185,1135.79666,0.63182
1133.86831,0.82704,1133.86831,0.88751,1133.86831,0.65591
1131.93996,0.79678,1131.93996,0.88279,1131.93996,0.68004
1130.01162,0.76087,1130.01162,0.87715,1130.01162,0.70305
1128.08327,0.72147,1128.08327,0.87019,1128.08327,0.72417
1126.15492,0.68119,1126.15492,0.86180,1126.15492,0.74312
1124.22657,0.64112,1124.22657,0.85202,1124.22657,0.76019
1122.29823,0.59957,1122.29823,0.84095,1122.29823,0.77596
1120.36988,0.55442,1120.36988,0.82873,1120.36988,0.79084
1118.44153,0.50756,1118.44153,0.81523,1118.44153,0.80504
1116.51318,0.46731,1116.51318,0.80017,1116.51318,0.81868
1114.58484,0.44685,1114.58484,0.78356,1114.58484,0.83183
1112.65649,0.45722,1112.65649,0.76570,1112.65649,0.84446
1110.72814,0.49705,1110.72814,0.74683,1110.72814,0.85646
1108.79979,0.54899,1108.79979,0.72699,1108.79979,0.86777
1106.87145,0.59170,1106.87145,0.70616,1106.87145,0.87839
1104.94310,0.61536,1104.94310,0.68437,1104.94310,0.88818
1103.01475,0.62238,1103.01475,0.66180,1103.01475,0.89700
1101.08640,0.61694,1101.08640,0.63884,1101.08640,0.90501
1099.15806,0.60060,1099.15806,0.61589,1099.15806,0.91242
1097.22971,0.57591,1097.22971,0.59326,1097.22971,0.91913
1095.30136,0.54883,1095.30136,0.57128,1095.30136,0.92503
1093.37301,0.52644,1093.37301,0.55028,1093.37301,0.93022
1091.44467,0.51372,1091.44467,0.53057,1091.44467,0.93472
1089.51632,0.51247,1089.51632,0.51242,1089.51632,0.93847
1087.58797,0.52210,1087.58797,0.49601,1087.58797,0.94139
1085.65962,0.54073,1085.65962,0.48137,1085.65962,0.94346
1083.73128,0.56609,1083.73128,0.46850,1083.73128,0.94467
1081.80293,0.59558,1081.80293,0.45735,1081.80293,0.94517
1079.87458,0.62602,1079.87458,0.44781,1079.87458,0.94515
1077.94623,0.65381,1077.94623,0.43974,1077.94623,0.94467
1076.01789,0.67671,1076.01789,0.43310,1076.01789,0.94366
1074.08954,0.69580,1074.08954,0.42783,1074.08954,0.94210
1072.16119,0.71443,1072.16119,0.42381,1072.16119,0.93987
1070.23284,0.73487,1070.23284,0.42084,1070.23284,0.93699
1068.30450,0.75638,1068.30450,0.41875,1068.30450,0.93375
1066.37615,0.77662,1066.37615,0.41743,1066.37615,0.93057
1064.44780,0.79394,1064.44780,0.41689,1064.44780,0.92838
1062.51946,0.80820,1062.51946,0.41713,1062.51946,0.92864
1060.59111,0.81978,1060.59111,0.41813,1060.59111,0.93270
1058.66276,0.82898,1058.66276,0.41989,1058.66276,0.94116
1056.73441,0.83595,1056.73441,0.42225,1056.73441,0.95340
1054.80607,0.84105,1054.80607,0.42494,1054.80607,0.96760
1052.87772,0.84511,1052.87772,0.42778,1052.87772,0.98138
1050.94937,0.84934,1050.94937,0.43080,1050.94937,0.99286
1049.02102,0.85462,1049.02102,0.43395,1049.02102,1.00145
1047.09268,0.86103,1047.09268,0.43700,1047.09268,1.00755
1045.16433,0.86803,1045.16433,0.43975,1045.16433,1.01184
1043.23598,0.87503,1043.23598,0.44199,1043.23598,1.01489
1041.30763,0.88153,1041.30763,0.44350,1041.30763,1.01711
1039.37929,0.88729,1039.37929,0.44409,1039.37929,1.01875
1037.45094,0.89245,1037.45094,0.44365,1037.45094,1.02001
1035.52259,0.89727,1035.52259,0.44204,1035.52259,1.02098
1033.59424,0.90184,1033.59424,0.43910,1033.59424,1.02172
1031.66590,0.90628,1031.66590,0.43472,1031.66590,1.02236
1029.73755,0.91058,1029.73755,0.42865,1029.73755,1.02287
1027.80920,0.91441,1027.80920,0.42076,1027.80920,1.02318
1025.88085,0.91695,1025.88085,0.41121,1025.88085,1.02344
1023.95251,0.91599,1023.95251,0.40010,1023.95251,1.02375
1022.02416,0.90727,1022.02416,0.38754,1022.02416,1.02389
1020.09581,0.88691,1020.09581,0.37413,1020.09581,1.02373
1018.16746,0.85669,1018.16746,0.36103,1018.16746,1.02341
1016.23912,0.82676,1016.23912,0.35003,1016.23912,1.02286
1014.31077,0.81163,1014.31077,0.34358,1014.31077,1.02182
1012.38242,0.82062,1012.38242,0.34441,1012.38242,1.02006
1010.45407,0.84872,1010.45407,0.35458,1010.45407,1.01716
1008.52573,0.87986,1008.52573,0.37462,1008.52573,1.01239
1006.59738,0.90245,1006.59738,0.40352,1006.59738,1.00496
1004.66903,0.91617,1004.66903,0.43915,1004.66903,0.99436
1002.74068,0.92466,1002.74068,0.47891,1002.74068,0.98061
1000.81234,0.93041,1000.81234,0.52029,1000.81234,0.96458
998.88399,0.93485,998.88399,0.56138,998.88399,0.94780
996.95564,0.93858,996.95564,0.60096,996.95564,0.93179
995.02729,0.94173,995.02729,0.63828,995.02729,0.91775
993.09895,0.94434,993.09895,0.67303,993.09895,0.90657
991.17060,0.94646,991.17060,0.70527,991.17060,0.89867
989.24225,0.94821,989.24225,0.73515,989.24225,0.89402
987.31390,0.94982,987.31390,0.76272,987.31390,0.89248
985.38556,0.95152,985.38556,0.78811,985.38556,0.89383
983.45721,0.95333,983.45721,0.81144,983.45721,0.89768
981.52886,0.95516,981.52886,0.83275,981.52886,0.90348
979.60051,0.95691,979.60051,0.85200,979.60051,0.91029
977.67217,0.95856,977.67217,0.86914,977.67217,0.91670
975.74382,0.95997,975.74382,0.88431,975.74382,0.92105
973.81547,0.96098,973.81547,0.89762,973.81547,0.92206
971.88712,0.96150,971.88712,0.90916,971.88712,0.91967
969.95878,0.96143,969.95878,0.91911,969.95878,0.91526
968.03043,0.96069,968.03043,0.92774,968.03043,0.91108
966.10208,0.95935,966.10208,0.93516,966.10208,0.90918
964.17373,0.95757,964.17373,0.94148,964.17373,0.91052
962.24539,0.95560,962.24539,0.94692,962.24539,0.91479
960.31704,0.95370,960.31704,0.95166,960.31704,0.92089
958.38869,0.95206,958.38869,0.95585,958.38869,0.92774
956.46034,0.95088,956.46034,0.95966,956.46034,0.93472
954.53200,0.94991,954.53200,0.96335,954.53200,0.94144
952.60365,0.94834,952.60365,0.96700,952.60365,0.94766
950.67530,0.94508,950.67530,0.97045,950.67530,0.95328
948.74695,0.93923,948.74695,0.97349,948.74695,0.95840
946.81861,0.93064,946.81861,0.97599,946.81861,0.96317
944.89026,0.92031,944.89026,0.97800,944.89026,0.96756
942.96191,0.90996,942.96191,0.97967,942.96191,0.97141
941.03356,0.90116,941.03356,0.98112,941.03356,0.97468
939.10522,0.89489,939.10522,0.98231,939.10522,0.97737
937.17687,0.89152,937.17687,0.98326,937.17687,0.97956
935.24852,0.89098,935.24852,0.98397,935.24852,0.98141
933.32017,0.89285,933.32017,0.98440,933.32017,0.98287
931.39183,0.89623,931.39183,0.98456,931.39183,0.98385
929.46348,0.89975,929.46348,0.98448,929.46348,0.98444
927.53513,0.90185,927.53513,0.98412,927.53513,0.98469
925.60678,0.90132,925.60678,0.98336,925.60678,0.98448
923.67844,0.89794,923.67844,0.98220,923.67844,0.98358
921.75009,0.89253,921.75009,0.98066,921.75009,0.98191
919.82174,0.88663,919.82174,0.97866,919.82174,0.97951
917.89339,0.88225,917.89339,0.97605,917.89339,0.97657
915.96505,0.88141,915.96505,0.97294,915.96505,0.97367
914.03670,0.88539,914.03670,0.96977,914.03670,0.97149
912.10835,0.89429,912.10835,0.96695,912.10835,0.97065
910.18001,0.90708,910.18001,0.96476,910.18001,0.97154
908.25166,0.92203,908.25166,0.96337,908.25166,0.97400
906.32331,0.93710,906.32331,0.96260,906.32331,0.97737
904.39496,0.95026,904.39496,0.96196,904.39496,0.98099
902.46662,0.96016,902.46662,0.96103,902.46662,0.98442
900.53827,0.96644,900.53827,0.95962,900.53827,0.98738
898.60992,0.96932,898.60992,0.95761,898.60992,0.98988
896.68157,0.96866,896.68157,0.95493,896.68157,0.99208
894.75323,0.96290,894.75323,0.95149,894.75323,0.99401
892.82488,0.94839,892.82488,0.94714,892.82488,0.99566
890.89653,0.91890,890.89653,0.94177,890.89653,0.99708
888.96818,0.86853,888.96818,0.93529,888.96818,0.99823
887.03984,0.80074,887.03984,0.92743,887.03984,0.99896
885.11149,0.73435,885.11149,0.91785,885.11149,0.99913
883.18314,0.69278,883.18314,0.90629,883.18314,0.99877
881.25479,0.68671,881.25479,0.89259,881.25479,0.99807
879.32645,0.71033,879.32645,0.87650,879.32645,0.99726
877.39810,0.74869,877.39810,0.85785,877.39810,0.99641
875.46975,0.78626,875.46975,0.83656,875.46975,0.99543
873.54140,0.81412,873.54140,0.81280,873.54140,0.99423
871.61306,0.83192,871.61306,0.78773,871.61306,0.99289
869.68471,0.84326,869.68471,0.76383,869.68471,0.99135
867.75636,0.85061,867.75636,0.74437,867.75636,0.98952
865.82801,0.85437,865.82801,0.73207,865.82801,0.98742
863.89967,0.85396,863.89967,0.72779,863.89967,0.98519
861.97132,0.84883,861.97132,0.73026,861.97132,0.98295
860.04297,0.83907,860.04297,0.73664,860.04297,0.98060
858.11462,0.82606,858.11462,0.74321,858.11462,0.97795
856.18628,0.81297,856.18628,0.74635,856.18628,0.97475
854.25793,0.80326,854.25793,0.74356,854.25793,0.97082
852.32958,0.79781,852.32958,0.73413,852.32958,0.96601
850.40123,0.79449,850.40123,0.71929,850.40123,0.96007
848.47289,0.79087,848.47289,0.70185,848.47289,0.95289
846.54454,0.78595,846.54454,0.68576,846.54454,0.94485
844.61619,0.77973,844.61619,0.67542,844.61619,0.93684
842.68784,0.77268,842.68784,0.67426,842.68784,0.93045
840.75950,0.76531,840.75950,0.68327,840.75950,0.92834
838.83115,0.75679,838.83115,0.70019,838.83115,0.93327
836.90280,0.74387,836.90280,0.72045,836.90280,0.94540
834.97445,0.72260,834.97445,0.73895,834.97445,0.96049
833.04611,0.69219,833.04611,0.75165,833.04611,0.97177
831.11776,0.65604,831.11776,0.75600,831.11776,0.97518
829.18941,0.61778,829.18941,0.75056,829.18941,0.97263
827.26106,0.57781,827.26106,0.73473,827.26106,0.96970
825.33272,0.53539,825.33272,0.70943,825.33272,0.97071
823.40437,0.49222,823.40437,0.67795,823.40437,0.97584
821.47602,0.45348,821.47602,0.64541,821.47602,0.98239
819.54767,0.42744,819.54767,0.61657,819.54767,0.98768
817.61933,0.42304,817.61933,0.59322,817.61933,0.98997
815.69098,0.44423,815.69098,0.57359,815.69098,0.98842
813.76263,0.48507,813.76263,0.55418,813.76263,0.98404
811.83428,0.53307,811.83428,0.53194,811.83428,0.97958
809.90594,0.57811,809.90594,0.50541,809.90594,0.97758
807.97759,0.61573,807.97759,0.47462,807.97759,0.97867
806.04924,0.64351,806.04924,0.44064,806.04924,0.98191
804.12089,0.65971,804.12089,0.40517,804.12089,0.98613
802.19255,0.66727,802.19255,0.37044,802.19255,0.99044
800.26420,0.67427,800.26420,0.33875,800.26420,0.99417
798.33585,0.69040,798.33585,0.31193,798.33585,0.99714
796.40750,0.72048,796.40750,0.29108,796.40750,0.99964
794.47916,0.75749,794.47916,0.27707,794.47916,1.00186
792.55081,0.79001,792.55081,0.27115,792.55081,1.00367
790.62246,0.81418,790.62246,0.27487,790.62246,1.00500
788.69411,0.83181,788.69411,0.28956,788.69411,1.00588
786.76577,0.84442,786.76577,0.31564,786.76577,1.00642
784.83742,0.85236,784.83742,0.35189,784.83742,1.00669
782.90907,0.85480,782.90907,0.39531,782.90907,1.00671
780.98072,0.85089,780.98072,0.44182,780.98072,1.00648
779.05238,0.84209,779.05238,0.48789,779.05238,1.00590
777.12403,0.83286,777.12403,0.53118,777.12403,1.00483
775.19568,0.82852,775.19568,0.57042,775.19568,1.00335
773.26733,0.83223,773.26733,0.60503,773.26733,1.00141
771.33899,0.84356,771.33899,0.63505,771.33899,0.99887
769.41064,0.85922,769.41064,0.66051,769.41064,0.99545
767.48229,0.87536,767.48229,0.68060,767.48229,0.99080
765.55394,0.88924,765.55394,0.69351,765.55394,0.98484
763.62560,0.89917,763.62560,0.69716,763.62560,0.97761
761.69725,0.90361,761.69725,0.69057,761.69725,0.96909
759.76890,0.90134,759.76890,0.67655,759.76890,0.95917
757.84056,0.89401,757.84056,0.66319,757.84056,0.94757
755.91221,0.88560,755.91221,0.66089,755.91221,0.93393
753.98386,0.87882,753.98386,0.67551,753.98386,0.91901
752.05551,0.87869,752.05551,0.70414,752.05551,0.90604
750.12717,0.89160,750.12717,0.73814,750.12717,0.90117
748.19882,0.91328,748.19882,0.76964,748.19882,0.91044
746.27047,0.93207,746.27047,0.79516,746.27047,0.93317
744.34212,0.94369,744.34212,0.81481,744.34212,0.96008
742.41378,0.95085,742.41378,0.82993,742.41378,0.98130
740.48543,0.95512,740.48543,0.84197,740.48543,0.99396
738.55708,0.95390,738.55708,0.85212,738.55708,1.00069
736.62873,0.93919,736.62873,0.86115,736.62873,1.00441
734.70039,0.89884,734.70039,0.86910,734.70039,1.00665
732.77204,0.82569,732.77204,0.87581,732.77204,1.00835
730.84369,0.72734,730.84369,0.88144,730.84369,1.01017
728.91534,0.62377,728.91534,0.88615,728.91534,1.01223
726.98700,0.53576,726.98700,0.89007,726.98700,1.01443
725.05865,0.47574,725.05865,0.89382,725.05865,1.01645
723.13030,0.44944,723.13030,0.89908,723.13030,1.01813
721.20195,0.46159,721.20195,0.90154,721.20195,1.01884
719.27361,0.51190,719.27361,0.90224,719.27361,1.01931
717.34526,0.58387,717.34526,0.90091,717.34526,1.01979
715.41691,0.65443,715.41691,0.89673,715.41691,1.02013
713.48856,0.71031,713.48856,0.88984,713.48856,1.02032
711.56022,0.74745,711.56022,0.88010,711.56022,1.02046
709.63187,0.76524,709.63187,0.86857,709.63187,1.02073
707.70352,0.76746,707.70352,0.85760,707.70352,1.02114
705.77517,0.76466,705.77517,0.84929,705.77517,1.02151
703.84683,0.76937,703.84683,0.84435,703.84683,1.02175
701.91848,0.78637,701.91848,0.84244,701.91848,1.02194
699.99013,0.81057,699.99013,0.84274,699.99013,1.02211
698.06178,0.83393,698.06178,0.84415,698.06178,1.02231
696.13344,0.85217,696.13344,0.84536,696.13344,1.02261
694.20509,0.86532,694.20509,0.84560,694.20509,1.02310
692.27674,0.87502,692.27674,0.84506,692.27674,1.02365
690.34839,0.88269,690.34839,0.84472,690.34839,1.02409
688.42005,0.88915,688.42005,0.84588,688.42005,1.02444
686.49170,0.89473,686.49170,0.84967,686.49170,1.02486
684.56335,0.89965,684.56335,0.85632,684.56335,1.02534
682.63500,0.90406,682.63500,0.86501,682.63500,1.02569
680.70666,0.90804,680.70666,0.87436,680.70666,1.02579
678.77831,0.91169,678.77831,0.88306,678.77831,1.02564
676.84996,0.91502,676.84996,0.89035,676.84996,1.02554
674.92161,0.91820,674.92161,0.89627,674.92161,1.02594
672.99327,0.92130,672.99327,0.90098,672.99327,1.02679
671.06492,0.92284,671.06492,0.90296,671.06492,1.02614
669.13657,0.92229,669.13657,0.90143,669.13657,1.02341
667.20822,0.92324,667.20822,0.90022,667.20822,1.02307
665.27988,0.92570,665.27988,0.89967,665.27988,1.02562
663.35153,0.92572,663.35153,0.89678,663.35153,1.02630
661.42318,0.92400,661.42318,0.89559,661.42318,1.02522
659.49483,0.92343,659.49483,0.90372,659.49483,1.02459
657.56649,0.92458,657.56649,0.92166,657.56649,1.02461
655.63814,0.92696,655.63814,0.94254,655.63814,1.02482
653.70979,0.92965,653.70979,0.95941,653.70979,1.02498
651.78144,0.93156,651.78144,0.97056,651.78144,1.02520
649.85310,0.93212,649.85310,0.97824,649.85310,1.02569