Temperature T (K), Long range order P, Energy U (eV), Heat capacity C (eV/K)
 3.00087e+02,  9.95069e-01, -2.35123e+03,  1.57589e-02
 3.01174e+02,  9.94958e-01, -2.35122e+03,  1.59963e-02
 3.02261e+02,  9.94845e-01, -2.35120e+03,  1.62191e-02
 3.03348e+02,  9.94730e-01, -2.35118e+03,  1.64418e-02
 3.04436e+02,  9.94614e-01, -2.35116e+03,  1.67411e-02
 3.05523e+02,  9.94496e-01, -2.35114e+03,  1.70019e-02
 3.06610e+02,  9.94376e-01, -2.35113e+03,  1.72243e-02
 3.07697e+02,  9.94254e-01, -2.35111e+03,  1.74850e-02
 3.08785e+02,  9.94131e-01, -2.35109e+03,  1.77455e-02
 3.09872e+02,  9.94005e-01, -2.35107e+03,  1.79677e-02
 3.10959e+02,  9.93879e-01, -2.35105e+03,  1.82281e-02
 3.12047e+02,  9.93750e-01, -2.35103e+03,  1.85266e-02
 3.13134e+02,  9.93619e-01, -2.35101e+03,  1.87868e-02
 3.14221e+02,  9.93486e-01, -2.35099e+03,  1.90469e-02
 3.15308e+02,  9.93352e-01, -2.35097e+03,  1.92922e-02
 3.16396e+02,  9.93215e-01, -2.35095e+03,  1.95903e-02
 3.17483e+02,  9.93077e-01, -2.35092e+03,  1.98647e-02
 3.18570e+02,  9.92937e-01, -2.35090e+03,  2.01097e-02
 3.19657e+02,  9.92794e-01, -2.35088e+03,  2.03692e-02
 3.20745e+02,  9.92651e-01, -2.35086e+03,  2.06668e-02
 3.21832e+02,  9.92504e-01, -2.35084e+03,  2.09498e-02
 3.22919e+02,  9.92356e-01, -2.35081e+03,  2.12089e-02
 3.24007e+02,  9.92206e-01, -2.35079e+03,  2.14916e-02
 3.25094e+02,  9.92054e-01, -2.35077e+03,  2.17505e-02
 3.26181e+02,  9.91901e-01, -2.35074e+03,  2.20621e-02
 3.27268e+02,  9.91744e-01, -2.35072e+03,  2.23444e-02
 3.28356e+02,  9.91587e-01, -2.35069e+03,  2.26265e-02
 3.29443e+02,  9.91426e-01, -2.35067e+03,  2.29231e-02
 3.30530e+02,  9.91264e-01, -2.35064e+03,  2.31813e-02
 3.31617e+02,  9.91100e-01, -2.35062e+03,  2.34631e-02
 3.32705e+02,  9.90934e-01, -2.35059e+03,  2.37828e-02
 3.33792e+02,  9.90766e-01, -2.35057e+03,  2.40935e-02
 3.34879e+02,  9.90595e-01, -2.35054e+03,  2.43747e-02
 3.35966e+02,  9.90423e-01, -2.35051e+03,  2.46558e-02
 3.37054e+02,  9.90248e-01, -2.35049e+03,  2.49514e-02
 3.38141e+02,  9.90072e-01, -2.35046e+03,  2.52322e-02
 3.39228e+02,  9.89893e-01, -2.35043e+03,  2.55510e-02
 3.40316e+02,  9.89712e-01, -2.35040e+03,  2.58842e-02
 3.41403e+02,  9.89529e-01, -2.35038e+03,  2.61410e-02
 3.42490e+02,  9.89344e-01, -2.35035e+03,  2.64593e-02
 3.43577e+02,  9.89156e-01, -2.35032e+03,  2.67774e-02
 3.44665e+02,  9.88966e-01, -2.35029e+03,  2.70572e-02
 3.45752e+02,  9.88774e-01, -2.35026e+03,  2.73895e-02
 3.46839e+02,  9.88580e-01, -2.35023e+03,  2.76835e-02
 3.47926e+02,  9.88384e-01, -2.35020e+03,  2.79863e-02
 3.49014e+02,  9.88185e-01, -2.35017e+03,  2.83416e-02
 3.50101e+02,  9.87984e-01, -2.35014e+03,  2.86351e-02
 3.51188e+02,  9.87781e-01, -2.35011e+03,  2.89138e-02
 3.52276e+02,  9.87576e-01, -2.35007e+03,  2.92685e-02
 3.53363e+02,  9.87368e-01, -2.35004e+03,  2.95994e-02
 3.54450e+02,  9.87158e-01, -2.35001e+03,  2.98776e-02
 3.55537e+02,  9.86946e-01, -2.34998e+03,  3.01936e-02
 3.56625e+02,  9.86732e-01, -2.34994e+03,  3.05474e-02
 3.57712e+02,  9.86515e-01, -2.34991e+03,  3.08629e-02
 3.58799e+02,  9.86296e-01, -2.34988e+03,  3.11928e-02
 3.59886e+02,  9.86074e-01, -2.34984e+03,  3.15314e-02
 3.60974e+02,  9.85850e-01, -2.34981e+03,  3.18463e-02
 3.62061e+02,  9.85624e-01, -2.34977e+03,  3.21755e-02
 3.63148e+02,  9.85395e-01, -2.34974e+03,  3.24900e-02
 3.64236e+02,  9.85164e-01, -2.34970e+03,  3.28276e-02
 3.65323e+02,  9.84931e-01, -2.34967e+03,  3.31416e-02
 3.66410e+02,  9.84695e-01, -2.34963e+03,  3.34699e-02
 3.67497e+02,  9.84457e-01, -2.34959e+03,  3.38213e-02
 3.68585e+02,  9.84216e-01, -2.34956e+03,  3.41580e-02
 3.69672e+02,  9.83973e-01, -2.34952e+03,  3.45090e-02
 3.70759e+02,  9.83727e-01, -2.34948e+03,  3.48362e-02
 3.71846e+02,  9.83479e-01, -2.34944e+03,  3.51722e-02
 3.72934e+02,  9.83229e-01, -2.34941e+03,  3.55223e-02
 3.74021e+02,  9.82976e-01, -2.34937e+03,  3.58722e-02
 3.75108e+02,  9.82720e-01, -2.34933e+03,  3.61839e-02
 3.76195e+02,  9.82462e-01, -2.34929e+03,  3.65332e-02
 3.77283e+02,  9.82202e-01, -2.34925e+03,  3.69057e-02
 3.78370e+02,  9.81939e-01, -2.34921e+03,  3.72166e-02
 3.79457e+02,  9.81673e-01, -2.34917e+03,  3.75651e-02
 3.80545e+02,  9.81405e-01, -2.34913e+03,  3.79133e-02
 3.81632e+02,  9.81135e-01, -2.34908e+03,  3.82845e-02
 3.82719e+02,  9.80861e-01, -2.34904e+03,  3.86321e-02
 3.83806e+02,  9.80586e-01, -2.34900e+03,  3.89560e-02
 3.84894e+02,  9.80308e-01, -2.34896e+03,  3.93264e-02
 3.85981e+02,  9.80027e-01, -2.34892e+03,  3.96964e-02
 3.87068e+02,  9.79743e-01, -2.34887e+03,  4.00428e-02
 3.88155e+02,  9.79457e-01, -2.34883e+03,  4.03888e-02
 3.89243e+02,  9.79168e-01, -2.34878e+03,  4.07579e-02
 3.90330e+02,  9.78877e-01, -2.34874e+03,  4.11033e-02
 3.91417e+02,  9.78583e-01, -2.34869e+03,  4.14483e-02
 3.92505e+02,  9.78286e-01, -2.34865e+03,  4.18164e-02
 3.93592e+02,  9.77987e-01, -2.34860e+03,  4.21985e-02
 3.94679e+02,  9.77685e-01, -2.34856e+03,  4.25659e-02
 3.95766e+02,  9.77380e-01, -2.34851e+03,  4.28952e-02
 3.96854e+02,  9.77073e-01, -2.34846e+03,  4.32529e-02
 3.97941e+02,  9.76763e-01, -2.34842e+03,  4.36569e-02
 3.99028e+02,  9.76450e-01, -2.34837e+03,  4.40228e-02
 4.00115e+02,  9.76135e-01, -2.34832e+03,  4.43651e-02
 4.01203e+02,  9.75817e-01, -2.34827e+03,  4.47303e-02
 4.02290e+02,  9.75496e-01, -2.34822e+03,  4.51095e-02
 4.03377e+02,  9.75172e-01, -2.34817e+03,  4.54740e-02
 4.04465e+02,  9.74846e-01, -2.34813e+03,  4.58380e-02
 4.05552e+02,  9.74517e-01, -2.34808e+03,  4.62161e-02
 4.06639e+02,  9.74185e-01, -2.34802e+03,  4.65937e-02
 4.07726e+02,  9.73850e-01, -2.34797e+03,  4.69566e-02
 4.08814e+02,  9.73512e-01, -2.34792e+03,  4.73191e-02
 4.09901e+02,  9.73172e-01, -2.34787e+03,  4.77187e-02
 4.10988e+02,  9.72829e-01, -2.34782e+03,  4.80804e-02
 4.12075e+02,  9.72483e-01, -2.34777e+03,  4.84328e-02
 4.13163e+02,  9.72135e-01, -2.34771e+03,  4.88311e-02
 4.14250e+02,  9.71783e-01, -2.34766e+03,  4.92147e-02
 4.15337e+02,  9.71429e-01, -2.34761e+03,  4.96265e-02
 4.16424e+02,  9.71071e-01, -2.34755e+03,  4.99860e-02
 4.17512e+02,  9.70711e-01, -2.34750e+03,  5.03452e-02
 4.18599e+02,  9.70348e-01, -2.34744e+03,  5.07556e-02
 4.19686e+02,  9.69982e-01, -2.34739e+03,  5.11138e-02
 4.20774e+02,  9.69614e-01, -2.34733e+03,  5.14947e-02
 4.21861e+02,  9.69242e-01, -2.34728e+03,  5.19038e-02
 4.22948e+02,  9.68867e-01, -2.34722e+03,  5.22749e-02
 4.24035e+02,  9.68490e-01, -2.34716e+03,  5.26544e-02
 4.25123e+02,  9.68109e-01, -2.34710e+03,  5.30478e-02
 4.26210e+02,  9.67726e-01, -2.34705e+03,  5.34548e-02
 4.27297e+02,  9.67339e-01, -2.34699e+03,  5.38471e-02
 4.28384e+02,  9.66950e-01, -2.34693e+03,  5.41874e-02
 4.29472e+02,  9.66558e-01, -2.34687e+03,  5.45930e-02
 4.30559e+02,  9.66163e-01, -2.34681e+03,  5.50211e-02
 4.31646e+02,  9.65764e-01, -2.34675e+03,  5.53742e-02
 4.32734e+02,  9.65363e-01, -2.34669e+03,  5.57640e-02
 4.33821e+02,  9.64959e-01, -2.34663e+03,  5.61763e-02
 4.34908e+02,  9.64552e-01, -2.34657e+03,  5.65792e-02
 4.35995e+02,  9.64141e-01, -2.34651e+03,  5.69675e-02
 4.37083e+02,  9.63728e-01, -2.34644e+03,  5.73552e-02
 4.38170e+02,  9.63312e-01, -2.34638e+03,  5.77653e-02
 4.39257e+02,  9.62892e-01, -2.34632e+03,  5.81519e-02
 4.40344e+02,  9.62470e-01, -2.34626e+03,  5.85521e-02
 4.41432e+02,  9.62044e-01, -2.34619e+03,  5.89376e-02
 4.42519e+02,  9.61616e-01, -2.34613e+03,  5.93226e-02
 4.43606e+02,  9.61184e-01, -2.34606e+03,  5.97528e-02
 4.44693e+02,  9.60749e-01, -2.34600e+03,  6.01366e-02
 4.45781e+02,  9.60312e-01, -2.34593e+03,  6.05340e-02
 4.46868e+02,  9.59871e-01, -2.34587e+03,  6.09537e-02
 4.47955e+02,  9.59427e-01, -2.34580e+03,  6.13728e-02
 4.49043e+02,  9.58979e-01, -2.34573e+03,  6.17771e-02
 4.50130e+02,  9.58529e-01, -2.34566e+03,  6.21438e-02
 4.51217e+02,  9.58075e-01, -2.34560e+03,  6.25611e-02
 4.52304e+02,  9.57619e-01, -2.34553e+03,  6.29549e-02
 4.53392e+02,  9.57159e-01, -2.34546e+03,  6.33709e-02
 4.54479e+02,  9.56696e-01, -2.34539e+03,  6.38090e-02
 4.55566e+02,  9.56229e-01, -2.34532e+03,  6.41727e-02
 4.56653e+02,  9.55760e-01, -2.34525e+03,  6.45868e-02
 4.57741e+02,  9.55287e-01, -2.34518e+03,  6.50002e-02
 4.58828e+02,  9.54812e-01, -2.34511e+03,  6.53989e-02
 4.59915e+02,  9.54333e-01, -2.34504e+03,  6.58477e-02
 4.61003e+02,  9.53850e-01, -2.34497e+03,  6.62591e-02
 4.62090e+02,  9.53364e-01, -2.34489e+03,  6.66558e-02
 4.63177e+02,  9.52875e-01, -2.34482e+03,  6.70518e-02
 4.64264e+02,  9.52383e-01, -2.34475e+03,  6.74612e-02
 4.65352e+02,  9.51888e-01, -2.34468e+03,  6.78838e-02
 4.66439e+02,  9.51389e-01, -2.34460e+03,  6.82778e-02
 4.67526e+02,  9.50888e-01, -2.34453e+03,  6.86937e-02
 4.68613e+02,  9.50382e-01, -2.34445e+03,  6.91369e-02
 4.69701e+02,  9.49874e-01, -2.34438e+03,  6.95427e-02
 4.70788e+02,  9.49362e-01, -2.34430e+03,  6.99478e-02
 4.71875e+02,  9.48847e-01, -2.34422e+03,  7.03748e-02
 4.72963e+02,  9.48328e-01, -2.34415e+03,  7.08011e-02
 4.74050e+02,  9.47806e-01, -2.34407e+03,  7.12040e-02
 4.75137e+02,  9.47281e-01, -2.34399e+03,  7.16287e-02
 4.76224e+02,  9.46752e-01, -2.34391e+03,  7.20526e-02
 4.77312e+02,  9.46220e-01, -2.34384e+03,  7.24532e-02
 4.78399e+02,  9.45684e-01, -2.34376e+03,  7.28756e-02
 4.79486e+02,  9.45146e-01, -2.34368e+03,  7.33337e-02
 4.80573e+02,  9.44603e-01, -2.34360e+03,  7.37320e-02
 4.81661e+02,  9.44058e-01, -2.34352e+03,  7.41156e-02
 4.82748e+02,  9.43509e-01, -2.34344e+03,  7.45712e-02
 4.83835e+02,  9.42956e-01, -2.34335e+03,  7.50035e-02
 4.84922e+02,  9.42400e-01, -2.34327e+03,  7.54210e-02
 4.86010e+02,  9.41840e-01, -2.34319e+03,  7.58378e-02
 4.87097e+02,  9.41277e-01, -2.34311e+03,  7.62675e-02
 4.88184e+02,  9.40711e-01, -2.34303e+03,  7.67050e-02
 4.89272e+02,  9.40141e-01, -2.34294e+03,  7.71192e-02
 4.90359e+02,  9.39567e-01, -2.34286e+03,  7.75464e-02
 4.91446e+02,  9.38990e-01, -2.34277e+03,  7.79589e-02
 4.92533e+02,  9.38410e-01, -2.34269e+03,  7.83706e-02
 4.93621e+02,  9.37826e-01, -2.34260e+03,  7.88175e-02
 4.94708e+02,  9.37239e-01, -2.34252e+03,  7.92636e-02
 4.95795e+02,  9.36647e-01, -2.34243e+03,  7.96863e-02
 4.96882e+02,  9.36053e-01, -2.34234e+03,  8.00944e-02
 4.97970e+02,  9.35455e-01, -2.34226e+03,  8.05600e-02
 4.99057e+02,  9.34852e-01, -2.34217e+03,  8.09800e-02
 5.00144e+02,  9.34247e-01, -2.34208e+03,  8.13853e-02
 5.01232e+02,  9.33638e-01, -2.34199e+03,  8.18480e-02
 5.02319e+02,  9.33025e-01, -2.34190e+03,  8.22515e-02
 5.03406e+02,  9.32409e-01, -2.34181e+03,  8.26900e-02
 5.04493e+02,  9.31789e-01, -2.34172e+03,  8.31276e-02
 5.05581e+02,  9.31165e-01, -2.34163e+03,  8.35420e-02
 5.06668e+02,  9.30538e-01, -2.34154e+03,  8.39997e-02
 5.07755e+02,  9.29907e-01, -2.34145e+03,  8.44343e-02
 5.08842e+02,  9.29273e-01, -2.34136e+03,  8.48457e-02
 5.09930e+02,  9.28634e-01, -2.34126e+03,  8.52867e-02
 5.11017e+02,  9.27992e-01, -2.34117e+03,  8.57183e-02
 5.12104e+02,  9.27347e-01, -2.34108e+03,  8.61625e-02
 5.13192e+02,  9.26697e-01, -2.34098e+03,  8.66141e-02
 5.14279e+02,  9.26044e-01, -2.34089e+03,  8.70425e-02
 5.15366e+02,  9.25387e-01, -2.34079e+03,  8.74699e-02
 5.16453e+02,  9.24726e-01, -2.34070e+03,  8.79182e-02
 5.17541e+02,  9.24062e-01, -2.34060e+03,  8.83435e-02
 5.18628e+02,  9.23394e-01, -2.34051e+03,  8.87677e-02
 5.19715e+02,  9.22722e-01, -2.34041e+03,  8.92264e-02
 5.20802e+02,  9.22046e-01, -2.34031e+03,  8.96704e-02
 5.21890e+02,  9.21366e-01, -2.34022e+03,  9.01133e-02
 5.22977e+02,  9.20683e-01, -2.34012e+03,  9.05331e-02
 5.24064e+02,  9.19995e-01, -2.34002e+03,  9.09872e-02
 5.25151e+02,  9.19304e-01, -2.33992e+03,  9.14402e-02
 5.26239e+02,  9.18609e-01, -2.33982e+03,  9.18431e-02
 5.27326e+02,  9.17910e-01, -2.33972e+03,  9.22938e-02
 5.28413e+02,  9.17207e-01, -2.33962e+03,  9.27652e-02
 5.29501e+02,  9.16500e-01, -2.33952e+03,  9.32000e-02
 5.30588e+02,  9.15790e-01, -2.33942e+03,  9.36253e-02
 5.31675e+02,  9.15075e-01, -2.33931e+03,  9.40577e-02
 5.32762e+02,  9.14357e-01, -2.33921e+03,  9.45242e-02
 5.33850e+02,  9.13634e-01, -2.33911e+03,  9.49677e-02
 5.34937e+02,  9.12908e-01, -2.33901e+03,  9.54182e-02
 5.36024e+02,  9.12177e-01, -2.33890e+03,  9.58592e-02
 5.37111e+02,  9.11443e-01, -2.33880e+03,  9.62773e-02
 5.38199e+02,  9.10705e-01, -2.33869e+03,  9.67591e-02
 5.39286e+02,  9.09962e-01, -2.33859e+03,  9.72046e-02
 5.40373e+02,  9.09216e-01, -2.33848e+03,  9.76055e-02
 5.41461e+02,  9.08466e-01, -2.33837e+03,  9.80752e-02
 5.42548e+02,  9.07711e-01, -2.33827e+03,  9.85302e-02
 5.43635e+02,  9.06953e-01, -2.33816e+03,  9.89622e-02
 5.44722e+02,  9.06190e-01, -2.33805e+03,  9.94145e-02
 5.45810e+02,  9.05423e-01, -2.33794e+03,  9.98870e-02
 5.46897e+02,  9.04652e-01, -2.33783e+03,  1.00350e-01
 5.47984e+02,  9.03877e-01, -2.33773e+03,  1.00763e-01
 5.49071e+02,  9.03098e-01, -2.33762e+03,  1.01210e-01
 5.50159e+02,  9.02315e-01, -2.33751e+03,  1.01669e-01
 5.51246e+02,  9.01528e-01, -2.33739e+03,  1.02100e-01
 5.52333e+02,  9.00736e-01, -2.33728e+03,  1.02542e-01
 5.53421e+02,  8.99941e-01, -2.33717e+03,  1.03018e-01
 5.54508e+02,  8.99141e-01, -2.33706e+03,  1.03471e-01
 5.55595e+02,  8.98337e-01, -2.33695e+03,  1.03910e-01
 5.56682e+02,  8.97528e-01, -2.33683e+03,  1.04368e-01
 5.57770e+02,  8.96716e-01, -2.33672e+03,  1.04838e-01
 5.58857e+02,  8.95899e-01, -2.33661e+03,  1.05272e-01
 5.59944e+02,  8.95078e-01, -2.33649e+03,  1.05704e-01
 5.61031e+02,  8.94252e-01, -2.33638e+03,  1.06170e-01
 5.62119e+02,  8.93423e-01, -2.33626e+03,  1.06634e-01
 5.63206e+02,  8.92589e-01, -2.33614e+03,  1.07096e-01
 5.64293e+02,  8.91750e-01, -2.33603e+03,  1.07544e-01
 5.65380e+02,  8.90908e-01, -2.33591e+03,  1.08003e-01
 5.66468e+02,  8.90060e-01, -2.33579e+03,  1.08426e-01
 5.67555e+02,  8.89210e-01, -2.33567e+03,  1.08869e-01
 5.68642e+02,  8.88354e-01, -2.33556e+03,  1.09371e-01
 5.69730e+02,  8.87493e-01, -2.33544e+03,  1.09811e-01
 5.70817e+02,  8.86629e-01, -2.33532e+03,  1.10249e-01
 5.71904e+02,  8.85760e-01, -2.33520e+03,  1.10733e-01
 5.72991e+02,  8.84886e-01, -2.33508e+03,  1.11181e-01
 5.74079e+02,  8.84009e-01, -2.33495e+03,  1.11627e-01
 5.75166e+02,  8.83126e-01, -2.33483e+03,  1.12092e-01
 5.76253e+02,  8.82239e-01, -2.33471e+03,  1.12556e-01
 5.77340e+02,  8.81348e-01, -2.33459e+03,  1.12997e-01
 5.78428e+02,  8.80452e-01, -2.33447e+03,  1.13471e-01
 5.79515e+02,  8.79551e-01, -2.33434e+03,  1.13929e-01
 5.80602e+02,  8.78647e-01, -2.33422e+03,  1.14352e-01
 5.81690e+02,  8.77737e-01, -2.33409e+03,  1.14841e-01
 5.82777e+02,  8.76823e-01, -2.33397e+03,  1.15307e-01
 5.83864e+02,  8.75904e-01, -2.33384e+03,  1.15738e-01
 5.84951e+02,  8.74981e-01, -2.33372e+03,  1.16208e-01
 5.86039e+02,  8.74053e-01, -2.33359e+03,  1.16669e-01
 5.87126e+02,  8.73120e-01, -2.33346e+03,  1.17128e-01
 5.88213e+02,  8.72183e-01, -2.33333e+03,  1.17593e-01
 5.89300e+02,  8.71241e-01, -2.33321e+03,  1.18069e-01
 5.90388e+02,  8.70294e-01, -2.33308e+03,  1.18509e-01
 5.91475e+02,  8.69343e-01, -2.33295e+03,  1.18960e-01
 5.92562e+02,  8.68386e-01, -2.33282e+03,  1.19430e-01
 5.93650e+02,  8.67426e-01, -2.33269e+03,  1.19898e-01
 5.94737e+02,  8.66460e-01, -2.33256e+03,  1.20364e-01
 5.95824e+02,  8.65489e-01, -2.33243e+03,  1.20816e-01
 5.96911e+02,  8.64514e-01, -2.33230e+03,  1.21290e-01
 5.97999e+02,  8.63534e-01, -2.33216e+03,  1.21750e-01
 5.99086e+02,  8.62548e-01, -2.33203e+03,  1.22208e-01
 6.00173e+02,  8.61559e-01, -2.33190e+03,  1.22664e-01
 6.01260e+02,  8.60564e-01, -2.33176e+03,  1.23118e-01
 6.02348e+02,  8.59564e-01, -2.33163e+03,  1.23590e-01
 6.03435e+02,  8.58560e-01, -2.33150e+03,  1.24060e-01
 6.04522e+02,  8.57550e-01, -2.33136e+03,  1.24520e-01
 6.05609e+02,  8.56536e-01, -2.33122e+03,  1.24999e-01
 6.06697e+02,  8.55516e-01, -2.33109e+03,  1.25462e-01
 6.07784e+02,  8.54491e-01, -2.33095e+03,  1.25903e-01
 6.08871e+02,  8.53462e-01, -2.33081e+03,  1.26375e-01
 6.09959e+02,  8.52427e-01, -2.33068e+03,  1.26865e-01
 6.11046e+02,  8.51387e-01, -2.33054e+03,  1.27299e-01
 6.12133e+02,  8.50343e-01, -2.33040e+03,  1.27751e-01
 6.13220e+02,  8.49293e-01, -2.33026e+03,  1.28247e-01
 6.14308e+02,  8.48238e-01, -2.33012e+03,  1.28727e-01
 6.15395e+02,  8.47178e-01, -2.32998e+03,  1.29173e-01
 6.16482e+02,  8.46113e-01, -2.32984e+03,  1.29628e-01
 6.17569e+02,  8.45042e-01, -2.32970e+03,  1.30102e-01
 6.18657e+02,  8.43967e-01, -2.32956e+03,  1.30585e-01
 6.19744e+02,  8.42885e-01, -2.32942e+03,  1.31054e-01
 6.20831e+02,  8.41799e-01, -2.32927e+03,  1.31520e-01
 6.21919e+02,  8.40708e-01, -2.32913e+03,  1.31984e-01
 6.23006e+02,  8.39611e-01, -2.32899e+03,  1.32425e-01
 6.24093e+02,  8.38509e-01, -2.32884e+03,  1.32916e-01
 6.25180e+02,  8.37401e-01, -2.32870e+03,  1.33392e-01
 6.26268e+02,  8.36289e-01, -2.32855e+03,  1.33858e-01
 6.27355e+02,  8.35170e-01, -2.32841e+03,  1.34309e-01
 6.28442e+02,  8.34047e-01, -2.32826e+03,  1.34777e-01
 6.29529e+02,  8.32918e-01, -2.32811e+03,  1.35255e-01
 6.30617e+02,  8.31783e-01, -2.32797e+03,  1.35742e-01
 6.31704e+02,  8.30643e-01, -2.32782e+03,  1.36215e-01
 6.32791e+02,  8.29497e-01, -2.32767e+03,  1.36640e-01
 6.33879e+02,  8.28347e-01, -2.32752e+03,  1.37140e-01
 6.34966e+02,  8.27190e-01, -2.32737e+03,  1.37624e-01
 6.36053e+02,  8.26028e-01, -2.32722e+03,  1.38053e-01
 6.37140e+02,  8.24860e-01, -2.32707e+03,  1.38544e-01
 6.38228e+02,  8.23686e-01, -2.32692e+03,  1.39020e-01
 6.39315e+02,  8.22507e-01, -2.32677e+03,  1.39485e-01
 6.40402e+02,  8.21322e-01, -2.32662e+03,  1.39986e-01
 6.41489e+02,  8.20132e-01, -2.32646e+03,  1.40441e-01
 6.42577e+02,  8.18935e-01, -2.32631e+03,  1.40885e-01
 6.43664e+02,  8.17733e-01, -2.32616e+03,  1.41359e-01
 6.44751e+02,  8.16526e-01, -2.32600e+03,  1.41860e-01
 6.45838e+02,  8.15312e-01, -2.32585e+03,  1.42315e-01
 6.46926e+02,  8.14092e-01, -2.32569e+03,  1.42787e-01
 6.48013e+02,  8.12867e-01, -2.32554e+03,  1.43279e-01
 6.49100e+02,  8.11635e-01, -2.32538e+03,  1.43725e-01
 6.50188e+02,  8.10398e-01, -2.32523e+03,  1.44199e-01
 6.51275e+02,  8.09155e-01, -2.32507e+03,  1.44681e-01
 6.52362e+02,  8.07906e-01, -2.32491e+03,  1.45168e-01
 6.53449e+02,  8.06650e-01, -2.32475e+03,  1.45633e-01
 6.54537e+02,  8.05389e-01, -2.32459e+03,  1.46094e-01
 6.55624e+02,  8.04122e-01, -2.32444e+03,  1.46582e-01
 6.56711e+02,  8.02848e-01, -2.32428e+03,  1.47068e-01
 6.57798e+02,  8.01568e-01, -2.32412e+03,  1.47538e-01
 6.58886e+02,  8.00283e-01, -2.32396e+03,  1.47986e-01
 6.59973e+02,  7.98991e-01, -2.32379e+03,  1.48461e-01
 6.61060e+02,  7.97693e-01, -2.32363e+03,  1.48952e-01
 6.62148e+02,  7.96388e-01, -2.32347e+03,  1.49420e-01
 6.63235e+02,  7.95077e-01, -2.32331e+03,  1.49904e-01
 6.64322e+02,  7.93760e-01, -2.32314e+03,  1.50384e-01
 6.65409e+02,  7.92436e-01, -2.32298e+03,  1.50853e-01
 6.66497e+02,  7.91106e-01, -2.32282e+03,  1.51326e-01
 6.67584e+02,  7.89770e-01, -2.32265e+03,  1.51783e-01
 6.68671e+02,  7.88427e-01, -2.32249e+03,  1.52279e-01
 6.69758e+02,  7.87078e-01, -2.32232e+03,  1.52764e-01
 6.70846e+02,  7.85722e-01, -2.32215e+03,  1.53222e-01
 6.71933e+02,  7.84359e-01, -2.32199e+03,  1.53713e-01
 6.73020e+02,  7.82990e-01, -2.32182e+03,  1.54175e-01
 6.74108e+02,  7.81615e-01, -2.32165e+03,  1.54663e-01
 6.75195e+02,  7.80232e-01, -2.32148e+03,  1.55154e-01
 6.76282e+02,  7.78843e-01, -2.32131e+03,  1.55611e-01
 6.77369e+02,  7.77447e-01, -2.32115e+03,  1.56075e-01
 6.78457e+02,  7.76044e-01, -2.32098e+03,  1.56566e-01
 6.79544e+02,  7.74634e-01, -2.32080e+03,  1.57052e-01
 6.80631e+02,  7.73218e-01, -2.32063e+03,  1.57522e-01
 6.81718e+02,  7.71795e-01, -2.32046e+03,  1.58000e-01
 6.82806e+02,  7.70364e-01, -2.32029e+03,  1.58474e-01
 6.83893e+02,  7.68927e-01, -2.32012e+03,  1.58950e-01
 6.84980e+02,  7.67483e-01, -2.31994e+03,  1.59433e-01
 6.86067e+02,  7.66031e-01, -2.31977e+03,  1.59923e-01
 6.87155e+02,  7.64573e-01, -2.31960e+03,  1.60398e-01
 6.88242e+02,  7.63107e-01, -2.31942e+03,  1.60867e-01
 6.89329e+02,  7.61634e-01, -2.31925e+03,  1.61362e-01
 6.90417e+02,  7.60154e-01, -2.31907e+03,  1.61841e-01
 6.91504e+02,  7.58667e-01, -2.31889e+03,  1.62308e-01
 6.92591e+02,  7.57172e-01, -2.31872e+03,  1.62789e-01
 6.93678e+02,  7.55670e-01, -2.31854e+03,  1.63253e-01
 6.94766e+02,  7.54160e-01, -2.31836e+03,  1.63754e-01
 6.95853e+02,  7.52643e-01, -2.31818e+03,  1.64238e-01
 6.96940e+02,  7.51118e-01, -2.31801e+03,  1.64688e-01
 6.98027e+02,  7.49587e-01, -2.31783e+03,  1.65174e-01
 6.99115e+02,  7.48047e-01, -2.31765e+03,  1.65683e-01
 7.00202e+02,  7.46499e-01, -2.31747e+03,  1.66147e-01
 7.01289e+02,  7.44944e-01, -2.31729e+03,  1.66624e-01
 7.02377e+02,  7.43381e-01, -2.31710e+03,  1.67117e-01
 7.03464e+02,  7.41811e-01, -2.31692e+03,  1.67595e-01
 7.04551e+02,  7.40232e-01, -2.31674e+03,  1.68085e-01
 7.05638e+02,  7.38645e-01, -2.31656e+03,  1.68551e-01
 7.06726e+02,  7.37051e-01, -2.31637e+03,  1.69013e-01
 7.07813e+02,  7.35449e-01, -2.31619e+03,  1.69525e-01
 7.08900e+02,  7.33838e-01, -2.31600e+03,  1.70004e-01
 7.09987e+02,  7.32220e-01, -2.31582e+03,  1.70466e-01
 7.11075e+02,  7.30593e-01, -2.31563e+03,  1.70968e-01
 7.12162e+02,  7.28958e-01, -2.31545e+03,  1.71430e-01
 7.13249e+02,  7.27315e-01, -2.31526e+03,  1.71914e-01
 7.14336e+02,  7.25663e-01, -2.31507e+03,  1.72426e-01
 7.15424e+02,  7.24003e-01, -2.31489e+03,  1.72887e-01
 7.16511e+02,  7.22334e-01, -2.31470e+03,  1.73353e-01
 7.17598e+02,  7.20657e-01, -2.31451e+03,  1.73858e-01
 7.18686e+02,  7.18971e-01, -2.31432e+03,  1.74346e-01
 7.19773e+02,  7.17277e-01, -2.31413e+03,  1.74828e-01
 7.20860e+02,  7.15574e-01, -2.31394e+03,  1.75303e-01
 7.21947e+02,  7.13862e-01, -2.31375e+03,  1.75782e-01
 7.23035e+02,  7.12141e-01, -2.31356e+03,  1.76272e-01
 7.24122e+02,  7.10412e-01, -2.31337e+03,  1.76756e-01
 7.25209e+02,  7.08673e-01, -2.31317e+03,  1.77243e-01
 7.26296e+02,  7.06925e-01, -2.31298e+03,  1.77702e-01
 7.27384e+02,  7.05169e-01, -2.31279e+03,  1.78192e-01
 7.28471e+02,  7.03403e-01, -2.31259e+03,  1.78703e-01
 7.29558e+02,  7.01628e-01, -2.31240e+03,  1.79168e-01
 7.30646e+02,  6.99843e-01, -2.31220e+03,  1.79654e-01
 7.31733e+02,  6.98049e-01, -2.31201e+03,  1.80143e-01
 7.32820e+02,  6.96246e-01, -2.31181e+03,  1.80624e-01
 7.33907e+02,  6.94433e-01, -2.31161e+03,  1.81105e-01
 7.34995e+02,  6.92611e-01, -2.31142e+03,  1.81588e-01
 7.36082e+02,  6.90778e-01, -2.31122e+03,  1.82064e-01
 7.37169e+02,  6.88937e-01, -2.31102e+03,  1.82558e-01
 7.38256e+02,  6.87085e-01, -2.31082e+03,  1.83061e-01
 7.39344e+02,  6.85223e-01, -2.31062e+03,  1.83530e-01
 7.40431e+02,  6.83351e-01, -2.31042e+03,  1.84000e-01
 7.41518e+02,  6.81470e-01, -2.31022e+03,  1.84505e-01
 7.42606e+02,  6.79577e-01, -2.31002e+03,  1.85002e-01
 7.43693e+02,  6.77675e-01, -2.30982e+03,  1.85464e-01
 7.44780e+02,  6.75762e-01, -2.30962e+03,  1.85960e-01
 7.45867e+02,  6.73839e-01, -2.30942e+03,  1.86447e-01
 7.46955e+02,  6.71905e-01, -2.30921e+03,  1.86920e-01
 7.48042e+02,  6.69961e-01, -2.30901e+03,  1.87415e-01
 7.49129e+02,  6.68006e-01, -2.30881e+03,  1.87892e-01
 7.50216e+02,  6.66040e-01, -2.30860e+03,  1.88380e-01
 7.51304e+02,  6.64063e-01, -2.30840e+03,  1.88889e-01
 7.52391e+02,  6.62075e-01, -2.30819e+03,  1.89364e-01
 7.53478e+02,  6.60076e-01, -2.30798e+03,  1.89849e-01
 7.54565e+02,  6.58066e-01, -2.30778e+03,  1.90330e-01
 7.55653e+02,  6.56045e-01, -2.30757e+03,  1.90816e-01
 7.56740e+02,  6.54011e-01, -2.30736e+03,  1.91303e-01
 7.57827e+02,  6.51967e-01, -2.30715e+03,  1.91779e-01
 7.58915e+02,  6.49911e-01, -2.30695e+03,  1.92296e-01
 7.60002e+02,  6.47843e-01, -2.30674e+03,  1.92767e-01
 7.61089e+02,  6.45763e-01, -2.30653e+03,  1.93253e-01
 7.62176e+02,  6.43671e-01, -2.30632e+03,  1.93753e-01
 7.63264e+02,  6.41567e-01, -2.30611e+03,  1.94217e-01
 7.64351e+02,  6.39451e-01, -2.30589e+03,  1.94719e-01
 7.65438e+02,  6.37323e-01, -2.30568e+03,  1.95216e-01
 7.66525e+02,  6.35182e-01, -2.30547e+03,  1.95686e-01
 7.67613e+02,  6.33028e-01, -2.30526e+03,  1.96179e-01
 7.68700e+02,  6.30862e-01, -2.30504e+03,  1.96675e-01
 7.69787e+02,  6.28683e-01, -2.30483e+03,  1.97149e-01
 7.70875e+02,  6.26490e-01, -2.30461e+03,  1.97635e-01
 7.71962e+02,  6.24285e-01, -2.30440e+03,  1.98134e-01
 7.73049e+02,  6.22066e-01, -2.30418e+03,  1.98619e-01
 7.74136e+02,  6.19834e-01, -2.30397e+03,  1.99106e-01
 7.75224e+02,  6.17589e-01, -2.30375e+03,  1.99581e-01
 7.76311e+02,  6.15330e-01, -2.30353e+03,  2.00075e-01
 7.77398e+02,  6.13056e-01, -2.30332e+03,  2.00594e-01
 7.78485e+02,  6.10769e-01, -2.30310e+03,  2.01066e-01
 7.79573e+02,  6.08467e-01, -2.30288e+03,  2.01548e-01
 7.80660e+02,  6.06151e-01, -2.30266e+03,  2.02039e-01
 7.81747e+02,  6.03821e-01, -2.30244e+03,  2.02515e-01
 7.82835e+02,  6.01476e-01, -2.30222e+03,  2.03015e-01
 7.83922e+02,  5.99116e-01, -2.30200e+03,  2.03522e-01
 7.85009e+02,  5.96741e-01, -2.30178e+03,  2.03991e-01
 7.86096e+02,  5.94351e-01, -2.30155e+03,  2.04482e-01
 7.87184e+02,  5.91945e-01, -2.30133e+03,  2.04989e-01
 7.88271e+02,  5.89524e-01, -2.30111e+03,  2.05447e-01
 7.89358e+02,  5.87087e-01, -2.30088e+03,  2.05949e-01
 7.90445e+02,  5.84634e-01, -2.30066e+03,  2.06443e-01
 7.91533e+02,  5.82165e-01, -2.30044e+03,  2.06933e-01
 7.92620e+02,  5.79679e-01, -2.30021e+03,  2.07442e-01
 7.93707e+02,  5.77177e-01, -2.29998e+03,  2.07911e-01
 7.94794e+02,  5.74658e-01, -2.29976e+03,  2.08398e-01
 7.95882e+02,  5.72121e-01, -2.29953e+03,  2.08896e-01
 7.96969e+02,  5.69568e-01, -2.29930e+03,  2.09376e-01
 7.98056e+02,  5.66997e-01, -2.29908e+03,  2.09864e-01
 7.99144e+02,  5.64408e-01, -2.29885e+03,  2.10376e-01
 8.00231e+02,  5.61801e-01, -2.29862e+03,  2.10867e-01
 8.01318e+02,  5.59176e-01, -2.29839e+03,  2.11330e-01
 8.02405e+02,  5.56533e-01, -2.29816e+03,  2.11836e-01
 8.03493e+02,  5.53870e-01, -2.29793e+03,  2.12342e-01
 8.04580e+02,  5.51189e-01, -2.29770e+03,  2.12818e-01
 8.05667e+02,  5.48488e-01, -2.29747e+03,  2.13307e-01
 8.06754e+02,  5.45768e-01, -2.29723e+03,  2.13793e-01
 8.07842e+02,  5.43028e-01, -2.29700e+03,  2.14277e-01
 8.08929e+02,  5.40267e-01, -2.29677e+03,  2.14779e-01
 8.10016e+02,  5.37486e-01, -2.29653e+03,  2.15283e-01
 8.11104e+02,  5.34684e-01, -2.29630e+03,  2.15773e-01
 8.12191e+02,  5.31861e-01, -2.29606e+03,  2.16247e-01
 8.13278e+02,  5.29016e-01, -2.29583e+03,  2.16747e-01
 8.14365e+02,  5.26149e-01, -2.29559e+03,  2.17241e-01
 8.15453e+02,  5.23261e-01, -2.29536e+03,  2.17713e-01
 8.16540e+02,  5.20350e-01, -2.29512e+03,  2.18229e-01
 8.17627e+02,  5.17415e-01, -2.29488e+03,  2.18723e-01
 8.18714e+02,  5.14457e-01, -2.29464e+03,  2.19201e-01
 8.19802e+02,  5.11475e-01, -2.29441e+03,  2.19700e-01
 8.20889e+02,  5.08469e-01, -2.29417e+03,  2.20187e-01
 8.21976e+02,  5.05439e-01, -2.29393e+03,  2.20667e-01
 8.23064e+02,  5.02383e-01, -2.29369e+03,  2.21172e-01
 8.24151e+02,  4.99302e-01, -2.29345e+03,  2.21675e-01
 8.25238e+02,  4.96195e-01, -2.29320e+03,  2.22154e-01
 8.26325e+02,  4.93061e-01, -2.29296e+03,  2.22656e-01
 8.27413e+02,  4.89900e-01, -2.29272e+03,  2.23144e-01
 8.28500e+02,  4.86711e-01, -2.29248e+03,  2.23626e-01
 8.29587e+02,  4.83495e-01, -2.29223e+03,  2.24125e-01
 8.30674e+02,  4.80250e-01, -2.29199e+03,  2.24621e-01
 8.31762e+02,  4.76975e-01, -2.29175e+03,  2.25110e-01
 8.32849e+02,  4.73671e-01, -2.29150e+03,  2.25606e-01
 8.33936e+02,  4.70336e-01, -2.29125e+03,  2.26112e-01
 8.35023e+02,  4.66969e-01, -2.29101e+03,  2.26592e-01
 8.36111e+02,  4.63571e-01, -2.29076e+03,  2.27076e-01
 8.37198e+02,  4.60141e-01, -2.29051e+03,  2.27571e-01
 8.38285e+02,  4.56677e-01, -2.29027e+03,  2.28076e-01
 8.39373e+02,  4.53179e-01, -2.29002e+03,  2.28580e-01
 8.40460e+02,  4.49646e-01, -2.28977e+03,  2.29060e-01
 8.41547e+02,  4.46078e-01, -2.28952e+03,  2.29548e-01
 8.42634e+02,  4.42473e-01, -2.28927e+03,  2.30042e-01
 8.43722e+02,  4.38830e-01, -2.28902e+03,  2.30532e-01
 8.44809e+02,  4.35150e-01, -2.28877e+03,  2.31034e-01
 8.45896e+02,  4.31429e-01, -2.28852e+03,  2.31517e-01
 8.46983e+02,  4.27669e-01, -2.28827e+03,  2.32016e-01
 8.48071e+02,  4.23866e-01, -2.28801e+03,  2.32523e-01
 8.49158e+02,  4.20022e-01, -2.28776e+03,  2.33002e-01
 8.50245e+02,  4.16133e-01, -2.28751e+03,  2.33504e-01
 8.51333e+02,  4.12200e-01, -2.28725e+03,  2.33998e-01
 8.52420e+02,  4.08220e-01, -2.28700e+03,  2.34480e-01
 8.53507e+02,  4.04192e-01, -2.28674e+03,  2.34972e-01
 8.54594e+02,  4.00116e-01, -2.28649e+03,  2.35476e-01
 8.55682e+02,  3.95988e-01, -2.28623e+03,  2.35980e-01
 8.56769e+02,  3.91808e-01, -2.28597e+03,  2.36464e-01
 8.57856e+02,  3.87575e-01, -2.28572e+03,  2.36951e-01
 8.58943e+02,  3.83286e-01, -2.28546e+03,  2.37457e-01
 8.60031e+02,  3.78939e-01, -2.28520e+03,  2.37956e-01
 8.61118e+02,  3.74532e-01, -2.28494e+03,  2.38435e-01
 8.62205e+02,  3.70064e-01, -2.28468e+03,  2.38926e-01
 8.63293e+02,  3.65531e-01, -2.28442e+03,  2.39434e-01
 8.64380e+02,  3.60932e-01, -2.28416e+03,  2.39934e-01
 8.65467e+02,  3.56264e-01, -2.28390e+03,  2.40419e-01
 8.66554e+02,  3.51524e-01, -2.28364e+03,  2.40916e-01
 8.67642e+02,  3.46710e-01, -2.28338e+03,  2.41413e-01
 8.68729e+02,  3.41817e-01, -2.28311e+03,  2.41900e-01
 8.69816e+02,  3.36844e-01, -2.28285e+03,  2.42408e-01
 8.70903e+02,  3.31785e-01, -2.28259e+03,  2.42905e-01
 8.71991e+02,  3.26637e-01, -2.28232e+03,  2.43390e-01
 8.73078e+02,  3.21397e-01, -2.28206e+03,  2.43885e-01
 8.74165e+02,  3.16058e-01, -2.28179e+03,  2.44383e-01
 8.75252e+02,  3.10617e-01, -2.28153e+03,  2.44877e-01
 8.76340e+02,  3.05067e-01, -2.28126e+03,  2.45371e-01
 8.77427e+02,  2.99403e-01, -2.28099e+03,  2.45862e-01
 8.78514e+02,  2.93618e-01, -2.28072e+03,  2.46362e-01
 8.79602e+02,  2.87704e-01, -2.28046e+03,  2.46859e-01
 8.80689e+02,  2.81655e-01, -2.28019e+03,  2.47352e-01
 8.81776e+02,  2.75460e-01, -2.27992e+03,  2.47857e-01
 8.82863e+02,  2.69109e-01, -2.27965e+03,  2.48343e-01
 8.83951e+02,  2.62592e-01, -2.27938e+03,  2.48839e-01
 8.85038e+02,  2.55895e-01, -2.27911e+03,  2.49345e-01
 8.86125e+02,  2.49004e-01, -2.27884e+03,  2.49834e-01
 8.87212e+02,  2.41903e-01, -2.27856e+03,  2.50321e-01
 8.88300e+02,  2.34573e-01, -2.27829e+03,  2.50822e-01
 8.89387e+02,  2.26990e-01, -2.27802e+03,  2.51326e-01
 8.90474e+02,  2.19130e-01, -2.27775e+03,  2.51814e-01
 8.91562e+02,  2.10960e-01, -2.27747e+03,  2.52312e-01
 8.92649e+02,  2.02444e-01, -2.27720e+03,  2.52815e-01
 8.93736e+02,  1.93536e-01, -2.27692e+03,  2.53306e-01
 8.94823e+02,  1.84179e-01, -2.27665e+03,  2.53803e-01
 8.95911e+02,  1.74300e-01, -2.27637e+03,  2.54300e-01
 8.96998e+02,  1.63806e-01, -2.27609e+03,  2.54794e-01
 8.98085e+02,  1.52568e-01, -2.27582e+03,  2.55291e-01
 8.99172e+02,  1.40410e-01, -2.27554e+03,  2.55788e-01
 9.00260e+02,  1.27067e-01, -2.27526e+03,  2.56285e-01
 9.01347e+02,  1.12117e-01, -2.27498e+03,  2.56780e-01
 9.02434e+02,  9.48019e-02, -2.27470e+03,  2.57277e-01
 9.03522e+02,  7.34685e-02, -2.27442e+03,  2.57775e-01
 9.04609e+02,  4.24375e-02, -2.27414e+03,  1.93611e-01
 9.05696e+02,  4.34839e-07, -2.27400e+03,  6.45993e-02
 9.06783e+02,  4.34839e-07, -2.27400e+03,  0.00000e+00
 9.07871e+02,  4.34839e-07, -2.27400e+03,  0.00000e+00
 9.08958e+02,  4.34839e-07, -2.27400e+03,  0.00000e+00
 9.10045e+02,  4.34839e-07, -2.27400e+03,  0.00000e+00
 9.11132e+02,  4.34839e-07, -2.27400e+03,  0.00000e+00
 9.12220e+02,  4.34839e-07, -2.27400e+03,  0.00000e+00
 9.13307e+02,  4.34839e-07, -2.27400e+03,  0.00000e+00
 9.14394e+02,  4.34839e-07, -2.27400e+03,  0.00000e+00
 9.15481e+02,  4.34839e-07, -2.27400e+03,  0.00000e+00
 9.16569e+02,  4.34839e-07, -2.27400e+03,  0.00000e+00
 9.17656e+02,  4.34839e-07, -2.27400e+03,  0.00000e+00
 9.18743e+02,  4.34839e-07, -2.27400e+03,  0.00000e+00
 9.19831e+02,  4.34839e-07, -2.27400e+03,  0.00000e+00
 9.20918e+02,  4.34839e-07, -2.27400e+03,  0.00000e+00
 9.22005e+02,  4.34839e-07, -2.27400e+03,  0.00000e+00
 9.23092e+02,  4.34839e-07, -2.27400e+03,  0.00000e+00
 9.24180e+02,  4.34839e-07, -2.27400e+03,  0.00000e+00
 9.25267e+02,  4.34839e-07, -2.27400e+03,  0.00000e+00
 9.26354e+02,  4.34839e-07, -2.27400e+03,  0.00000e+00
 9.27441e+02,  4.34839e-07, -2.27400e+03,  0.00000e+00
 9.28529e+02,  4.34839e-07, -2.27400e+03,  0.00000e+00
 9.29616e+02,  4.34839e-07, -2.27400e+03,  0.00000e+00
 9.30703e+02,  4.34839e-07, -2.27400e+03,  0.00000e+00
 9.31791e+02,  4.34839e-07, -2.27400e+03,  0.00000e+00
 9.32878e+02,  4.34839e-07, -2.27400e+03,  0.00000e+00
 9.33965e+02,  4.34839e-07, -2.27400e+03,  0.00000e+00
 9.35052e+02,  4.34839e-07, -2.27400e+03,  0.00000e+00
 9.36140e+02,  4.34839e-07, -2.27400e+03,  0.00000e+00
 9.37227e+02,  4.34839e-07, -2.27400e+03,  0.00000e+00
 9.38314e+02,  4.34839e-07, -2.27400e+03,  0.00000e+00
 9.39401e+02,  4.34839e-07, -2.27400e+03,  0.00000e+00
 9.40489e+02,  4.34839e-07, -2.27400e+03,  0.00000e+00
 9.41576e+02,  4.34839e-07, -2.27400e+03,  0.00000e+00
 9.42663e+02,  4.34839e-07, -2.27400e+03,  0.00000e+00
 9.43751e+02,  4.34839e-07, -2.27400e+03,  0.00000e+00
 9.44838e+02,  4.34839e-07, -2.27400e+03,  0.00000e+00
 9.45925e+02,  4.34839e-07, -2.27400e+03,  0.00000e+00
 9.47012e+02,  4.34839e-07, -2.27400e+03,  0.00000e+00
 9.48100e+02,  4.34839e-07, -2.27400e+03,  0.00000e+00
 9.49187e+02,  4.34839e-07, -2.27400e+03,  0.00000e+00
 9.50274e+02,  4.34839e-07, -2.27400e+03,  0.00000e+00
 9.51361e+02,  4.34839e-07, -2.27400e+03,  0.00000e+00
 9.52449e+02,  4.34839e-07, -2.27400e+03,  0.00000e+00
 9.53536e+02,  4.34839e-07, -2.27400e+03,  0.00000e+00
 9.54623e+02,  4.34839e-07, -2.27400e+03,  0.00000e+00
 9.55710e+02,  4.34839e-07, -2.27400e+03,  0.00000e+00
 9.56798e+02,  4.34839e-07, -2.27400e+03,  0.00000e+00
 9.57885e+02,  4.34839e-07, -2.27400e+03,  0.00000e+00
 9.58972e+02,  4.34839e-07, -2.27400e+03,  0.00000e+00
 9.60060e+02,  4.34839e-07, -2.27400e+03,  0.00000e+00
 9.61147e+02,  4.34839e-07, -2.27400e+03,  0.00000e+00
 9.62234e+02,  4.34839e-07, -2.27400e+03,  0.00000e+00
 9.63321e+02,  4.34839e-07, -2.27400e+03,  0.00000e+00
 9.64409e+02,  4.34839e-07, -2.27400e+03,  0.00000e+00
 9.65496e+02,  4.34839e-07, -2.27400e+03,  0.00000e+00
 9.66583e+02,  4.34839e-07, -2.27400e+03,  0.00000e+00
 9.67670e+02,  4.34839e-07, -2.27400e+03,  0.00000e+00
 9.68758e+02,  4.34839e-07, -2.27400e+03,  0.00000e+00
 9.69845e+02,  4.34839e-07, -2.27400e+03,  0.00000e+00
 9.70932e+02,  4.34839e-07, -2.27400e+03,  0.00000e+00
 9.72020e+02,  4.34839e-07, -2.27400e+03,  0.00000e+00
 9.73107e+02,  4.34839e-07, -2.27400e+03,  0.00000e+00
 9.74194e+02,  4.34839e-07, -2.27400e+03,  0.00000e+00
 9.75281e+02,  4.34839e-07, -2.27400e+03,  0.00000e+00
 9.76369e+02,  4.34839e-07, -2.27400e+03,  0.00000e+00
 9.77456e+02,  4.34839e-07, -2.27400e+03,  0.00000e+00
 9.78543e+02,  4.34839e-07, -2.27400e+03,  0.00000e+00
 9.79630e+02,  4.34839e-07, -2.27400e+03,  0.00000e+00
 9.80718e+02,  4.34839e-07, -2.27400e+03,  0.00000e+00
 9.81805e+02,  4.34839e-07, -2.27400e+03,  0.00000e+00
 9.82892e+02,  4.34839e-07, -2.27400e+03,  0.00000e+00
 9.83980e+02,  4.34839e-07, -2.27400e+03,  0.00000e+00
 9.85067e+02,  4.34839e-07, -2.27400e+03,  0.00000e+00
 9.86154e+02,  4.34839e-07, -2.27400e+03,  0.00000e+00
 9.87241e+02,  4.34839e-07, -2.27400e+03,  0.00000e+00
 9.88329e+02,  4.34839e-07, -2.27400e+03,  0.00000e+00
 9.89416e+02,  4.34839e-07, -2.27400e+03,  0.00000e+00
 9.90503e+02,  4.34839e-07, -2.27400e+03,  0.00000e+00
 9.91590e+02,  4.34839e-07, -2.27400e+03,  0.00000e+00
 9.92678e+02,  4.34839e-07, -2.27400e+03,  0.00000e+00
 9.93765e+02,  4.34839e-07, -2.27400e+03,  0.00000e+00
 9.94852e+02,  4.34839e-07, -2.27400e+03,  0.00000e+00
 9.95939e+02,  4.34839e-07, -2.27400e+03,  0.00000e+00
 9.97027e+02,  4.34839e-07, -2.27400e+03,  0.00000e+00
 9.98114e+02,  4.34839e-07, -2.27400e+03,  0.00000e+00
 9.99201e+02,  4.34839e-07, -2.27400e+03,  0.00000e+00